,Tipo esercizio,Ubicazione,Tipo via,Via,Civico,Codice via,Municipio,Attivita Primaria,Superficie altri usi,Superficie lavorativa,ACCONCIATORE,ESTETISTA,CENTRO ABBRONZATURA,TRATTAMENTO,TATUAGGI E PIERCING
33, (Z.D. 9),CSO,COMO,15,1111,9.0,ACCONCIATORE,,195.0,,False,False,False,False,False
208,ACCONCIATORE,ALZ NAVIGLIO PAVESE N. 52 ; (z.d. 6),ALZ,NAVIGLIO PAVESE,52,5161.0,6,,2.0,12.0,True,False,False,False,False
209,ACCONCIATORE,BST DI PORTA VOLTA N. 13 ; (z.d. 1),BST,DI PORTA VOLTA,13,1066.0,1,,,,True,False,False,False,False
211,ACCONCIATORE,CSO BUENOS AIRES N. 64 ; (z.d. 3),CSO,BUENOS AIRES,64,2129.0,3,,,57.0,True,False,False,False,False
212,ACCONCIATORE,CSO COLOMBO CRISTOFORO N. 8 ; (z.d. 6),CSO,COLOMBO CRISTOFORO,8,5114.0,6,,,41.0,True,False,False,False,False
213,ACCONCIATORE,CSO COLOMBO CRISTOFORO N. 9 ; (z.d. 6),CSO,COLOMBO CRISTOFORO,9,5114.0,6,,,25.0,True,False,False,False,False
214,ACCONCIATORE,CSO DI PORTA NUOVA N. 34 ; (z.d. 1),CSO,DI PORTA NUOVA,34,1044.0,1,,16.0,38.0,True,False,False,False,False
215,ACCONCIATORE,CSO DI PORTA ROMANA N. 117 piano t. e interrato; (z.d. 1),CSO,DI PORTA ROMANA,117,402.0,1,,,,True,False,False,False,False
216,ACCONCIATORE,CSO DI PORTA ROMANA N. 40 ; (z.d. 1),CSO,DI PORTA ROMANA,40,402.0,1,,,,True,False,False,False,False
217,ACCONCIATORE,CSO DI PORTA ROMANA N. 79 ; (z.d. 1),CSO,DI PORTA ROMANA,79,402.0,1,,,,True,False,False,False,False
218,ACCONCIATORE,CSO DI PORTA ROMANA N. 96 ; (z.d. 1),CSO,DI PORTA ROMANA,96,402.0,1,acconciatore.,,68.0,True,False,False,False,False
219,ACCONCIATORE,CSO DI PORTA VIGENTINA N. 40 ; (z.d. 1),CSO,DI PORTA VIGENTINA,40,4026.0,1,,,50.0,True,False,False,False,False
220,ACCONCIATORE,CSO DI PORTA VITTORIA N. 32 ; (z.d. 1),CSO,DI PORTA VITTORIA,32,3016.0,1,ACCONCIATORE,,49.0,True,False,False,False,False
221,ACCONCIATORE,CSO DI PORTA VITTORIA N. 58 ; (z.d. 1),CSO,DI PORTA VITTORIA,58,3016.0,1,,,53.0,True,False,False,False,False
222,ACCONCIATORE,CSO GARIBALDI GIUSEPPE N. 79 ; (z.d. 1),CSO,GARIBALDI GIUSEPPE,79,1010.0,1,,46.0,78.0,True,False,False,False,False
223,ACCONCIATORE,CSO GARIBALDI GIUSEPPE N. 81 ; (z.d. 1),CSO,GARIBALDI GIUSEPPE,81,1010.0,1,,,,True,False,False,False,False
224,ACCONCIATORE,CSO LODI N. 112 1ø piano; (z.d. 4),CSO,LODI,112,4068.0,4,,,,True,False,False,False,False
225,ACCONCIATORE,CSO LODI N. 24 ; (z.d. 5),CSO,LODI,24,4068.0,5,,,64.0,True,False,False,False,False
226,ACCONCIATORE,CSO LODI N. 93/1 (z.d. 4),CSO,LODI,93/1,4068.0,4,,,,True,False,False,False,False
227,ACCONCIATORE,CSO MAGENTA N. 87 ; (z.d. 1),CSO,MAGENTA,87,604.0,1,,8.0,26.0,True,False,False,False,False
228,ACCONCIATORE,CSO MONFORTE N. 16 ; (z.d. 1),CSO,MONFORTE,16,348.0,1,,,25.0,True,False,False,False,False
229,ACCONCIATORE,CSO VENEZIA N. 8 ; (z.d. 1),CSO,VENEZIA,8,238.0,1,ACCONCIATORE,14.0,81.0,True,False,False,False,False
230,ACCONCIATORE,CSO VENTIDUE MARZO N. 25 ; (z.d. 4),CSO,VENTIDUE MARZO,25,3074.0,4,,,,True,False,False,False,False
231,ACCONCIATORE,CSO VENTIDUE MARZO N. 5 ; (z.d. 4),CSO,VENTIDUE MARZO,5,3074.0,4,,,,True,False,False,False,False
232,ACCONCIATORE,CSO VITTORIO EMANUELE II N. 15 1ø piano; (z.d. 1),CSO,VITTORIO EMANUELE II,15,214.0,1,,,,True,False,False,False,False
233,ACCONCIATORE,CSO VITTORIO EMANUELE II N. 24 2øinterrato; (z.d. 1),CSO,VITTORIO EMANUELE II,24,214.0,1,,,42.0,True,False,False,False,False
234,ACCONCIATORE,CSO VITTORIO EMANUELE II N. 30 primo piano; (z.d. 1),CSO,VITTORIO EMANUELE II,30,214.0,1,,,40.0,True,False,False,False,False
235,ACCONCIATORE,FOR BUONAPARTE N. 55 ; (z.d. 1),FOR,BUONAPARTE,55,711.0,1,,,,True,False,False,False,False
236,ACCONCIATORE,FOR BUONAPARTE N. 63 ; (z.d. 1),FOR,BUONAPARTE,63,711.0,1,,,45.0,True,False,False,False,False
237,ACCONCIATORE,LGO DEI GELSOMINI N. 6 ; (z.d. 6),LGO,DEI GELSOMINI,6,5394.0,6,,5.0,15.0,True,False,False,False,False
238,ACCONCIATORE,LGO DELLA CROCETTA N. 2 ; (z.d. 1),LGO,DELLA CROCETTA,2,654.0,1,,,,True,False,False,False,False
239,ACCONCIATORE,LGO MURANI ORESTE N. 2 ingr. via caruso; (z.d. 3),LGO,MURANI ORESTE,2,3234.0,3,,,,True,False,False,False,False
240,ACCONCIATORE,LGO PROMESSI SPOSI N. 7 ; (z.d. 5),LGO,PROMESSI SPOSI,7,5415.0,5,,,,True,False,False,False,False
241,ACCONCIATORE,LGO TOSCANINI ARTURO N. 1 ; (z.d. 1),LGO,TOSCANINI ARTURO,1,97.0,1,,,55.0,True,False,False,False,False
242,ACCONCIATORE,LGO VULCI N. 5 ; (z.d. 9),LGO,VULCI,5,1339.0,9,,,28.0,True,False,False,False,False
244,ACCONCIATORE,PLE BAIAMONTI ANTONIO N. 1 con ingresso in via p. sarpi; (z.d. 8),PLE,BAIAMONTI ANTONIO,1,7235.0,8,,,,True,False,False,False,False
245,ACCONCIATORE,PLE CUOCO VINCENZO N. 5 ; (z.d. 4),PLE,CUOCO VINCENZO,5,3163.0,4,,,70.0,True,False,False,False,False
246,ACCONCIATORE,PLE F.LLI ZAVATTARI N. 4 ; (z.d. 7),PLE,F.LLI ZAVATTARI,4,6537.0,7,,,49.0,True,False,False,False,False
247,ACCONCIATORE,PLE GAMBARA VERONICA N. 5 ; (z.d. 7),PLE,GAMBARA VERONICA,5,6593.0,7,,,,True,False,False,False,False
249,ACCONCIATORE,PLE MACIACHINI CARLO N. 1 ; (z.d. 9),PLE,MACIACHINI CARLO,1,1361.0,9,,,36.0,True,False,False,False,False
248,ACCONCIATORE,PLE MACIACHINI CARLO N. 1 con ingresso v.c.farini; (z.d. 9),PLE,MACIACHINI CARLO,1,1361.0,9,,,,True,False,False,False,False
250,ACCONCIATORE,PLE MARTESANA N. 4 ; (z.d. 2),PLE,MARTESANA,4,2707.0,2,ACCONCIATORE,,,True,False,False,False,False
251,ACCONCIATORE,PLE NIGRA COSTANTINO N. 6 ; (z.d. 9),PLE,NIGRA COSTANTINO,6,1236.0,9,,,45.0,True,False,False,False,False
252,ACCONCIATORE,PLE SIENA N. 8 ; (z.d. 7),PLE,SIENA,8,6616.0,7,,10.0,24.0,True,False,False,False,False
253,ACCONCIATORE,PZA ARGENTINA N. 4 ; (z.d. 3),PZA,ARGENTINA,4,2233.0,3,,,33.0,True,False,False,False,False
254,ACCONCIATORE,PZA ASPROMONTE N. 35 ; (z.d. 3),PZA,ASPROMONTE,35,2246.0,3,,,49.0,True,False,False,False,False
255,ACCONCIATORE,PZA CAIAZZO N. 2 ingresso via gaffurio; (z.d. 3),PZA,CAIAZZO,2,2259.0,3,,,32.0,True,False,False,False,False
256,ACCONCIATORE,PZA DE ANGELI ERNESTO N. 3 ; (z.d. 7),PZA,DE ANGELI ERNESTO,3,6276.0,7,,24.0,52.0,True,False,False,False,False
257,ACCONCIATORE,PZA DEI VOLONTARI N. 3 ; (z.d. 1),PZA,DEI VOLONTARI,3,7143.0,1,,,53.0,True,False,False,False,False
258,ACCONCIATORE,PZA DELLA TRIVULZIANA N. 1 ; (z.d. 9),PZA,DELLA TRIVULZIANA,1,1765.0,9,,,,True,False,False,False,False
259,ACCONCIATORE,PZA DERGANO N. 2 altro locale; (z.d. 9),PZA,DERGANO,2,1500.0,9,,,,True,False,False,False,False
260,ACCONCIATORE,PZA DERGANO N. 9 ; (z.d. 9),PZA,DERGANO,9,1500.0,9,,,63.0,True,False,False,False,False
261,ACCONCIATORE,PZA GUARDI FRANCESCO N. 4 ; (z.d. 3),PZA,GUARDI FRANCESCO,4,3312.0,3,,,,True,False,False,False,False
262,ACCONCIATORE,PZA IMPERATORE TITO N. 8 ; (z.d. 4),PZA,IMPERATORE TITO,8,3216.0,4,,,25.0,True,False,False,False,False
263,ACCONCIATORE,PZA INSUBRIA N. 10 ; (z.d. 4),PZA,INSUBRIA,10,3221.0,4,,,42.0,True,False,False,False,False
264,ACCONCIATORE,PZA MIANI GUGLIELMO N. 5 ; (z.d. 6),PZA,MIANI GUGLIELMO,5,5308.0,6,,,,True,False,False,False,False
265,ACCONCIATORE,PZA MONTE FALTERONA N. 3 ; (z.d. 7),PZA,MONTE FALTERONA,3,6558.0,7,,,52.0,True,False,False,False,False
266,ACCONCIATORE,PZA NAPOLI N. 19 ; (z.d. 6),PZA,NAPOLI,19,5131.0,6,,,25.0,True,False,False,False,False
267,ACCONCIATORE,PZA NAPOLI N. 7 ; (z.d. 6),PZA,NAPOLI,7,5131.0,6,,,,True,False,False,False,False
268,ACCONCIATORE,PZA QUATTRO NOVEMBRE N. 6 piano rialzato; (z.d. 2),PZA,QUATTRO NOVEMBRE,6,1199.0,2,,,84.0,True,False,False,False,False
269,ACCONCIATORE,PZA SAN GIUSEPPE N. 9 ; (z.d. 9),PZA,SAN GIUSEPPE,9,1442.0,9,,,40.0,True,False,False,False,False
270,ACCONCIATORE,PZA SAN LUIGI N. 5 ; (z.d. 4),PZA,SAN LUIGI,5,4145.0,4,ACCONCIATORE,,70.0,True,False,False,False,False
271,ACCONCIATORE,PZA SCOLARI ROSA N. 1 ; (z.d. 8),PZA,SCOLARI ROSA,1,6579.0,8,,,20.0,True,False,False,False,False
272,ACCONCIATORE,PZA SIGMUND FREUD N. 1 int. staz. p.ta garibaldi; (z.d. 9),PZA,SIGMUND FREUD,1,1705.0,9,,,,True,False,False,False,False
273,ACCONCIATORE,PZA VIGILI DEL FUOCO N. 8 ; (z.d. 3),PZA,VIGILI DEL FUOCO,8,2710.0,3,,,,True,False,False,False,False
274,ACCONCIATORE,VIA AGNELLO N. 18 ; (z.d. 1),VIA,AGNELLO,18,209.0,1,,,100.0,True,False,False,False,False
275,ACCONCIATORE,VIA ALBANI FRANCESCO N. 63 ; (z.d. 8),VIA,ALBANI FRANCESCO,63,6399.0,8,,3.0,33.0,True,False,False,False,False
276,ACCONCIATORE,VIA ALBERTO DA GIUSSANO N. 1 ; (z.d. 7),VIA,ALBERTO DA GIUSSANO,1,6188.0,7,,5.0,26.0,True,False,False,False,False
277,ACCONCIATORE,VIA ALBRICCI ALBERICO N. 10 ; (z.d. 1),VIA,ALBRICCI ALBERICO,10,337.0,1,,,98.0,True,False,False,False,False
278,ACCONCIATORE,VIA ALDINI ANTONIO N. 47 ; (z.d. 8),VIA,ALDINI ANTONIO,47,7461.0,8,,,26.0,True,False,False,False,False
279,ACCONCIATORE,VIA ALTAMURA SAVERIO N. 17 ; (z.d. 7),VIA,ALTAMURA SAVERIO,17,6576.0,7,,,,True,False,False,False,False
280,ACCONCIATORE,VIA ALTAMURA SAVERIO N. 7 ; (z.d. 5),VIA,ALTAMURA SAVERIO,7,6576.0,7,,,,True,False,False,False,False
281,ACCONCIATORE,VIA AMADEO GIAN ANTONIO N. 24 ; (z.d. 3),VIA,AMADEO GIAN ANTONIO,24,3228.0,3,,,,True,False,False,False,False
282,ACCONCIATORE,VIA AMEDEI N. 3 ; (z.d. 1),VIA,AMEDEI,3,529.0,1,,,53.0,True,False,False,False,False
283,ACCONCIATORE,VIA AMPERE ANDREA MARIA N. 123 ; (z.d. 3),VIA,AMPERE ANDREA MARIA,123,2428.0,3,,1.0,32.0,True,False,False,False,False
284,ACCONCIATORE,VIA ANGUISSOLA SOFONISBA N. 31 ; (z.d. 7),VIA,ANGUISSOLA SOFONISBA,31,6609.0,7,,,31.0,True,False,False,False,False
285,ACCONCIATORE,VIA ANTONELLO DA MESSINA N. 22 ; (z.d. 7),VIA,ANTONELLO DA MESSINA,22,6594.0,7,,7.0,25.0,True,False,False,False,False
286,ACCONCIATORE,VIA APPENNINI num.077h; (z.d. 8),VIA,APPENNINI,,7514.0,8,,,,True,False,False,False,False
287,ACCONCIATORE,VIA ARBE N. 33 ; (z.d. 2),VIA,ARBE,33,1352.0,2,,,,True,False,False,False,False
288,ACCONCIATORE,VIA ARESE FRANCESCO N. 20 ingresso su v.thaon de revel 9; (z.d. 9),VIA,ARESE FRANCESCO,20,1186.0,9,,,,True,False,False,False,False
289,ACCONCIATORE,VIA ARGELATI FILIPPO N. 1 ; (z.d. 6),VIA,ARGELATI FILIPPO,1,5152.0,6,,,,True,False,False,False,False
290,ACCONCIATORE,VIA ARIMONDI GIUSEPPE N. 11 ; (z.d. 8),VIA,ARIMONDI GIUSEPPE,11,7179.0,8,,,,True,False,False,False,False
291,ACCONCIATORE,VIA ARIOSTO LODOVICO N. 27 ; (z.d. 1),VIA,ARIOSTO LODOVICO,27,6184.0,1,,,51.0,True,False,False,False,False
292,ACCONCIATORE,VIA ARSIA N. 7 (z.d. 8),VIA,ARSIA,7,7472.0,8,acconciatore,,20.0,True,False,False,False,False
293,ACCONCIATORE,VIA ASELLI GASPARE N. 20 ; (z.d. 3),VIA,ASELLI GASPARE,20,3167.0,3,,,,True,False,False,False,False
294,ACCONCIATORE,VIA ASELLI GASPARE N. 26 ; (z.d. 3),VIA,ASELLI GASPARE,26,3167.0,3,,,,True,False,False,False,False
295,ACCONCIATORE,VIA ASELLI GASPARE N. 5 ; (z.d. 3),VIA,ASELLI GASPARE,5,3167.0,3,,,,True,False,False,False,False
296,ACCONCIATORE,VIA BAINSIZZA N. 2 ingresso da v.le col di lana; (z.d. 5),VIA,BAINSIZZA,2,5213.0,5,,,,True,False,False,False,False
297,ACCONCIATORE,VIA BARONI COSTANTINO N. 242 ; (z.d. 5),VIA,BARONI COSTANTINO,242,5422.0,5,,,,True,False,False,False,False
298,ACCONCIATORE,VIA BARRILI  ANTON GIULIO N. 24 ; (z.d. 5),VIA,BARRILI  ANTON GIULIO,24,5324.0,5,,1.0,21.0,True,False,False,False,False
299,ACCONCIATORE,VIA BATTISTI CESARE N. 21 ; (z.d. 1),VIA,BATTISTI CESARE,21,3019.0,1,,,,True,False,False,False,False
300,ACCONCIATORE,VIA BECCARIA CESARE N. 5 ; (z.d. 1),VIA,BECCARIA CESARE,5,307.0,1,,1.0,22.0,True,False,False,False,False
301,ACCONCIATORE,VIA BELLEZZA GIOVANNI N. 1 ; (z.d. 5),VIA,BELLEZZA GIOVANNI,1,4067.0,5,,,39.0,True,False,False,False,False
302,ACCONCIATORE,VIA BELLINI GENTILE N. 10 ; (z.d. 6),VIA,BELLINI GENTILE,10,5387.0,6,,,30.0,True,False,False,False,False
303,ACCONCIATORE,VIA BERGOGNONE AMBROGIO DA FOSSANO N. 31 ; (z.d. 6),VIA,BERGOGNONE AMBROGIO DA FOSSANO,31,5130.0,6,,,,True,False,False,False,False
304,ACCONCIATORE,VIA BERRA DOMENICO N. 3 ; (z.d. 2),VIA,BERRA DOMENICO,3,2526.0,2,,,26.0,True,False,False,False,False
305,ACCONCIATORE,VIA BERTOLAZZI CARLO N. 20 ; (z.d. 3),VIA,BERTOLAZZI CARLO,20,2662.0,3,,,,True,False,False,False,False
306,ACCONCIATORE,VIA BESSARIONE N. 42 ; (z.d. 4),VIA,BESSARIONE,42,4152.0,4,,,52.0,True,False,False,False,False
307,ACCONCIATORE,VIA BETTI UGO N. 46D num.046d; (z.d. 8),VIA,BETTI UGO,46D,7517.0,8,ACCONCIATORE,6.0,33.0,True,False,False,False,False
308,ACCONCIATORE,VIA BETTI UGO num.161a; (z.d. 8),VIA,BETTI UGO,,7517.0,8,,6.0,23.0,True,False,False,False,False
309,ACCONCIATORE,VIA BIANCHI MOSE' N. 11 ; (z.d. 7),VIA,BIANCHI MOSE',11,6385.0,7,,,28.0,True,False,False,False,False
310,ACCONCIATORE,VIA BIELLA N. 20 1 locale; (z.d. 6),VIA,BIELLA,20,5305.0,6,,,39.0,True,False,False,False,False
311,ACCONCIATORE,VIA BIGLI N. 28 ; (z.d. 1),VIA,BIGLI,28,224.0,1,,,36.0,True,False,False,False,False
312,ACCONCIATORE,VIA BIONDELLI BERNARDINO N. 1 (z.d. 5),VIA,BIONDELLI BERNARDINO,1,4236.0,5,,,48.0,True,False,False,False,False
313,ACCONCIATORE,VIA BIUMI PAOLO GEROLAMO N. 18 ; (z.d. 2),VIA,BIUMI PAOLO GEROLAMO,18,2465.0,2,,5.0,28.0,True,False,False,False,False
314,ACCONCIATORE,VIA BOBBIO N. 2 ; (z.d. 6),VIA,BOBBIO,2,5107.0,6,,12.0,13.0,True,False,False,False,False
315,ACCONCIATORE,VIA BOIARDO MATTEO MARIA N. 22 ; (z.d. 2),VIA,BOIARDO MATTEO MARIA,22,2323.0,2,,,29.0,True,False,False,False,False
316,ACCONCIATORE,VIA BOIFAVA PIETRO N. 80 ; (z.d. 5),VIA,BOIFAVA PIETRO,80,5341.0,5,,2.0,23.0,True,False,False,False,False
317,ACCONCIATORE,VIA BOIFAVA PIETRO num.006c; (z.d. 5),VIA,BOIFAVA PIETRO,,5341.0,5,,7.0,20.0,True,False,False,False,False
318,ACCONCIATORE,VIA BOLZANO N. 6 ; (z.d. 2),VIA,BOLZANO,6,2312.0,2,,10.0,20.0,True,False,False,False,False
319,ACCONCIATORE,VIA BOVISASCA num.173; (z.d. 9),VIA,FERMIGNANO,,1607.0,9,,,,True,False,False,False,False
320,ACCONCIATORE,VIA BRIZI EUGENIO N. 1 ; (z.d. 4),VIA,BRIZI EUGENIO,1,4186.0,4,,,14.0,True,False,False,False,False
321,ACCONCIATORE,VIA BRUNO CASSINARI N. 1 (z.d. 4),VIA,BRUNO CASSINARI,1,4386.0,4,,,55.0,True,False,False,False,False
322,ACCONCIATORE,VIA BRUSUGLIO N. 67 ; (z.d. 9),VIA,BRUSUGLIO,67,1550.0,9,,,55.0,True,False,False,False,False
323,ACCONCIATORE,VIA CABELLA BARTOLOMEO N. 21 ; (z.d. 7),VIA,CABELLA BARTOLOMEO,21,6778.0,7,,16.0,24.0,True,False,False,False,False
324,ACCONCIATORE,VIA CADORE N. 21 ; (z.d. 4),VIA,CADORE,21,3077.0,4,,,62.0,True,False,False,False,False
325,ACCONCIATORE,VIA CADORE N. 39 ; (z.d. 4),VIA,CADORE,39,3077.0,4,,,,True,False,False,False,False
326,ACCONCIATORE,VIA CALIFORNIA N. 2 ; (z.d. 7),VIA,CALIFORNIA,2,6101.0,7,,,65.0,True,False,False,False,False
327,ACCONCIATORE,VIA CALVAIRATE N. 1 angolo viale molise; (z.d. 4),VIA,CALVAIRATE,1,3225.0,4,,,,True,False,False,False,False
328,ACCONCIATORE,VIA CALVI PIETRO p.t.acconciatore num.003a; (z.d. 4),VIA,CALVI PIETRO,,3083.0,4,,5.0,193.0,True,False,False,False,False
329,ACCONCIATORE,VIA CAMPERIO MANFREDO N. 17 ; (z.d. 1),VIA,CAMPERIO MANFREDO,17,610.0,1,,,50.0,True,False,False,False,False
330,ACCONCIATORE,VIA CANDIANI GIUSEPPE N. 98 ; (z.d. 9),VIA,CANDIANI GIUSEPPE,98,1242.0,9,,,30.0,True,False,False,False,False
331,ACCONCIATORE,VIA CANONICA LUIGI N. 59 ; (z.d. 1),VIA,CANONICA LUIGI,59,7121.0,1,ACCONCIATORE,2.0,48.0,True,False,False,False,False
332,ACCONCIATORE,VIA CANOVA ANTONIO N. 1 ; (z.d. 1),VIA,CANOVA ANTONIO,1,7238.0,1,,,65.0,True,False,False,False,False
333,ACCONCIATORE,VIA CAPECELATRO ALFONSO N. 14 ; (z.d. 7),VIA,CAPECELATRO ALFONSO,14,6575.0,7,acconciatore,,36.0,True,False,False,False,False
334,ACCONCIATORE,VIA CAPRI N. 21 ; (z.d. 7),VIA,CAPRI,21,6761.0,7,,,,True,False,False,False,False
335,ACCONCIATORE,VIA CAPSONI SIRO N. 11 ; (z.d. 9),VIA,CAPSONI SIRO,11,1652.0,9,,,,True,False,False,False,False
336,ACCONCIATORE,VIA CARABELLI RODOLFO N. 1 ; (z.d. 4),VIA,CARABELLI RODOLFO,1,4096.0,4,,16.0,16.0,True,False,False,False,False
337,ACCONCIATORE,VIA CARDUCCI GIOSUE' N. 12 ; (z.d. 1),VIA,CARDUCCI GIOSUE',12,602.0,1,acconciatore,,46.0,True,False,False,False,False
338,ACCONCIATORE,VIA CARLI GIAN RINALDO N. 39 ; (z.d. 9),VIA,CARLI GIAN RINALDO,39,1563.0,9,,2.0,18.0,True,False,False,False,False
339,ACCONCIATORE,VIA CARNEVALI ANTONIO N. 11 ; (z.d. 9),VIA,CARNEVALI ANTONIO,11,1268.0,9,,,,True,False,False,False,False
340,ACCONCIATORE,VIA CAROZZI GIUSEPPE N. 18 ; (z.d. 6),VIA,CAROZZI GIUSEPPE,18,6661.0,6,,2.0,35.0,True,False,False,False,False
341,ACCONCIATORE,VIA CASATI FELICE N. 25 ; (z.d. 2),VIA,CASATI FELICE,25,2122.0,2,,,48.0,True,False,False,False,False
342,ACCONCIATORE,VIA CASELLA GIOVANNI BATTISTA N. 37 con ingresso da v.le espinasse; (z.d. 8),VIA,CASELLA GIOVANNI BATTISTA,37,7382.0,8,,,40.0,True,False,False,False,False
343,ACCONCIATORE,VIA CASORETTO N. 43 ; (z.d. 3),VIA,CASORETTO,43,2420.0,3,,,,True,False,False,False,False
344,ACCONCIATORE,VIA CASSINIS GIOVANNI BATTISTA N. 23 interno; (z.d. 4),VIA,CASSINIS GIOVANNI BATTISTA,23,4309.0,4,,,,True,False,False,False,False
345,ACCONCIATORE,VIA CASTALDI PANFILO N. 21 ; (z.d. 3),VIA,CASTALDI PANFILO,21,2119.0,3,,,,True,False,False,False,False
346,ACCONCIATORE,VIA CASTALDI PANFILO N. 29 ; (z.d. 3),VIA,CASTALDI PANFILO,29,2119.0,3,,,55.0,True,False,False,False,False
347,ACCONCIATORE,VIA CASTALDI PANFILO N. 37 ; (z.d. 3),VIA,CASTALDI PANFILO,37,2119.0,3,,,58.0,True,False,False,False,False
348,ACCONCIATORE,VIA CASTALDI PANFILO N. 42 ; (z.d. 3),VIA,CASTALDI PANFILO,42,2119.0,3,,,,True,False,False,False,False
349,ACCONCIATORE,VIA CAVALERI LUDOVICO N. 1 ; (z.d. 6),VIA,CAVALERI LUDOVICO,1,6845.0,6,,,,True,False,False,False,False
350,ACCONCIATORE,VIA CAVALLOTTI FELICE N. 13 ; (z.d. 1),VIA,CAVALLOTTI FELICE,13,312.0,1,,7.0,56.0,True,False,False,False,False
351,ACCONCIATORE,VIA CELIO N. 2 ; (z.d. 7),VIA,CELIO,2,6623.0,7,,,60.0,True,False,False,False,False
352,ACCONCIATORE,VIA CENISIO N. 61 ; (z.d. 8),VIA,CENISIO,61,7184.0,8,,,36.0,True,False,False,False,False
353,ACCONCIATORE,VIA CENISIO N. 83 ; (z.d. 8),VIA,CENISIO,83,7184.0,8,,,,True,False,False,False,False
354,ACCONCIATORE,VIA CESARE DA SESTO N. 20 ; (z.d. 1),VIA,CESARE DA SESTO,20,5101.0,1,,,29.0,True,False,False,False,False
355,ACCONCIATORE,VIA CHAVEZ GIORGIO N. 1 ; (z.d. 2),VIA,CHAVEZ GIORGIO,1,2365.0,2,,,,True,False,False,False,False
356,ACCONCIATORE,VIA CHIARELLI LUIGI N. 10 interno m.c.c.; (z.d. 8),VIA,CHIARELLI LUIGI,10,7519.0,8,,,,True,False,False,False,False
357,ACCONCIATORE,VIA CHIESE N. 60 ; (z.d. 9),VIA,CHIESE,60,1627.0,9,,,,True,False,False,False,False
358,ACCONCIATORE,VIA CHOPIN FEDERICO N. 50 ; (z.d. 5),VIA,CHOPIN FEDERICO,50,4297.0,5,,,,True,False,False,False,False
359,ACCONCIATORE,VIA CIARDI GUGLIELMO N. 25 ; (z.d. 7),VIA,CIARDI GUGLIELMO,25,6574.0,7,,,34.0,True,False,False,False,False
360,ACCONCIATORE,VIA CICERI VISCONTI LAURA N. 2 ; (z.d. 4),VIA,CICERI VISCONTI LAURA,2,3220.0,4,,,50.0,True,False,False,False,False
361,ACCONCIATORE,VIA CICOGNA MOZZONI CARLO N. 23 ; (z.d. 9),VIA,CICOGNA MOZZONI CARLO,23,1676.0,9,,,,True,False,False,False,False
362,ACCONCIATORE,VIA CIVITALI MATTEO N. 7 (z.d. 7),VIA,CIVITALI MATTEO,7,6569.0,7,,,37.0,True,False,False,False,False
363,ACCONCIATORE,VIA COLA DI RIENZO N. 44 con ingresso via trezzo d'adda; (z.d. 6),VIA,COLA DI RIENZO,44,6094.0,6,,3.0,33.0,True,False,False,False,False
364,ACCONCIATORE,VIA COLONNA MARCO ANTONIO N. 14 ; (z.d. 8),VIA,COLONNA MARCO ANTONIO,14,7158.0,8,,,30.0,True,False,False,False,False
365,ACCONCIATORE,VIA COLONNA VITTORIA N. 8 ; (z.d. 7),VIA,COLONNA VITTORIA,8,6284.0,7,,,34.0,True,False,False,False,False
366,ACCONCIATORE,VIA COLUMELLA LUCIO GIUNIO N. 40 piano t. e seminterrato; (z.d. 2),VIA,COLUMELLA LUCIO GIUNIO,40,2399.0,2,,,,True,False,False,False,False
367,ACCONCIATORE,VIA CONCILIO VATICANO II N. 3 ; (z.d. 8),VIA,CONCILIO VATICANO II,3,7356.0,8,,,,True,False,False,False,False
368,ACCONCIATORE,VIA CONSOLE MARCELLO num.0181; (z.d. 8),VIA,SILVA GUGLIELMO,49,6400.0,8,,,52.0,True,False,False,False,False
369,ACCONCIATORE,VIA CORRENTI CESARE N. 22 ; (z.d. 1),VIA,CORRENTI CESARE,22,555.0,1,,,47.0,True,False,False,False,False
370,ACCONCIATORE,VIA CORRENTI CESARE N. 26 ; (z.d. 1),VIA,CORRENTI CESARE,26,555.0,1,,,21.0,True,False,False,False,False
371,ACCONCIATORE,VIA COSTA ANDREA N. 4 ; (z.d. 3),VIA,COSTA ANDREA,4,2276.0,3,,,36.0,True,False,False,False,False
372,ACCONCIATORE,VIA COSTANZA N. 3 ; (z.d. 7),VIA,COSTANZA,3,6237.0,7,,3.0,74.0,True,False,False,False,False
373,ACCONCIATORE,VIA COTTOLENGO SAN GIUSEPPE N. 12 ; (z.d. 6),VIA,COTTOLENGO SAN GIUSEPPE,12,5375.0,6,,,,True,False,False,False,False
374,ACCONCIATORE,VIA CREMA N. 21 ; (z.d. 5),VIA,CREMA,21,4061.0,5,,,,True,False,False,False,False
375,ACCONCIATORE,VIA CRESCENZAGO N. 13 ; (z.d. 3),VIA,CRESCENZAGO,13,2396.0,3,,2.0,20.0,True,False,False,False,False
376,ACCONCIATORE,VIA CRESCENZAGO N. 36 ; (z.d. 3),VIA,CRESCENZAGO,36,2396.0,3,,,26.0,True,False,False,False,False
377,ACCONCIATORE,VIA CRESPI PIETRO N. 13 ; (z.d. 2),VIA,CRESPI PIETRO,13,2296.0,2,,15.0,17.0,True,False,False,False,False
378,ACCONCIATORE,VIA D'ADDA CARLO N. 13 ; (z.d. 6),VIA,D'ADDA CARLO,13,5272.0,6,,12.0,12.0,True,False,False,False,False
379,ACCONCIATORE,VIA D'ADDA CARLO num.001a; (z.d. 6),VIA,D'ADDA CARLO,,5272.0,6,,9.0,30.0,True,False,False,False,False
381,ACCONCIATORE,VIA DAL RE MARCANTONIO N. 2 ; (z.d. 8),VIA,DAL RE MARCANTONIO,2,7381.0,8,,,52.0,True,False,False,False,False
380,ACCONCIATORE,VIA DALL'ONGARO FRANCESCO N. 2 ; (z.d. 4),VIA,DALL'ONGARO FRANCESCO,2,3287.0,4,,2.0,28.0,True,False,False,False,False
382,ACCONCIATORE,VIA DE AMICIS EDMONDO N. 36 ; (z.d. 1),VIA,DE AMICIS EDMONDO,36,574.0,1,,,28.0,True,False,False,False,False
383,ACCONCIATORE,VIA DE AMICIS EDMONDO N. 61 ; (z.d. 1),VIA,DE AMICIS EDMONDO,61,574.0,1,,,,True,False,False,False,False
384,ACCONCIATORE,VIA DE CRISTOFORIS CARLO N. 2 ; (z.d. 9),VIA,DE CRISTOFORIS CARLO,2,1120.0,9,,,,True,False,False,False,False
385,ACCONCIATORE,VIA DE FILIPPI FILIPPO N. 4 con ingr. in via broggi; (z.d. 3),VIA,DE FILIPPI FILIPPO,4,2159.0,3,ACCONCIATORE,,,True,False,False,False,False
405,ACCONCIATORE,VIA DE MARCHI EMILIO N. 3 ; (z.d. 2),VIA,DE MARCHI EMILIO,3,1418.0,2,,,55.0,True,False,False,False,False
406,ACCONCIATORE,VIA DE MARTINO EMILIO N. 1 ; (z.d. 9),VIA,DE MARTINO EMILIO,1,1693.0,9,,,34.0,True,False,False,False,False
386,ACCONCIATORE,VIA DEGLI IMBRIANI N. 25 al piano rialzato; (z.d. 9),VIA,DEGLI IMBRIANI,25,1266.0,9,,,,True,False,False,False,False
387,ACCONCIATORE,VIA DEGLI IMBRIANI N. 31 ; (z.d. 9),VIA,DEGLI IMBRIANI,31,1266.0,9,,,20.0,True,False,False,False,False
388,ACCONCIATORE,VIA DEI MARTINITT N. 3 ; (z.d. 7),VIA,DEI MARTINITT,3,6336.0,7,,,45.0,True,False,False,False,False
389,ACCONCIATORE,VIA DEI TRANSITI N. 1 ; (z.d. 2),VIA,DEI TRANSITI,1,2284.0,2,,,35.0,True,False,False,False,False
390,ACCONCIATORE,VIA DEI TULIPANI N. 2 ; (z.d. 6),VIA,DEI TULIPANI,2,6713.0,6,,,40.0,True,False,False,False,False
391,ACCONCIATORE,VIA DEL FANTE COSIMO N. 6 ; (z.d. 1),VIA,DEL FANTE COSIMO,6,5192.0,1,,,,True,False,False,False,False
404,ACCONCIATORE,VIA DEL VECCHIO POLITECNICO N. 4 int.palestra down town; (z.d. 1),VIA,DEL VECCHIO POLITECNICO,4,2101.0,1,,,,True,False,False,False,False
397,ACCONCIATORE,VIA DELL' ASSUNTA N. 3 ; (z.d. 5),VIA,DELL' ASSUNTA,3,4274.0,5,,,95.0,True,False,False,False,False
392,ACCONCIATORE,VIA DELLA CAPINERA N. 5 ; (z.d. 6),VIA,DELLA CAPINERA,5,6659.0,6,,,,True,False,False,False,False
393,ACCONCIATORE,VIA DELLA FERRERA N. 18 num.018; (z.d. 6),VIA,DELLA FERRERA,18,5451.0,6,,,34.0,True,False,False,False,False
394,ACCONCIATORE,VIA DELLA MOSCOVA N. 10 ; (z.d. 1),VIA,DELLA MOSCOVA,10,1016.0,1,,8.0,60.0,True,False,False,False,False
395,ACCONCIATORE,VIA DELLA MOSCOVA N. 9 ; (z.d. 1),VIA,DELLA MOSCOVA,9,1016.0,1,,2.0,17.0,True,False,False,False,False
396,ACCONCIATORE,VIA DELLA SPIGA N. 2 ; (z.d. 1),VIA,DELLA SPIGA,2,226.0,1,,,,True,False,False,False,False
398,ACCONCIATORE,VIA DELLE BETULLE N. 34 ; (z.d. 7),VIA,DELLE BETULLE,34,6828.0,7,,,,True,False,False,False,False
399,ACCONCIATORE,VIA DELLE FORZE ARMATE N. 246 ; (z.d. 7),VIA,DELLE FORZE ARMATE,246,6643.0,7,,,49.0,True,False,False,False,False
401,ACCONCIATORE,VIA DELLE FORZE ARMATE N. 3 ; (z.d. 7),VIA,DELLE FORZE ARMATE,3,6643.0,7,,,36.0,True,False,False,False,False
400,ACCONCIATORE,VIA DELLE FORZE ARMATE N. 326 ; (z.d. 7),VIA,DELLE FORZE ARMATE,326,6643.0,7,,,,True,False,False,False,False
402,ACCONCIATORE,VIA DELLE FORZE ARMATE N. 407 ; (z.d. 7),VIA,DELLE FORZE ARMATE,407,6643.0,7,,,,True,False,False,False,False
403,ACCONCIATORE,VIA DELLE FORZE ARMATE N. 410 ang. via ceriani n. 6; (z.d. 7),VIA,DELLE FORZE ARMATE,410,6643.0,7,,4.0,32.0,True,False,False,False,False
407,ACCONCIATORE,VIA DERNA N. 9 ; (z.d. 2),VIA,DERNA,9,2376.0,2,,,46.0,True,False,False,False,False
408,ACCONCIATORE,VIA DESIDERIO DA SETTIGNANO N. 3 ; (z.d. 8),VIA,DESIDERIO DA SETTIGNANO,3,6395.0,8,,,,True,False,False,False,False
409,ACCONCIATORE,VIA DEZZA GIUSEPPE N. 24 ; (z.d. 7),VIA,DEZZA GIUSEPPE,24,6108.0,7,,,30.0,True,False,False,False,False
410,ACCONCIATORE,VIA DOMENICHINO N. 2 ; (z.d. 7),VIA,DOMENICHINO,2,6383.0,7,,,,True,False,False,False,False
411,ACCONCIATORE,VIA DONATELLO N. 27 ; (z.d. 3),VIA,DONATELLO,27,2214.0,3,,,18.0,True,False,False,False,False
412,ACCONCIATORE,VIA DONATELLO N. 32 ; (z.d. 3),VIA,DONATELLO,32,2214.0,3,,,37.0,True,False,False,False,False
413,ACCONCIATORE,VIA EMO ANGELO N. 2 ; (z.d. 2),VIA,EMO ANGELO,2,2518.0,2,,,30.0,True,False,False,False,False
414,ACCONCIATORE,VIA EUSTACHI BARTOLOMEO N. 24 ; (z.d. 3),VIA,EUSTACHI BARTOLOMEO,24,2165.0,3,,,,True,False,False,False,False
415,ACCONCIATORE,VIA EUSTACHI BARTOLOMEO N. 8 ; (z.d. 3),VIA,EUSTACHI BARTOLOMEO,8,2165.0,3,ACCONCIATORE,,16.0,True,False,False,False,False
430,ACCONCIATORE,VIA F.LLI BRONZETTI N. 25 int. 1ø piano; (z.d. 4),VIA,F.LLI BRONZETTI,25,3089.0,4,,,90.0,True,False,False,False,False
416,ACCONCIATORE,VIA FAA' DI BRUNO EMILIO N. 14 ; (z.d. 4),VIA,FAA' DI BRUNO EMILIO,14,4095.0,4,,,,True,False,False,False,False
417,ACCONCIATORE,VIA FAA' DI BRUNO EMILIO N. 5 ; (z.d. 4),VIA,FAA' DI BRUNO EMILIO,5,4095.0,4,,,35.0,True,False,False,False,False
418,ACCONCIATORE,VIA FARA GUSTAVO N. 14 ; (z.d. 2),VIA,FARA GUSTAVO,14,1183.0,2,,,74.0,True,False,False,False,False
419,ACCONCIATORE,VIA FARA GUSTAVO N. 5 ; (z.d. 9),VIA,FARA GUSTAVO,5,1183.0,9,,,22.0,True,False,False,False,False
420,ACCONCIATORE,VIA FARINI CARLO N. 80 ; (z.d. 9),VIA,FARINI CARLO,80,1114.0,9,,,,True,False,False,False,False
421,ACCONCIATORE,VIA FARUFFINI FEDERICO N. 11 ; (z.d. 7),VIA,FARUFFINI FEDERICO,11,6286.0,7,,,30.0,True,False,False,False,False
422,ACCONCIATORE,VIA FATEBENEFRATELLI N. 15 ; (z.d. 1),VIA,FATEBENEFRATELLI,15,144.0,1,,8.0,52.0,True,False,False,False,False
423,ACCONCIATORE,VIA FAUCHE' GIOVANNI BATTISTA N. 24 ; (z.d. 8),VIA,FAUCHE' GIOVANNI BATTISTA,24,7192.0,8,,,25.0,True,False,False,False,False
424,ACCONCIATORE,VIA FERABOLI ACHILLE N. 35 ; (z.d. 5),VIA,FERABOLI ACHILLE,35,5421.0,5,,,30.0,True,False,False,False,False
425,ACCONCIATORE,VIA FERMIGNANO num.003; (z.d. 9),VIA,FERMIGNANO,,1607.0,9,,,,True,False,False,False,False
426,ACCONCIATORE,VIA FERRIERI ENZO N. 16 ; (z.d. 7),VIA,FERRIERI ENZO,16,6367.0,7,,,,True,False,False,False,False
427,ACCONCIATORE,VIA FIAMMA GALVANO N. 36 ; (z.d. 4),VIA,FIAMMA GALVANO,36,3079.0,4,,,32.0,True,False,False,False,False
428,ACCONCIATORE,VIA FILZI FABIO N. 23 ; (z.d. 2),VIA,FILZI FABIO,23,1190.0,2,,,31.0,True,False,False,False,False
429,ACCONCIATORE,VIA FIUGGI num.0121; (z.d. 9),VIA,DE MARTINO EMILIO,1,1693.0,9,,,,True,False,False,False,False
431,ACCONCIATORE,VIA FOPPA VINCENZO N. 41 ; (z.d. 6),VIA,FOPPA VINCENZO,41,6109.0,6,,5.0,44.0,True,False,False,False,False
432,ACCONCIATORE,VIA FRAPOLLI LUIGI N. 31 ; (z.d. 4),VIA,FRAPOLLI LUIGI,31,3288.0,4,,,,True,False,False,False,False
433,ACCONCIATORE,VIA FRIULI N. 51 ; (z.d. 4),VIA,FRIULI,51,3199.0,4,,,,True,False,False,False,False
434,ACCONCIATORE,VIA GALLI DINA N. 8 ; (z.d. 9),VIA,GALLI DINA,8,1162.0,9,,,30.0,True,False,False,False,False
435,ACCONCIATORE,VIA GARIGLIANO N. 12 ; (z.d. 9),VIA,GARIGLIANO,12,1134.0,9,,,15.0,True,False,False,False,False
436,ACCONCIATORE,VIA GARIGLIANO N. 5 ; (z.d. 9),VIA,GARIGLIANO,5,1134.0,9,,,38.0,True,False,False,False,False
437,ACCONCIATORE,VIA GIAMBELLINO N. 110 ; (z.d. 6),VIA,GIAMBELLINO,110,5136.0,6,,5.0,34.0,True,False,False,False,False
438,ACCONCIATORE,VIA GIAMBELLINO N. 130 ; (z.d. 6),VIA,GIAMBELLINO,130,5136.0,6,,,42.0,True,False,False,False,False
439,ACCONCIATORE,VIA GIAMBELLINO N. 15 ; (z.d. 6),VIA,GIAMBELLINO,15,5136.0,6,,5.0,32.0,True,False,False,False,False
440,ACCONCIATORE,VIA GIAMBELLINO num.120; (z.d. 6),VIA,PROCOPIO,5,6117.0,6,,,,True,False,False,False,False
441,ACCONCIATORE,VIA GIGANTE GIACINTO N. 5 ; (z.d. 7),VIA,GIGANTE GIACINTO,5,6562.0,7,,,28.0,True,False,False,False,False
442,ACCONCIATORE,VIA GIOIA MELCHIORRE N. 131 ; (z.d. 2),VIA,GIOIA MELCHIORRE,131,1108.0,2,,,35.0,True,False,False,False,False
443,ACCONCIATORE,VIA GIOIA MELCHIORRE N. 71 ; (z.d. 2),VIA,GIOIA MELCHIORRE,71,1108.0,2,,,40.0,True,False,False,False,False
444,ACCONCIATORE,VIA GIOVANNI DA PROCIDA N. 28 ; (z.d. 8),VIA,GIOVANNI DA PROCIDA,28,7151.0,8,,2.0,37.0,True,False,False,False,False
445,ACCONCIATORE,VIA GIOVANNI DA PROCIDA N. 5 ; (z.d. 8),VIA,GIOVANNI DA PROCIDA,5,7151.0,8,,,34.0,True,False,False,False,False
446,ACCONCIATORE,VIA GIOVANNI DA PROCIDA N. 7 ; (z.d. 8),VIA,GIOVANNI DA PROCIDA,7,7151.0,8,,,,True,False,False,False,False
447,ACCONCIATORE,VIA GOLA EMILIO num.0162; (z.d. 6),VIA,RONCAGLIA,35,6122.0,6,,,26.0,True,False,False,False,False
448,ACCONCIATORE,VIA GONZAGA MAURIZIO N. 4 ; (z.d. 1),VIA,GONZAGA MAURIZIO,4,344.0,1,,,38.0,True,False,False,False,False
449,ACCONCIATORE,VIA GOZZOLI BENOZZO N. 130 int. ipercoop la torre; (z.d. 7),VIA,GOZZOLI BENOZZO,130,6789.0,7,,,45.0,True,False,False,False,False
450,ACCONCIATORE,VIA GUICCIARDINI FRANCESCO N. 10 ; (z.d. 9),VIA,GUICCIARDINI FRANCESCO,10,3084.0,4,,,15.0,True,False,False,False,False
451,ACCONCIATORE,VIA HERMADA N. 4 ; (z.d. 9),VIA,HERMADA,4,1588.0,9,,,31.0,True,False,False,False,False
452,ACCONCIATORE,VIA IMBONATI CARLO N. 51 ; (z.d. 9),VIA,IMBONATI CARLO,51,1311.0,9,,,,True,False,False,False,False
454,ACCONCIATORE,VIA IMBONATI CARLO N. 6 ; (z.d. 9),VIA,IMBONATI CARLO,6,1311.0,9,,,26.0,True,False,False,False,False
455,ACCONCIATORE,VIA IMBONATI CARLO N. 6 ; (z.d. 9),VIA,IMBONATI CARLO,6,1311.0,9,,,,True,False,False,False,False
453,ACCONCIATORE,VIA IMBONATI CARLO N. 61 (z.d. 9),VIA,IMBONATI CARLO,61,1311.0,9,,,33.0,True,False,False,False,False
456,ACCONCIATORE,VIA INAMA VIRGILIO N. 10 ; (z.d. 3),VIA,INAMA VIRGILIO,10,3169.0,3,,,32.0,True,False,False,False,False
457,ACCONCIATORE,VIA INGANNI ANGELO N. 27 (z.d. 6),VIA,INGANNI ANGELO,27,6672.0,6,,,64.0,True,False,False,False,False
458,ACCONCIATORE,VIA INGANNI ANGELO N. 54 ; (z.d. 6),VIA,INGANNI ANGELO,54,6672.0,6,,,27.0,True,False,False,False,False
459,ACCONCIATORE,VIA INGANNI ANGELO N. 7 ; (z.d. 6),VIA,INGANNI ANGELO,7,6672.0,6,,10.0,16.0,True,False,False,False,False
460,ACCONCIATORE,VIA INGANNI ANGELO N. 83 ; (z.d. 6),VIA,INGANNI ANGELO,83,6672.0,6,,7.0,28.0,True,False,False,False,False
461,ACCONCIATORE,VIA KORISTKA FRANCESCO N. 17 ; (z.d. 8),VIA,KORISTKA FRANCESCO,17,7241.0,8,,,78.0,True,False,False,False,False
462,ACCONCIATORE,VIA KRAMER ANTONIO N. 23 ; (z.d. 3),VIA,KRAMER ANTONIO,23,3180.0,3,,8.0,32.0,True,False,False,False,False
463,ACCONCIATORE,VIA LAGRANGE GIUSEPPE N. 1 in seminterrato; (z.d. 5),VIA,LAGRANGE GIUSEPPE,1,5205.0,5,,,,True,False,False,False,False
464,ACCONCIATORE,VIA LAMARMORA ALFONSO N. 36 ; (z.d. 1),VIA,LAMARMORA ALFONSO,36,4103.0,1,,,,True,False,False,False,False
465,ACCONCIATORE,VIA LARIO N. 54 ; (z.d. 9),VIA,LARIO,54,1171.0,9,,,60.0,True,False,False,False,False
466,ACCONCIATORE,VIA LASSALLE FERDINANDO N. 7 ; (z.d. 5),VIA,LASSALLE FERDINANDO,7,5433.0,5,,,,True,False,False,False,False
467,ACCONCIATORE,VIA LAZZARETTO N. 2 ; (z.d. 3),VIA,LAZZARETTO,2,2112.0,3,,16.0,44.0,True,False,False,False,False
468,ACCONCIATORE,VIA LECCO N. 22 ; (z.d. 3),VIA,LECCO,22,2110.0,3,ACCONCIATORE,,45.0,True,False,False,False,False
469,ACCONCIATORE,VIA LEGNONE N. 19 ; (z.d. 9),VIA,LEGNONE,19,1298.0,9,,,,True,False,False,False,False
470,ACCONCIATORE,VIA LENTASIO N. 8 (z.d. 1),VIA,LENTASIO,8,410.0,1,ACCONCIATORE,1.0,33.0,True,False,False,False,False
471,ACCONCIATORE,VIA LEOPARDI GIACOMO N. 7 ; (z.d. 1),VIA,LEOPARDI GIACOMO,7,6156.0,1,,,,True,False,False,False,False
472,ACCONCIATORE,VIA LESSONA MICHELE N. 2 ; (z.d. 8),VIA,LESSONA MICHELE,2,7490.0,8,,,45.0,True,False,False,False,False
473,ACCONCIATORE,VIA LESSONA MICHELE N. 48 ; (z.d. 8),VIA,LESSONA MICHELE,48,7490.0,8,,,45.0,True,False,False,False,False
474,ACCONCIATORE,VIA LODOVICO IL MORO N. 61 milano (z.d. 6),VIA,LODOVICO IL MORO,61,5290.0,6,,,60.0,True,False,False,False,False
475,ACCONCIATORE,VIA LOMAZZO PAOLO N. 6 ; (z.d. 8),VIA,LOMAZZO PAOLO,6,7079.0,8,,,50.0,True,False,False,False,False
476,ACCONCIATORE,VIA LOMELLINA N. 23 ; (z.d. 4),VIA,LOMELLINA,23,3280.0,4,,,,True,False,False,False,False
477,ACCONCIATORE,VIA LOMELLINA N. 48 ; (z.d. 4),VIA,LOMELLINA,48,3280.0,4,,3.0,27.0,True,False,False,False,False
478,ACCONCIATORE,VIA LOMELLINA N. 5 ; (z.d. 4),VIA,LOMELLINA,5,3280.0,4,,12.0,22.0,True,False,False,False,False
479,ACCONCIATORE,VIA LONGHENA BALDASSARE N. 16 ; (z.d. 4),VIA,LONGHENA BALDASSARE,16,4179.0,4,ACCONCIATORE,,,True,False,False,False,False
480,ACCONCIATORE,VIA LORENTEGGIO N. 157 ; (z.d. 6),VIA,LORENTEGGIO,157,5132.0,6,,,,True,False,False,False,False
481,ACCONCIATORE,VIA LORENTEGGIO N. 174 ; (z.d. 6),VIA,LORENTEGGIO,174,5132.0,6,,,,True,False,False,False,False
482,ACCONCIATORE,VIA LORENTEGGIO N. 43 ; (z.d. 6),VIA,LORENTEGGIO,43,5132.0,6,acconciatore,3.0,35.0,True,False,False,False,False
483,ACCONCIATORE,VIA LORENTEGGIO N. 62 ; (z.d. 6),VIA,LORENTEGGIO,62,5132.0,6,,,26.0,True,False,False,False,False
484,ACCONCIATORE,VIA LORENZO DI CREDI N. 6 ; (z.d. 7),VIA,LORENZO DI CREDI,6,6547.0,7,,11.0,50.0,True,False,False,False,False
485,ACCONCIATORE,VIA LOSANNA N. 14 ; (z.d. 8),VIA,LOSANNA,14,7190.0,8,,,19.0,True,False,False,False,False
486,ACCONCIATORE,VIA LULLI GIOVANNI N. 32 ; (z.d. 3),VIA,LULLI GIOVANNI,32,2253.0,3,,,,True,False,False,False,False
488,ACCONCIATORE,VIA MAC MAHON N. 1 ; (z.d. 8),VIA,MAC MAHON,1,7221.0,8,ACCONCIATORE,14.0,31.0,True,False,False,False,False
487,ACCONCIATORE,VIA MAC MAHON N. 107 ; (z.d. 8),VIA,MAC MAHON,107,7221.0,8,,12.0,21.0,True,False,False,False,False
489,ACCONCIATORE,VIA MAC MAHON N. 30 ; (z.d. 8),VIA,MAC MAHON,30,7221.0,8,,,,True,False,False,False,False
490,ACCONCIATORE,VIA MAC MAHON N. 75 ; (z.d. 8),VIA,MAC MAHON,75,7221.0,8,,,45.0,True,False,False,False,False
491,ACCONCIATORE,VIA MAC MAHON N. 87 ; (z.d. 8),VIA,MAC MAHON,87,7221.0,8,,,,True,False,False,False,False
492,ACCONCIATORE,VIA MADERNA BRUNO N. 2 ingr.da via mecenate; (z.d. 4),VIA,MADERNA BRUNO,2,3382.0,4,,,,True,False,False,False,False
493,ACCONCIATORE,VIA MAGGI CARLO MARIA num.003; (z.d. 1),VIA,MAGGI CARLO MARIA,,7115.0,1,,,,True,False,False,False,False
494,ACCONCIATORE,VIA MAMBRETTI ANTONIO N. 17 ; (z.d. 8),VIA,MAMBRETTI ANTONIO,17,7455.0,8,,,50.0,True,False,False,False,False
495,ACCONCIATORE,VIA MAMELI GOFFREDO N. 48 ; (z.d. 4),VIA,MAMELI GOFFREDO,48,3088.0,4,,10.0,20.0,True,False,False,False,False
496,ACCONCIATORE,VIA MANZONI ALESSANDRO N. 39 ; (z.d. 1),VIA,MANZONI ALESSANDRO,39,230.0,1,,,70.0,True,False,False,False,False
497,ACCONCIATORE,VIA MARCELLO BENEDETTO N. 91 ; (z.d. 3),VIA,MARCELLO BENEDETTO,91,2128.0,3,,,,True,False,False,False,False
498,ACCONCIATORE,VIA MARCO AURELIO N. 8 ; (z.d. 2),VIA,MARCO AURELIO,8,2298.0,2,,,,True,False,False,False,False
499,ACCONCIATORE,VIA MARCO D'AGRATE N. 25 ; (z.d. 5),VIA,MARCO D'AGRATE,25,4276.0,5,,,28.0,True,False,False,False,False
500,ACCONCIATORE,VIA MARSALA N. 2 ; (z.d. 1),VIA,MARSALA,2,1035.0,1,,,,True,False,False,False,False
501,ACCONCIATORE,VIA MARSALA N. 9 ; (z.d. 1),VIA,MARSALA,9,1035.0,1,,,65.0,True,False,False,False,False
502,ACCONCIATORE,VIA MARTIRI TRIESTINI N. 3 ; (z.d. 7),VIA,MARTIRI TRIESTINI,3,6509.0,7,,,51.0,True,False,False,False,False
503,ACCONCIATORE,VIA MASOLINO DA PANICALE N. 2 ; (z.d. 8),VIA,MASOLINO DA PANICALE,2,7264.0,8,,,26.0,True,False,False,False,False
504,ACCONCIATORE,VIA MASOTTO UMBERTO N. 30 ; (z.d. 4),VIA,MASOTTO UMBERTO,30,3283.0,4,,,,True,False,False,False,False
505,ACCONCIATORE,VIA MASSARA DE CAPITANI N. 3 ingresso in via degli imbriani; (z.d. 9),VIA,MASSARA DE CAPITANI,3,1261.0,9,,,,True,False,False,False,False
506,ACCONCIATORE,VIA MECENATE N. 32 ; (z.d. 4),VIA,MECENATE,32,3323.0,4,,,40.0,True,False,False,False,False
507,ACCONCIATORE,VIA MEDA GIUSEPPE N. 17 ; (z.d. 5),VIA,MEDA GIUSEPPE,17,5242.0,5,,,,True,False,False,False,False
508,ACCONCIATORE,VIA MEDA GIUSEPPE N. 33 ; (z.d. 5),VIA,MEDA GIUSEPPE,33,5242.0,5,,,45.0,True,False,False,False,False
509,ACCONCIATORE,VIA MEDA GIUSEPPE N. 38 ; (z.d. 5),VIA,MEDA GIUSEPPE,38,5242.0,5,,,,True,False,False,False,False
510,ACCONCIATORE,VIA MEDA GIUSEPPE N. 57 ; (z.d. 5),VIA,MEDA GIUSEPPE,57,5242.0,5,,,43.0,True,False,False,False,False
511,ACCONCIATORE,VIA MEDA GIUSEPPE N. 6 ; (z.d. 5),VIA,MEDA GIUSEPPE,6,5242.0,5,,,25.0,True,False,False,False,False
512,ACCONCIATORE,VIA MEDA GIUSEPPE N. 7 ; (z.d. 5),VIA,MEDA GIUSEPPE,7,5242.0,5,,,30.0,True,False,False,False,False
513,ACCONCIATORE,VIA MEDEGHINO N. 32 ; (z.d. 5),VIA,MEDEGHINO,32,5335.0,5,,,,True,False,False,False,False
514,ACCONCIATORE,VIA MESSINA N. 13 ; (z.d. 8),VIA,MESSINA,13,7211.0,8,,,30.0,True,False,False,False,False
515,ACCONCIATORE,VIA MESSINA N. 17 piano seminterrato; (z.d. 8),VIA,MESSINA,17,7211.0,8,,,,True,False,False,False,False
516,ACCONCIATORE,VIA MESSINA N. 2 ; (z.d. 8),VIA,MESSINA,2,7211.0,8,,2.0,34.0,True,False,False,False,False
517,ACCONCIATORE,VIA MESSINA N. 6 ; (z.d. 8),VIA,MESSINA,6,7211.0,8,,,16.0,True,False,False,False,False
518,ACCONCIATORE,VIA MESTRE N. 7 interno palestra; (z.d. 3),VIA,MESTRE,7,2647.0,3,,,50.0,True,False,False,False,False
519,ACCONCIATORE,VIA MEUCCI ANTONIO N. 11 ; (z.d. 2),VIA,MEUCCI ANTONIO,11,2497.0,2,,,50.0,True,False,False,False,False
520,ACCONCIATORE,VIA MEUCCI ANTONIO N. 11 ; (z.d. 2),VIA,MEUCCI ANTONIO,11,2497.0,2,,,,True,False,False,False,False
521,ACCONCIATORE,VIA MILLY MIGNONE CARLA N. 5 ; (z.d. 7),VIA,MILLY MIGNONE CARLA,5,6871.0,7,,,,True,False,False,False,False
522,ACCONCIATORE,VIA MONTE CENGIO N. 3 ; (z.d. 4),VIA,MONTE CENGIO,3,4366.0,4,,,,True,False,False,False,False
523,ACCONCIATORE,VIA MONTEGANI LODOVICO N. 2 ; (z.d. 5),VIA,MONTEGANI LODOVICO,2,5330.0,5,,,,True,False,False,False,False
524,ACCONCIATORE,VIA MONTEGANI LODOVICO N. 49 ; (z.d. 5),VIA,MONTEGANI LODOVICO,49,5330.0,5,,,20.0,True,False,False,False,False
525,ACCONCIATORE,VIA MONTEGANI LODOVICO N. 64 ; (z.d. 5),VIA,MONTEGANI LODOVICO,64,5330.0,5,,,,True,False,False,False,False
527,ACCONCIATORE,VIA MONTI VINCENZO N. 41 ; (z.d. 1),VIA,MONTI VINCENZO,41,6155.0,1,ACCONCIATORE,,,True,False,False,False,False
526,ACCONCIATORE,VIA MONTI VINCENZO N. 41 piano terra; (z.d. 1),VIA,MONTI VINCENZO,41,6155.0,1,acconciatore,,56.0,True,False,False,False,False
528,ACCONCIATORE,VIA MONTI VINCENZO N. 58 c/o com. carabinieri reg.lomba; (z.d. 1),VIA,MONTI VINCENZO,58,6155.0,1,,,,True,False,False,False,False
529,ACCONCIATORE,VIA MORGANTINI MARIO N. 11 ; (z.d. 7),VIA,MORGANTINI MARIO,11,6568.0,7,,,45.0,True,False,False,False,False
530,ACCONCIATORE,VIA MURAT GIOACCHINO N. 60 ; (z.d. 9),VIA,MURAT GIOACCHINO,60,1316.0,9,ACCONCIATORE,10.0,40.0,True,False,False,False,False
531,ACCONCIATORE,VIA MURAT GIOACCHINO N. 73 ; (z.d. 9),VIA,MURAT GIOACCHINO,73,1316.0,9,,,24.0,True,False,False,False,False
532,ACCONCIATORE,VIA MURATORI LODOVICO N. 54 ; (z.d. 4),VIA,MURATORI LODOVICO,54,4076.0,4,,,31.0,True,False,False,False,False
533,ACCONCIATORE,VIA MUSSI GIUSEPPE N. 11 ; (z.d. 8),VIA,MUSSI GIUSEPPE,11,7199.0,8,,,42.0,True,False,False,False,False
534,ACCONCIATORE,VIA NEGROLI N. 1 ; (z.d. 4),VIA,NEGROLI,1,3279.0,4,,,40.0,True,False,False,False,False
535,ACCONCIATORE,VIA NEGROLI N. 39 ; (z.d. 4),VIA,NEGROLI,39,3279.0,4,,,,True,False,False,False,False
536,ACCONCIATORE,VIA NIKOLAJEVKA N. 3 ; (z.d. 7),VIA,NIKOLAJEVKA,3,6473.0,7,,,42.0,True,False,False,False,False
537,ACCONCIATORE,VIA NOVARA N. 123 ; (z.d. 7),VIA,NOVARA,123,6624.0,7,,,40.0,True,False,False,False,False
538,ACCONCIATORE,VIA NOVARA N. 139 ; (z.d. 7),VIA,NOVARA,139,6624.0,7,,,63.0,True,False,False,False,False
539,ACCONCIATORE,VIA NOVARA N. 15 ; (z.d. 7),VIA,NOVARA,15,6624.0,7,,,50.0,True,False,False,False,False
540,ACCONCIATORE,VIA ORNATO LUIGI N. 19 ; (z.d. 9),VIA,ORNATO LUIGI,19,1591.0,9,,,,True,False,False,False,False
541,ACCONCIATORE,VIA ORNATO LUIGI N. 24 ; (z.d. 9),VIA,ORNATO LUIGI,24,1591.0,9,,,45.0,True,False,False,False,False
542,ACCONCIATORE,VIA ORNATO LUIGI N. 53 ; (z.d. 9),VIA,ORNATO LUIGI,53,1591.0,9,,,44.0,True,False,False,False,False
543,ACCONCIATORE,VIA OSOPPO N. 13 con ingr.in via caccialepori; (z.d. 7),VIA,OSOPPO,13,6596.0,7,,,,True,False,False,False,False
544,ACCONCIATORE,VIA OZANAM FEDERICO N. 8 ; (z.d. 3),VIA,OZANAM FEDERICO,8,2143.0,3,,1.0,20.0,True,False,False,False,False
545,ACCONCIATORE,VIA PACINI GIOVANNI N. 25 ; (z.d. 3),VIA,PACINI GIOVANNI,25,2571.0,3,,,65.0,True,False,False,False,False
546,ACCONCIATORE,VIA PACINI GIOVANNI N. 54 ; (z.d. 3),VIA,PACINI GIOVANNI,54,2571.0,3,ACCONCIATORE,,65.0,True,False,False,False,False
547,ACCONCIATORE,VIA PADOVA N. 12 ; (z.d. 2),VIA,PADOVA,12,2275.0,2,,,23.0,True,False,False,False,False
548,ACCONCIATORE,VIA PADOVA N. 147 ; (z.d. 2),VIA,PADOVA,147,2275.0,2,,,20.0,True,False,False,False,False
549,ACCONCIATORE,VIA PADOVA N. 168 ; (z.d. 2),VIA,PADOVA,168,2275.0,2,,2.0,45.0,True,False,False,False,False
550,ACCONCIATORE,VIA PADOVA N. 213 ; (z.d. 2),VIA,PADOVA,213,2275.0,2,,,31.0,True,False,False,False,False
551,ACCONCIATORE,VIA PADOVA N. 232 ; (z.d. 2),VIA,PADOVA,232,2275.0,2,,,,True,False,False,False,False
552,ACCONCIATORE,VIA PADOVA N. 255 ; (z.d. 2),VIA,PADOVA,255,2275.0,2,,,,True,False,False,False,False
553,ACCONCIATORE,VIA PADOVA N. 26 ; (z.d. 2),VIA,PADOVA,26,2275.0,2,,,,True,False,False,False,False
554,ACCONCIATORE,VIA PADOVA N. 279 ; (z.d. 2),VIA,PADOVA,279,2275.0,2,ACCONCIATORE,,48.0,True,False,False,False,False
556,ACCONCIATORE,VIA PADOVA N. 3 (z.d. 2),VIA,PADOVA,3,2275.0,2,ACCONCIATORE,,32.0,True,False,False,False,False
555,ACCONCIATORE,VIA PADOVA N. 39 ; (z.d. 2),VIA,PADOVA,39,2275.0,2,,,,True,False,False,False,False
557,ACCONCIATORE,VIA PADOVA N. 45 ; (z.d. 2),VIA,PADOVA,45,2275.0,2,,,,True,False,False,False,False
558,ACCONCIATORE,VIA PADOVA N. 60 ; (z.d. 2),VIA,PADOVA,60,2275.0,2,,2.0,16.0,True,False,False,False,False
559,ACCONCIATORE,VIA PADOVA N. 65 ; (z.d. 2),VIA,PADOVA,65,2275.0,2,,,,True,False,False,False,False
560,ACCONCIATORE,VIA PADOVA N. 70 ; (z.d. 2),VIA,PADOVA,70,2275.0,2,,,25.0,True,False,False,False,False
561,ACCONCIATORE,VIA PADOVA N. 77 ; (z.d. 2),VIA,PADOVA,77,2275.0,2,,,24.0,True,False,False,False,False
562,ACCONCIATORE,VIA PADOVA N. 87 ; (z.d. 2),VIA,PADOVA,87,2275.0,2,,,22.0,True,False,False,False,False
563,ACCONCIATORE,VIA PAGLIANO ELEUTERIO N. 35 ; (z.d. 7),VIA,PAGLIANO ELEUTERIO,35,6390.0,7,,,31.0,True,False,False,False,False
564,ACCONCIATORE,VIA PAISIELLO GIOVANNI N. 2 ; (z.d. 3),VIA,PAISIELLO GIOVANNI,2,2245.0,3,,2.0,17.0,True,False,False,False,False
565,ACCONCIATORE,VIA PALAZZI LAZZARO N. 19 ; (z.d. 3),VIA,PALAZZI LAZZARO,19,2171.0,3,,,32.0,True,False,False,False,False
566,ACCONCIATORE,VIA PALAZZI LAZZARO N. 3 ; (z.d. 3),VIA,PALAZZI LAZZARO,3,2171.0,3,,,,True,False,False,False,False
567,ACCONCIATORE,VIA PALAZZI LAZZARO N. 7 ingresso da via tadino; (z.d. 3),VIA,PALAZZI LAZZARO,7,2171.0,3,,,32.0,True,False,False,False,False
568,ACCONCIATORE,VIA PALMA JACOPO N. 26 ; (z.d. 7),VIA,PALMA JACOPO,26,6605.0,7,,,24.0,True,False,False,False,False
569,ACCONCIATORE,VIA PALMANOVA N. 67 ; (z.d. 2),VIA,PALMANOVA,67,2390.0,2,,,31.0,True,False,False,False,False
570,ACCONCIATORE,VIA PARACELSO FILIPPO N. 10 ; (z.d. 3),VIA,PARACELSO FILIPPO,10,2168.0,3,,,,True,False,False,False,False
571,ACCONCIATORE,VIA PARAVIA PIER ALESSANDRO N. 77 ; (z.d. 7),VIA,PARAVIA PIER ALESSANDRO,77,6571.0,7,,,26.0,True,False,False,False,False
572,ACCONCIATORE,VIA PASCARELLA CESARE N. 22 ; (z.d. 8),VIA,PASCARELLA CESARE,22,7349.0,8,,,,True,False,False,False,False
573,ACCONCIATORE,VIA PECCHIO GIUSEPPE N. 3 ; (z.d. 3),VIA,PECCHIO GIUSEPPE,3,2240.0,3,,15.0,58.0,True,False,False,False,False
574,ACCONCIATORE,VIA PECCHIO GIUSEPPE N. 5 ; (z.d. 3),VIA,PECCHIO GIUSEPPE,5,2240.0,3,,3.0,15.0,True,False,False,False,False
575,ACCONCIATORE,VIA PEZZOTTI GIOVANNI N. 55 ; (z.d. 5),VIA,PEZZOTTI GIOVANNI,55,5244.0,5,,,,True,False,False,False,False
576,ACCONCIATORE,VIA PIERO DELLA FRANCESCA N. 54 ; (z.d. 8),VIA,PIERO DELLA FRANCESCA,54,7188.0,8,,13.0,30.0,True,False,False,False,False
577,ACCONCIATORE,VIA PIERO DELLA FRANCESCA num.036; (z.d. 8),VIA,GROSOTTO,5,7328.0,8,,,,True,False,False,False,False
578,ACCONCIATORE,VIA PIRANDELLO LUIGI N. 4 ; (z.d. 7),VIA,PIRANDELLO LUIGI,4,6242.0,7,,,,True,False,False,False,False
580,ACCONCIATORE,VIA PISANELLO N. 2 ; (z.d. 7),VIA,PISANELLO,2,6600.0,7,,11.0,28.0,True,False,False,False,False
579,ACCONCIATORE,VIA PISANELLO N. 21 ; (z.d. 7),VIA,PISANELLO,21,6600.0,7,,,25.0,True,False,False,False,False
582,ACCONCIATORE,VIA PLANA GIOVANNI ANTONIO N. 2 ; (z.d. 8),VIA,PLANA GIOVANNI ANTONIO,2,7177.0,8,,,38.0,True,False,False,False,False
581,ACCONCIATORE,VIA PLANA GIOVANNI ANTONIO N. 23 ; (z.d. 8),VIA,PLANA GIOVANNI ANTONIO,23,7177.0,8,,,36.0,True,False,False,False,False
583,ACCONCIATORE,VIA PLANA GIOVANNI ANTONIO N. 32 ; (z.d. 8),VIA,PLANA GIOVANNI ANTONIO,32,7177.0,8,,4.0,19.0,True,False,False,False,False
584,ACCONCIATORE,VIA PLANA GIOVANNI ANTONIO N. 32 ; (z.d. 8),VIA,PLANA GIOVANNI ANTONIO,32,7177.0,8,,,35.0,True,False,False,False,False
585,ACCONCIATORE,VIA PLINIO CAIO SECONDO N. 29 ; (z.d. 3),VIA,PLINIO CAIO SECONDO,29,2144.0,3,,7.0,40.0,True,False,False,False,False
586,ACCONCIATORE,VIA PLINIO CAIO SECONDO N. 51 ; (z.d. 3),VIA,PLINIO CAIO SECONDO,51,2144.0,3,,,16.0,True,False,False,False,False
587,ACCONCIATORE,VIA POLA N. 4A num.004a; (z.d. 2),VIA,POLA,4A,1156.0,2,ACCONCIATORE,,,True,False,False,False,False
588,ACCONCIATORE,VIA POLESINE N. 21 ; (z.d. 4),VIA,POLESINE,21,4159.0,4,,,52.0,True,False,False,False,False
589,ACCONCIATORE,VIA POLESINE N. 23 ; (z.d. 4),VIA,POLESINE,23,4159.0,4,,,27.0,True,False,False,False,False
590,ACCONCIATORE,VIA POLESINE N. 25 ; (z.d. 4),VIA,POLESINE,25,4159.0,4,,2.0,17.0,True,False,False,False,False
591,ACCONCIATORE,VIA POLESINE N. 25 ; (z.d. 4),VIA,POLESINE,25,4159.0,4,,4.0,33.0,True,False,False,False,False
592,ACCONCIATORE,VIA POLESINE N. 39 ; (z.d. 4),VIA,POLESINE,39,4159.0,4,,,,True,False,False,False,False
593,ACCONCIATORE,VIA POLIZIANO N. 12 ; (z.d. 8),VIA,POLIZIANO,12,7196.0,8,,,,True,False,False,False,False
594,ACCONCIATORE,VIA POLIZIANO N. 13 ; (z.d. 8),VIA,POLIZIANO,13,7196.0,8,,,54.0,True,False,False,False,False
595,ACCONCIATORE,VIA PONTE SEVESO N. 33 ; (z.d. 2),VIA,PONTE SEVESO,33,1203.0,2,,,45.0,True,False,False,False,False
596,ACCONCIATORE,VIA PONTE SEVESO N. 44 ; (z.d. 2),VIA,PONTE SEVESO,44,1203.0,2,,,18.0,True,False,False,False,False
597,ACCONCIATORE,VIA PONTE VECCHIO N. 4 ; (z.d. 2),VIA,PONTE VECCHIO,4,2487.0,2,,,,True,False,False,False,False
598,ACCONCIATORE,VIA PORDENONE N. 1 ; (z.d. 3),VIA,PORDENONE,1,2650.0,3,,,58.0,True,False,False,False,False
599,ACCONCIATORE,VIA PORPORA NICOLA ANTONIO N. 187 ; (z.d. 3),VIA,PORPORA NICOLA ANTONIO,187,2229.0,3,,,65.0,True,False,False,False,False
600,ACCONCIATORE,VIA PORPORA NICOLA ANTONIO N. 89 ; (z.d. 3),VIA,PORPORA NICOLA ANTONIO,89,2229.0,3,,,80.0,True,False,False,False,False
601,ACCONCIATORE,VIA PRIMATICCIO FRANCESCO N. 2 ; (z.d. 6),VIA,PRIMATICCIO FRANCESCO,2,6646.0,6,,,,True,False,False,False,False
602,ACCONCIATORE,VIA PRIMATICCIO FRANCESCO N. 34 ; (z.d. 6),VIA,PRIMATICCIO FRANCESCO,34,6646.0,6,,,,True,False,False,False,False
603,ACCONCIATORE,VIA PURICELLI GIAN PIETRO N. 2 ; (z.d. 7),VIA,PURICELLI GIAN PIETRO,2,6636.0,7,,,,True,False,False,False,False
604,ACCONCIATORE,VIA QUADRIO MAURIZIO N. 25 ; (z.d. 8),VIA,QUADRIO MAURIZIO,25,1115.0,8,,,56.0,True,False,False,False,False
605,ACCONCIATORE,VIA REMBRANDT N. 27 ; (z.d. 7),VIA,REMBRANDT,27,6618.0,7,,11.0,25.0,True,False,False,False,False
606,ACCONCIATORE,VIA RESEGONE N. 1 ingresso via lancetti; (z.d. 9),VIA,RESEGONE,1,1228.0,9,,,,True,False,False,False,False
607,ACCONCIATORE,VIA RICCARDI PADRE PLACIDO N. 23 ; (z.d. 2),VIA,RICCARDI PADRE PLACIDO,23,2385.0,2,,,,True,False,False,False,False
608,ACCONCIATORE,VIA RICCIARELLI DANIELE N. 20 ; (z.d. 7),VIA,RICCIARELLI DANIELE,20,6553.0,7,,16.0,39.0,True,False,False,False,False
609,ACCONCIATORE,VIA RICCIARELLI DANIELE N. 39 ; (z.d. 7),VIA,RICCIARELLI DANIELE,39,6553.0,7,,,32.0,True,False,False,False,False
610,ACCONCIATORE,VIA RICORDI GIOVANNI N. 30 ; (z.d. 3),VIA,RICORDI GIOVANNI,30,2251.0,3,,,29.0,True,False,False,False,False
611,ACCONCIATORE,VIA RIPAMONTI GIUSEPPE N. 207 ; (z.d. 5),VIA,RIPAMONTI GIUSEPPE,207,4066.0,5,acconciatore,,45.0,True,False,False,False,False
612,ACCONCIATORE,VIA RIPAMONTI GIUSEPPE N. 227 ; (z.d. 5),VIA,RIPAMONTI GIUSEPPE,227,4066.0,5,,,50.0,True,False,False,False,False
613,ACCONCIATORE,VIA RIPAMONTI GIUSEPPE N. 244 ; (z.d. 5),VIA,RIPAMONTI GIUSEPPE,244,4066.0,5,,8.0,35.0,True,False,False,False,False
614,ACCONCIATORE,VIA RIPAMONTI GIUSEPPE N. 5 ; (z.d. 5),VIA,RIPAMONTI GIUSEPPE,5,4066.0,5,,,,True,False,False,False,False
617,ACCONCIATORE,VIA RISMONDO FRANCESCO N. 1 ; (z.d. 7),VIA,RISMONDO FRANCESCO,1,6756.0,7,,,55.0,True,False,False,False,False
615,ACCONCIATORE,VIA RISMONDO FRANCESCO N. 110 ; (z.d. 7),VIA,RISMONDO FRANCESCO,110,6756.0,7,,2.0,17.0,True,False,False,False,False
616,ACCONCIATORE,VIA RISMONDO FRANCESCO N. 17 ; (z.d. 7),VIA,RISMONDO FRANCESCO,17,6756.0,7,,,,True,False,False,False,False
618,ACCONCIATORE,VIA RISMONDO FRANCESCO N. 9 ; (z.d. 7),VIA,RISMONDO FRANCESCO,9,6756.0,7,,,,True,False,False,False,False
619,ACCONCIATORE,VIA RIVOLI N. 2 ; (z.d. 1),VIA,RIVOLI,2,7080.0,1,ACCONCIATORE,,40.0,True,False,False,False,False
620,ACCONCIATORE,VIA ROGGIA SCAGNA N. 1 ; (z.d. 2),VIA,ROGGIA SCAGNA,1,2299.0,2,,,30.0,True,False,False,False,False
621,ACCONCIATORE,VIA ROMAGNOSI GIAN DOMENICO N. 4 ; (z.d. 1),VIA,ROMAGNOSI GIAN DOMENICO,4,119.0,1,ACCONCIATORE,,,True,False,False,False,False
622,ACCONCIATORE,VIA ROMANO GIULIO N. 25 ; (z.d. 5),VIA,ROMANO GIULIO,25,4057.0,5,,,29.0,True,False,False,False,False
623,ACCONCIATORE,VIA ROMANO GIULIO N. 9 ; (z.d. 5),VIA,ROMANO GIULIO,9,4057.0,5,,,28.0,True,False,False,False,False
624,ACCONCIATORE,VIA ROMBON N. 23 ; (z.d. 3),VIA,ROMBON,23,2659.0,3,,,55.0,True,False,False,False,False
625,ACCONCIATORE,VIA ROMBON N. 38 ; (z.d. 3),VIA,ROMBON,38,2659.0,3,,,34.0,True,False,False,False,False
626,ACCONCIATORE,VIA ROMILLI ARCIVESCOVO N. 5 ; (z.d. 4),VIA,ROMILLI ARCIVESCOVO,5,4154.0,4,,,27.0,True,False,False,False,False
627,ACCONCIATORE,VIA ROSSI PELLEGRINO N. 21 ; (z.d. 9),VIA,ROSSI PELLEGRINO,21,1510.0,9,ACCONCIATORE,,,True,False,False,False,False
628,ACCONCIATORE,VIA ROSSI PELLEGRINO N. 49 ; (z.d. 9),VIA,ROSSI PELLEGRINO,49,1510.0,9,ACCONCIATORE,,24.0,True,False,False,False,False
629,ACCONCIATORE,VIA ROSSI PELLEGRINO N. 90 ; (z.d. 9),VIA,ROSSI PELLEGRINO,90,1510.0,9,,,43.0,True,False,False,False,False
630,ACCONCIATORE,VIA SALIERI ANTONIO N. 3 ; (z.d. 3),VIA,SALIERI ANTONIO,3,2569.0,3,,,,True,False,False,False,False
631,ACCONCIATORE,VIA SALMINI VITTORIO N. 4 ; (z.d. 5),VIA,SALMINI VITTORIO,4,4062.0,5,,,17.0,True,False,False,False,False
632,ACCONCIATORE,VIA SALUTATI COLUCCIO N. 2 ; (z.d. 7),VIA,SALUTATI COLUCCIO,2,6197.0,7,,,39.0,True,False,False,False,False
634,ACCONCIATORE,VIA SAN FAUSTINO N. 27 ; (z.d. 3),VIA,SAN FAUSTINO,27,2681.0,3,,,,True,False,False,False,False
638,ACCONCIATORE,VIA SAN VINCENZO N. 1 ; (z.d. 1),VIA,SAN VINCENZO,1,5098.0,1,,,21.0,True,False,False,False,False
633,ACCONCIATORE,VIA SAND GEORGE N. 2 ; (z.d. 9),VIA,SAND GEORGE,2,1554.0,9,,,,True,False,False,False,False
636,ACCONCIATORE,VIA SANT' ANTONIO N. 14 ; (z.d. 1),VIA,SANT' ANTONIO,14,332.0,1,,,52.0,True,False,False,False,False
635,ACCONCIATORE,VIA SANTA MARIA SEGRETA N. 7 primo piano; (z.d. 1),VIA,SANTA MARIA SEGRETA,7,624.0,1,,,54.0,True,False,False,False,False
637,ACCONCIATORE,VIA SANTA RITA DA CASCIA N. 59 ; (z.d. 6),VIA,SANTA RITA DA CASCIA,59,5301.0,6,,,,True,False,False,False,False
639,ACCONCIATORE,VIA SANZIO RAFFAELLO ingr. via s. siro num.002a; (z.d. 7),VIA,SANZIO RAFFAELLO,,6283.0,7,,,,True,False,False,False,False
640,ACCONCIATORE,VIA SARPI FRA' PAOLO N. 19 ; (z.d. 1),VIA,SARPI FRA' PAOLO,19,7210.0,1,,13.0,45.0,True,False,False,False,False
641,ACCONCIATORE,VIA SARPI FRA' PAOLO N. 50 ; (z.d. 8),VIA,SARPI FRA' PAOLO,50,7210.0,8,ACCONCIATORE,4.0,32.0,True,False,False,False,False
642,ACCONCIATORE,VIA SARPI FRA' PAOLO N. 52 ; (z.d. 8),VIA,SARPI FRA' PAOLO,52,7210.0,8,,,110.0,True,False,False,False,False
644,ACCONCIATORE,VIA SARPI FRA' PAOLO N. 63 ; (z.d. 8),VIA,SARPI FRA' PAOLO,63,7210.0,8,,,15.0,True,False,False,False,False
643,ACCONCIATORE,VIA SARPI FRA' PAOLO N. 63 piano terra e seminterrato; (z.d. 8),VIA,SARPI FRA' PAOLO,63,7210.0,8,,,,True,False,False,False,False
645,ACCONCIATORE,VIA SEBASTIANO DEL PIOMBO N. 15 (z.d. 8),VIA,SEBASTIANO DEL PIOMBO,15,6397.0,8,,,40.0,True,False,False,False,False
646,ACCONCIATORE,VIA SERAO MATILDE N. 7 ; (z.d. 7),VIA,SERAO MATILDE,7,6241.0,7,,,45.0,True,False,False,False,False
647,ACCONCIATORE,VIA SMAREGLIA ANTONIO N. 1 ; (z.d. 4),VIA,SMAREGLIA ANTONIO,1,3284.0,4,,3.0,45.0,True,False,False,False,False
648,ACCONCIATORE,VIA SODERINI LUIGI N. 55 ; (z.d. 6),VIA,SODERINI LUIGI,55,6675.0,6,,,56.0,True,False,False,False,False
649,ACCONCIATORE,VIA SOLARI ANDREA N. 15 ; (z.d. 6),VIA,SOLARI ANDREA,15,5111.0,6,,,,True,False,False,False,False
650,ACCONCIATORE,VIA SOLARI ANDREA N. 43 (z.d. 6),VIA,SOLARI ANDREA,43,5111.0,6,,,54.0,True,False,False,False,False
651,ACCONCIATORE,VIA SOLARI ANDREA num.002a; (z.d. 6),PZA,FRATTINI PIETRO,19,5389.0,6,,,,True,False,False,False,False
652,ACCONCIATORE,VIA SOLAROLI PAOLO N. 10 ; (z.d. 5),VIA,SOLAROLI PAOLO,10,4254.0,5,,,,True,False,False,False,False
653,ACCONCIATORE,VIA SOLFERINO N. 25 ; (z.d. 1),VIA,SOLFERINO,25,1028.0,1,,,,True,False,False,False,False
654,ACCONCIATORE,VIA SOLFERINO N. 56 ; (z.d. 1),VIA,SOLFERINO,56,1028.0,1,,,,True,False,False,False,False
655,ACCONCIATORE,VIA SONNINO SIDNEY N. 2 ; (z.d. 8),VIA,SONNINO SIDNEY,2,7262.0,8,,,74.0,True,False,False,False,False
656,ACCONCIATORE,VIA SPARTACO N. 23 ; (z.d. 4),VIA,SPARTACO,23,3186.0,4,ACCONCIATORE,,30.0,True,False,False,False,False
657,ACCONCIATORE,VIA SPARTACO N. 37 ; (z.d. 4),VIA,SPARTACO,37,3186.0,4,,,33.0,True,False,False,False,False
658,ACCONCIATORE,VIA SPONTINI GASPARE N. 4 ; (z.d. 3),VIA,SPONTINI GASPARE,4,2141.0,3,,,55.0,True,False,False,False,False
659,ACCONCIATORE,VIA STATUTO N. 12 ; (z.d. 1),VIA,STATUTO,12,1029.0,1,,,,True,False,False,False,False
660,ACCONCIATORE,VIA STATUTO N. 18 con ingresso v- moscova nø 39; (z.d. 1),VIA,STATUTO,18,1029.0,1,,,,True,False,False,False,False
661,ACCONCIATORE,VIA STOPPANI ANTONIO N. 10 ; (z.d. 3),VIA,STOPPANI ANTONIO,10,2163.0,3,,,36.0,True,False,False,False,False
662,ACCONCIATORE,VIA STRAMBIO GAETANO N. 29 ; (z.d. 3),VIA,STRAMBIO GAETANO,29,3168.0,3,,,,True,False,False,False,False
663,ACCONCIATORE,VIA STRIGELLI GAETANO N. 5 ; (z.d. 4),VIA,STRIGELLI GAETANO,5,3214.0,4,,12.0,30.0,True,False,False,False,False
664,ACCONCIATORE,VIA TADINO ALESSANDRO N. 15 ; (z.d. 3),VIA,TADINO ALESSANDRO,15,2109.0,3,,,30.0,True,False,False,False,False
665,ACCONCIATORE,VIA TADINO ALESSANDRO N. 26 ; (z.d. 3),VIA,TADINO ALESSANDRO,26,2109.0,3,,,15.0,True,False,False,False,False
666,ACCONCIATORE,VIA TANTARDINI ANTONIO N. 8 ; (z.d. 5),VIA,TANTARDINI ANTONIO,8,5224.0,5,,,,True,False,False,False,False
667,ACCONCIATORE,VIA TAORMINA N. 2 ingr. via trescore ang.caserta; (z.d. 9),VIA,TAORMINA,2,1331.0,9,,,,True,False,False,False,False
668,ACCONCIATORE,VIA TARTINI GIUSEPPE num.002a; (z.d. 7),VIA,F.LLI ZANZOTTERA,8,6733.0,7,,,40.0,True,False,False,False,False
669,ACCONCIATORE,VIA TEANO N. 8 ; (z.d. 9),VIA,TEANO,8,1632.0,9,,,24.0,True,False,False,False,False
670,ACCONCIATORE,VIA TELLINI ENRICO N. 2 ; (z.d. 8),VIA,TELLINI ENRICO,2,7225.0,8,,,45.0,True,False,False,False,False
671,ACCONCIATORE,VIA TENCA CARLO N. 24 diffida per manc.qualifica; (z.d. 2),VIA,TENCA CARLO,24,2118.0,2,,,,True,False,False,False,False
672,ACCONCIATORE,VIA TEODOSIO N. 100 ; (z.d. 3),VIA,TEODOSIO,100,2550.0,3,,,,True,False,False,False,False
673,ACCONCIATORE,VIA TEODOSIO N. 104 ; (z.d. 3),VIA,TEODOSIO,104,2550.0,3,,,25.0,True,False,False,False,False
674,ACCONCIATORE,VIA TEODOSIO N. 74 ; (z.d. 3),VIA,TEODOSIO,74,2550.0,3,,,,True,False,False,False,False
675,ACCONCIATORE,VIA TERRUGGIA GIOVANNI N. 1 ; (z.d. 9),VIA,TERRUGGIA GIOVANNI,1,1533.0,9,,,,True,False,False,False,False
676,ACCONCIATORE,VIA TESSA DELIO N. 2 ; (z.d. 1),VIA,TESSA DELIO,2,1020.0,1,,,,True,False,False,False,False
677,ACCONCIATORE,VIA TITO LIVIO N. 20 ; (z.d. 4),VIA,TITO LIVIO,20,4086.0,4,,,,True,False,False,False,False
678,ACCONCIATORE,VIA TITO LIVIO N. 22 ; (z.d. 4),VIA,TITO LIVIO,22,4086.0,4,,,50.0,True,False,False,False,False
679,ACCONCIATORE,VIA TITO LIVIO N. 25 ; (z.d. 4),VIA,TITO LIVIO,25,4086.0,4,,,,True,False,False,False,False
680,ACCONCIATORE,VIA TITO LIVIO N. 26 ; (z.d. 4),VIA,TITO LIVIO,26,4086.0,4,,,,True,False,False,False,False
681,ACCONCIATORE,VIA TORRICELLI EVANGELISTA N. 9 ; (z.d. 5),VIA,TORRICELLI EVANGELISTA,9,5240.0,5,,,29.0,True,False,False,False,False
682,ACCONCIATORE,VIA TRINCEA DELLE FRASCHE N. 1 ; (z.d. 5),VIA,TRINCEA DELLE FRASCHE,1,5173.0,5,acconciatore,,56.0,True,False,False,False,False
683,ACCONCIATORE,VIA VAL DI LEDRO N. 11 ; (z.d. 9),VIA,VAL DI LEDRO,11,1532.0,9,,,32.0,True,False,False,False,False
687,ACCONCIATORE,VIA VAL MAIRA N. 6 ; (z.d. 9),VIA,VAL MAIRA,6,1098.0,9,,,,True,False,False,False,False
684,ACCONCIATORE,VIA VALFURVA N. 2 ; (z.d. 9),VIA,VALFURVA,2,1168.0,9,,,31.0,True,False,False,False,False
685,ACCONCIATORE,VIA VALFURVA N. 4 ; (z.d. 9),VIA,VALFURVA,4,1168.0,9,ACCONCIATORE,5.0,25.0,True,False,False,False,False
686,ACCONCIATORE,VIA VALLAZZE N. 66 ; (z.d. 3),VIA,VALLAZZE,66,2250.0,3,,,,True,False,False,False,False
688,ACCONCIATORE,VIA VARE' GIOVANNI BATTISTA N. 30 ; (z.d. 9),VIA,VARE' GIOVANNI BATTISTA,30,1245.0,9,,,,True,False,False,False,False
689,ACCONCIATORE,VIA VARESE N. 8 ; (z.d. 1),VIA,VARESE,8,1031.0,1,,,,True,False,False,False,False
690,ACCONCIATORE,VIA VARESINA N. 92 ; (z.d. 8),VIA,VARESINA,92,7290.0,8,,,,True,False,False,False,False
691,ACCONCIATORE,VIA VEGLIA N. 7 ; (z.d. 9),VIA,VEGLIA,7,1337.0,9,,8.0,20.0,True,False,False,False,False
692,ACCONCIATORE,VIA VENINI GIULIO E CORRADO N. 61 ; (z.d. 2),VIA,VENINI GIULIO E CORRADO,61,2258.0,2,,,45.0,True,False,False,False,False
693,ACCONCIATORE,VIA VENINI GIULIO E CORRADO num.014; (z.d. 3),VIA,SPALLANZANI LAZZARO,6,2153.0,3,,,,True,False,False,False,False
694,ACCONCIATORE,VIA VERDI GIUSEPPE N. 2 ; (z.d. 1),VIA,VERDI GIUSEPPE,2,118.0,1,,,,True,False,False,False,False
695,ACCONCIATORE,VIA VERRAZZANO GIOVANNI N. 1 ; (z.d. 2),VIA,VERRAZZANO GIOVANNI,1,2519.0,2,,,,True,False,False,False,False
696,ACCONCIATORE,VIA VETERE N. 9 ; (z.d. 1),VIA,VETERE,9,5185.0,1,,,25.0,True,False,False,False,False
697,ACCONCIATORE,VIA VETTABBIA N. 1 ; (z.d. 1),VIA,VETTABBIA,1,5187.0,1,,8.0,17.0,True,False,False,False,False
698,ACCONCIATORE,VIA VIGEVANO N. 20 ; (z.d. 6),VIA,VIGEVANO,20,5116.0,6,,,31.0,True,False,False,False,False
699,ACCONCIATORE,VIA VIMINALE N. 8 ; (z.d. 3),VIA,VIMINALE,8,2568.0,3,,,,True,False,False,False,False
700,ACCONCIATORE,VIA VIPACCO N. 6 con ingr. in via brunico 5; (z.d. 2),VIA,VIPACCO,6,2444.0,2,,,,True,False,False,False,False
701,ACCONCIATORE,VIA VISCONTI ALEX num.022c; (z.d. 8),VIA,VISCONTI ALEX,,7529.0,8,,,45.0,True,False,False,False,False
702,ACCONCIATORE,VIA VITRUVIO N. 1 ; (z.d. 3),VIA,VITRUVIO,1,2134.0,3,,,,True,False,False,False,False
703,ACCONCIATORE,VIA VITRUVIO N. 5 ; (z.d. 3),VIA,VITRUVIO,5,2134.0,3,,,20.0,True,False,False,False,False
704,ACCONCIATORE,VIA VITRUVIO N. 7 ; (z.d. 3),VIA,VITRUVIO,7,2134.0,3,,,30.0,True,False,False,False,False
705,ACCONCIATORE,VIA VITRUVIO N. 7 ; (z.d. 3),VIA,VITRUVIO,7,2134.0,3,ACCONCIATORE,8.0,16.0,True,False,False,False,False
706,ACCONCIATORE,VIA VITTADINI CARLO N. 5 ; (z.d. 5),VIA,VITTADINI CARLO,5,4055.0,5,,,,True,False,False,False,False
707,ACCONCIATORE,VIA VITTORINI ELIO N. 14 ; (z.d. 4),VIA,VITTORINI ELIO,14,3379.0,4,,,,True,False,False,False,False
708,ACCONCIATORE,VIA VOLTA ALESSANDRO N. 8 ; (z.d. 1),VIA,VOLTA ALESSANDRO,8,1018.0,1,ACCONCIATORE,,,True,False,False,False,False
709,ACCONCIATORE,VIA VOLVINIO N. 28 ; (z.d. 5),VIA,VOLVINIO,28,5333.0,5,ACCONCIATORE,,64.0,True,False,False,False,False
710,ACCONCIATORE,VIA VOLVINIO N. 39 ; (z.d. 5),VIA,VOLVINIO,39,5333.0,5,,,16.0,True,False,False,False,False
711,ACCONCIATORE,VIA VOLVINIO N. 39 ; (z.d. 5),VIA,VOLVINIO,39,5333.0,5,,,39.0,True,False,False,False,False
712,ACCONCIATORE,VIA VOLVINIO N. 46 ; (z.d. 5),VIA,VOLVINIO,46,5333.0,5,,,,True,False,False,False,False
713,ACCONCIATORE,VIA WASHINGTON GIORGIO N. 108 ; (z.d. 6),VIA,WASHINGTON GIORGIO,108,6111.0,6,,,35.0,True,False,False,False,False
714,ACCONCIATORE,VIA WASHINGTON GIORGIO N. 80 ; (z.d. 6),VIA,WASHINGTON GIORGIO,80,6111.0,6,,,,True,False,False,False,False
715,ACCONCIATORE,VIA WATT GIACOMO N. 16 ; (z.d. 6),VIA,WATT GIACOMO,16,5292.0,6,,,,True,False,False,False,False
716,ACCONCIATORE,VIA ZAMBALDI SILVIO N. 1 ; (z.d. 3),VIA,ZAMBALDI SILVIO,1,2689.0,3,,4.0,25.0,True,False,False,False,False
717,ACCONCIATORE,VIA ZANELLA GIACOMO N. 68 ; (z.d. 4),VIA,ZANELLA GIACOMO,68,3257.0,4,,,,True,False,False,False,False
718,ACCONCIATORE,VIA ZANELLA GIACOMO num.059; (z.d. 4),VIA,TITO LIVIO,25,4086.0,4,,,,True,False,False,False,False
719,ACCONCIATORE,VIA ZANTE N. 21 ingresso da via dalmazia; (z.d. 4),VIA,ZANTE,21,3364.0,4,,,,True,False,False,False,False
720,ACCONCIATORE,VIA ZUMBINI BONAVENTURA interno villaggio barona num.028; (z.d. 6),VIA,ZUMBINI BONAVENTURA,,5302.0,6,,,,True,False,False,False,False
721,ACCONCIATORE,VIA ZURIGO N. 22 ; (z.d. 7),VIA,ZURIGO,22,6318.0,7,,,,True,False,False,False,False
722,ACCONCIATORE,VIE DELLA ROBBIA LUCA N. 8 ; (z.d. 8),VIE,DELLA ROBBIA LUCA,8,6349.0,8,,,33.0,True,False,False,False,False
723,ACCONCIATORE,VLE ABRUZZI N. 64 ; (z.d. 3),VLE,ABRUZZI,64,2177.0,3,,,,True,False,False,False,False
724,ACCONCIATORE,VLE ARGONNE N. 10 ; (z.d. 4),VLE,ARGONNE,10,3254.0,4,,,24.0,True,False,False,False,False
725,ACCONCIATORE,VLE ARGONNE N. 24 ; (z.d. 4),VLE,ARGONNE,24,3254.0,4,,,,True,False,False,False,False
726,ACCONCIATORE,VLE ARGONNE N. 3 acconciatore; (z.d. 3),VLE,ARGONNE,3,3254.0,3,,,30.0,True,False,False,False,False
727,ACCONCIATORE,VLE BACCHIGLIONE N. 2 ; (z.d. 4),VLE,BACCHIGLIONE,2,4171.0,4,,,,True,False,False,False,False
728,ACCONCIATORE,VLE BIANCA MARIA N. 10 ; (z.d. 1),VLE,BIANCA MARIA,10,3050.0,1,,,22.0,True,False,False,False,False
729,ACCONCIATORE,VLE BLIGNY N. 41 ; (z.d. 5),VLE,BLIGNY,41,4045.0,5,,,,True,False,False,False,False
730,ACCONCIATORE,VLE BRENTA N. 6 ; (z.d. 4),VLE,BRENTA,6,4151.0,4,,,50.0,True,False,False,False,False
731,ACCONCIATORE,VLE CA' GRANDA N. 2 ; (z.d. 9),VLE,CA' GRANDA,2,1443.0,9,,,83.0,True,False,False,False,False
732,ACCONCIATORE,VLE CALDARA EMILIO N. 30 ; (z.d. 1),VLE,CALDARA EMILIO,30,4036.0,1,,,,True,False,False,False,False
733,ACCONCIATORE,VLE CAMPANIA N. 42 ; (z.d. 4),VLE,CAMPANIA,42,3100.0,4,,,55.0,True,False,False,False,False
734,ACCONCIATORE,VLE CASSALA N. 45 ; (z.d. 6),VLE,CASSALA,45,5275.0,6,,10.0,20.0,True,False,False,False,False
735,ACCONCIATORE,VLE CERTOSA N. 121 ; (z.d. 8),VLE,CERTOSA,121,7174.0,8,,,,True,False,False,False,False
736,ACCONCIATORE,VLE CERTOSA N. 36 ; (z.d. 8),VLE,CERTOSA,36,7174.0,8,,,45.0,True,False,False,False,False
737,ACCONCIATORE,VLE CERTOSA N. 60 ; (z.d. 8),VLE,CERTOSA,60,7174.0,8,,,31.0,True,False,False,False,False
738,ACCONCIATORE,VLE COL DI LANA N. 2 ; (z.d. 5),VLE,COL DI LANA,2,5198.0,5,,8.0,25.0,True,False,False,False,False
739,ACCONCIATORE,VLE COL DI LANA N. 5 ; (z.d. 5),VLE,COL DI LANA,5,5198.0,5,,,40.0,True,False,False,False,False
740,ACCONCIATORE,VLE CORSICA N. 16 ; (z.d. 4),VLE,CORSICA,16,3262.0,4,,,15.0,True,False,False,False,False
741,ACCONCIATORE,VLE DORIA ANDREA N. 24 ; (z.d. 3),VLE,DORIA ANDREA,24,2230.0,3,,,53.0,True,False,False,False,False
742,ACCONCIATORE,VLE DORIA ANDREA N. 44 ; (z.d. 3),VLE,DORIA ANDREA,44,2230.0,3,,,74.0,True,False,False,False,False
743,ACCONCIATORE,VLE FAMAGOSTA N. 23 ; (z.d. 6),VLE,FAMAGOSTA,23,5353.0,6,,,40.0,True,False,False,False,False
744,ACCONCIATORE,VLE FORLANINI ENRICO con ingr. da p.zza artigianato num.0509; (z.d. 4),VIA,MINCIO,3,4157.0,4,,,,True,False,False,False,False
745,ACCONCIATORE,VLE FORLANINI ENRICO num.0505; (z.d. 4),VIA,TAGLIAMENTO,19,4147.0,4,,,48.0,True,False,False,False,False
746,ACCONCIATORE,VLE GIOVANNI DA CERMENATE N. 24 ; (z.d. 5),VLE,GIOVANNI DA CERMENATE,24,5261.0,5,,,,True,False,False,False,False
747,ACCONCIATORE,VLE GRAN SASSO N. 2 ; (z.d. 3),VLE,GRAN SASSO,2,2243.0,3,,,30.0,True,False,False,False,False
748,ACCONCIATORE,VLE JENNER EDOARDO N. 10 ; (z.d. 9),VLE,JENNER EDOARDO,10,1230.0,9,ACCONCIATORE,,17.0,True,False,False,False,False
749,ACCONCIATORE,VLE LAZIO N. 1 ; (z.d. 4),VLE,LAZIO,1,4089.0,4,,,15.0,True,False,False,False,False
750,ACCONCIATORE,VLE LEGIONI ROMANE N. 65 ; (z.d. 6),VLE,LEGIONI ROMANE,65,6649.0,6,,,34.0,True,False,False,False,False
751,ACCONCIATORE,VLE LOMBARDIA N. 65 ; (z.d. 3),VLE,LOMBARDIA,65,2400.0,3,,,,True,False,False,False,False
752,ACCONCIATORE,VLE LUNIGIANA N. 12 ; (z.d. 2),VLE,LUNIGIANA,12,1214.0,2,,,37.0,True,False,False,False,False
753,ACCONCIATORE,VLE LUNIGIANA N. 15 ; (z.d. 2),VLE,LUNIGIANA,15,1214.0,2,,10.0,28.0,True,False,False,False,False
754,ACCONCIATORE,VLE MARTINI ENRICO N. 13 ; (z.d. 4),VLE,MARTINI ENRICO,13,4175.0,4,,,35.0,True,False,False,False,False
755,ACCONCIATORE,VLE MOLISE N. 54 ; (z.d. 4),VLE,MOLISE,54,3178.0,4,,,35.0,True,False,False,False,False
756,ACCONCIATORE,VLE MONTE CENERI N. 14 ; (z.d. 8),VLE,MONTE CENERI,14,7176.0,8,,,21.0,True,False,False,False,False
757,ACCONCIATORE,VLE MONTE CENERI N. 34 ; (z.d. 8),VLE,MONTE CENERI,34,7176.0,8,,,34.0,True,False,False,False,False
758,ACCONCIATORE,VLE MONTE CENERI N. 36 ; (z.d. 8),VLE,MONTE CENERI,36,7176.0,8,ACCONCIATORE,,34.0,True,False,False,False,False
761,ACCONCIATORE,VLE MONTE NERO N. 38 ; (z.d. 4),VLE,MONTE NERO,38,3062.0,4,,,18.0,True,False,False,False,False
763,ACCONCIATORE,VLE MONTE NERO N. 7 ; (z.d. 1),VLE,MONTE NERO,7,3062.0,1,,,50.0,True,False,False,False,False
762,ACCONCIATORE,VLE MONTE NERO N. 76 ; (z.d. 4),VLE,MONTE NERO,76,3062.0,4,,,14.0,True,False,False,False,False
759,ACCONCIATORE,VLE MONTELLO N. 18 ; (z.d. 1),VLE,MONTELLO,18,7126.0,1,,,,True,False,False,False,False
760,ACCONCIATORE,VLE MONTELLO N. 5 ; (z.d. 1),VLE,MONTELLO,5,7126.0,1,,,29.0,True,False,False,False,False
764,ACCONCIATORE,VLE MONZA N. 18 ; (z.d. 2),VLE,MONZA,18,2274.0,2,,,70.0,True,False,False,False,False
765,ACCONCIATORE,VLE MONZA N. 233 ; (z.d. 2),VLE,MONZA,233,2274.0,2,,,,True,False,False,False,False
767,ACCONCIATORE,VLE MONZA N. 24 ; (z.d. 2),VLE,MONZA,24,2274.0,2,,,,True,False,False,False,False
766,ACCONCIATORE,VLE MONZA N. 249 ; (z.d. 2),VLE,MONZA,249,2274.0,2,,,55.0,True,False,False,False,False
768,ACCONCIATORE,VLE MONZA N. 256 ; (z.d. 2),VLE,MONZA,256,2274.0,2,,,,True,False,False,False,False
769,ACCONCIATORE,VLE MONZA N. 267 c/o centro comm.le sma; (z.d. 2),VLE,MONZA,267,2274.0,2,,,,True,False,False,False,False
770,ACCONCIATORE,VLE MONZA N. 39 ; (z.d. 2),VLE,MONZA,39,2274.0,2,,,,True,False,False,False,False
771,ACCONCIATORE,VLE ORIONE DON LUIGI N. 21 ; (z.d. 2),VLE,ORIONE DON LUIGI,21,2378.0,2,,,,True,False,False,False,False
772,ACCONCIATORE,VLE PASUBIO N. 12 ; (z.d. 9),VLE,PASUBIO,12,1112.0,9,,,20.0,True,False,False,False,False
773,ACCONCIATORE,VLE PIAVE N. 3 ; (z.d. 1),VLE,PIAVE,3,2179.0,1,,,50.0,True,False,False,False,False
774,ACCONCIATORE,VLE PIAVE N. 7 ; (z.d. 1),VLE,PIAVE,7,2179.0,1,,,,True,False,False,False,False
775,ACCONCIATORE,VLE PICENO N. 29 ; (z.d. 4),VLE,PICENO,29,3114.0,4,,,55.0,True,False,False,False,False
776,ACCONCIATORE,VLE PISA N. 4 ; (z.d. 7),VLE,PISA,4,6615.0,7,,,42.0,True,False,False,False,False
777,ACCONCIATORE,VLE PISA N. 6 ; (z.d. 7),VLE,PISA,6,6615.0,7,,,57.0,True,False,False,False,False
778,ACCONCIATORE,VLE RAPISARDI MARIO N. 4 ; (z.d. 9),VLE,RAPISARDI MARIO,4,1656.0,9,ACCONCIATORE,,65.0,True,False,False,False,False
779,ACCONCIATORE,VLE ROMAGNA N. 23 ; (z.d. 3),VLE,ROMAGNA,23,3102.0,3,,,,True,False,False,False,False
780,ACCONCIATORE,VLE SABOTINO N. 14 ; (z.d. 5),VLE,SABOTINO,14,4046.0,5,,,,True,False,False,False,False
781,ACCONCIATORE,VLE SABOTINO N. 16 ; (z.d. 5),VLE,SABOTINO,16,4046.0,5,ACCONCIATORE,,,True,False,False,False,False
782,ACCONCIATORE,VLE SAN MICHELE DEL CARSO N. 20 ; (z.d. 7),VLE,SAN MICHELE DEL CARSO,20,6212.0,7,,,30.0,True,False,False,False,False
783,ACCONCIATORE,VLE SARCA N. 163 angolo v. rodi; (z.d. 9),VLE,SARCA,163,1427.0,9,,,50.0,True,False,False,False,False
784,ACCONCIATORE,VLE SARCA N. 81 ; (z.d. 9),VLE,SARCA,81,1427.0,9,,,,True,False,False,False,False
785,ACCONCIATORE,VLE SAURO NAZARIO N. 9 ; (z.d. 2),VLE,SAURO NAZARIO,9,1175.0,2,,3.0,25.0,True,False,False,False,False
786,ACCONCIATORE,VLE SUZZANI GIOVANNI N. 270 ; (z.d. 9),VLE,SUZZANI GIOVANNI,270,1446.0,9,,,,True,False,False,False,False
787,ACCONCIATORE,VLE TESTI FULVIO N. 82 ; (z.d. 9),VLE,TESTI FULVIO,82,1441.0,9,,,,True,False,False,False,False
788,ACCONCIATORE,VLE TROYA CARLO N. 4 ; (z.d. 6),VLE,TROYA CARLO,4,5140.0,6,,,41.0,True,False,False,False,False
789,ACCONCIATORE,VLE UMBRIA N. 9 ; (z.d. 4),VLE,UMBRIA,9,3145.0,4,,,33.0,True,False,False,False,False
790,ACCONCIATORE,VLE UNGHERIA N. 26 (z.d. 4),VLE,UNGHERIA,26,3357.0,4,,,80.0,True,False,False,False,False
791,ACCONCIATORE,VLE ZARA N. 116 ; (z.d. 2),VLE,ZARA,116,1170.0,2,,,37.0,True,False,False,False,False
792,ACCONCIATORE,VLE ZARA N. 116 ; (z.d. 2),VLE,ZARA,116,1170.0,2,,,50.0,True,False,False,False,False
793,ACCONCIATORE,VLO SANTA MARIA VALLE N. 4 ; (z.d. 1),VLO,SANTA MARIA VALLE,4,534.0,1,,,32.0,True,False,False,False,False
210,ACCONCIATORE,codvia 4386 num.008; (z.d. 4),CSO,LODI,72,4068.0,4,,,50.0,True,False,False,False,False
243,ACCONCIATORE,mm1 duomo codvia 9112 num.000; (z.d. 1),CSO,SEMPIONE,10,7137.0,1,,,,True,False,False,False,False
803,ACCONCIATORE;TIPO A - REG.2003,CSO CONCORDIA N. 12 ; (z.d. 4),CSO,CONCORDIA,12,3116.0,4,,,65.0,True,True,False,False,False
804,ACCONCIATORE;TIPO A - REG.2003,CSO DI PORTA VITTORIA N. 13 piano primo; (z.d. 1),CSO,DI PORTA VITTORIA,13,3016.0,1,,,,True,True,False,False,False
805,ACCONCIATORE;TIPO A - REG.2003,CSO DI PORTA VITTORIA N. 5 ; (z.d. 1),CSO,DI PORTA VITTORIA,5,3016.0,1,,,,True,True,False,False,False
806,ACCONCIATORE;TIPO A - REG.2003,CSO GARIBALDI GIUSEPPE N. 73 ; (z.d. 1),CSO,GARIBALDI GIUSEPPE,73,1010.0,1,,,73.0,True,True,False,False,False
807,ACCONCIATORE;TIPO A - REG.2003,CSO GARIBALDI GIUSEPPE N. 73 ; (z.d. 1),CSO,GARIBALDI GIUSEPPE,73,1010.0,1,,,,True,True,False,False,False
808,ACCONCIATORE;TIPO A - REG.2003,CSO GARIBALDI GIUSEPPE num.051a; (z.d. 1),VLE,CRISPI FRANCESCO,9,1063.0,1,,1.0,21.0,True,True,False,False,False
809,ACCONCIATORE;TIPO A - REG.2003,CSO MONFORTE N. 9 ; (z.d. 1),CSO,MONFORTE,9,348.0,1,,10.0,220.0,True,True,False,False,False
810,ACCONCIATORE;TIPO A - REG.2003,CSO SAN GOTTARDO N. 34 ; (z.d. 5),CSO,SAN GOTTARDO,34,5203.0,5,ACCONCIATORE,,20.0,True,True,False,False,False
811,ACCONCIATORE;TIPO A - REG.2003,CSO SEMPIONE N. 65 ; (z.d. 8),CSO,SEMPIONE,65,7137.0,8,,,,True,True,False,False,False
812,ACCONCIATORE;TIPO A - REG.2003,CSO SEMPIONE N. 71 ; (z.d. 8),CSO,SEMPIONE,71,7137.0,8,,,,True,True,False,False,False
813,ACCONCIATORE;TIPO A - REG.2003,VIA AMADEO GIAN ANTONIO N. 40 ; (z.d. 3),VIA,AMADEO GIAN ANTONIO,40,3228.0,3,,,115.0,True,True,False,False,False
814,ACCONCIATORE;TIPO A - REG.2003,VIA BALBO CESARE N. 36 ; (z.d. 5),VIA,BALBO CESARE,36,4208.0,5,,,55.0,True,True,False,False,False
815,ACCONCIATORE;TIPO A - REG.2003,VIA BENELLI SEM N. 11 con ingresso in via uruguay; (z.d. 8),VIA,BENELLI SEM,11,7497.0,8,,,40.0,True,True,False,False,False
816,ACCONCIATORE;TIPO A - REG.2003,VIA BERGAMO N. 22 ; (z.d. 4),VIA,BERGAMO,22,3189.0,4,,,,True,True,False,False,False
817,ACCONCIATORE;TIPO A - REG.2003,VIA BIONDI EZIO N. 1 ; (z.d. 8),VIA,BIONDI EZIO,1,7186.0,8,,,43.0,True,True,False,False,False
818,ACCONCIATORE;TIPO A - REG.2003,VIA BROLETTO N. 30 ; (z.d. 1),VIA,BROLETTO,30,720.0,1,,,65.0,True,True,False,False,False
819,ACCONCIATORE;TIPO A - REG.2003,VIA BROLETTO N. 39 ; (z.d. 1),VIA,BROLETTO,39,720.0,1,,,,True,True,False,False,False
820,ACCONCIATORE;TIPO A - REG.2003,VIA BUGATTI ETTORE N. 9 ; (z.d. 5),VIA,BUGATTI ETTORE,9,4353.0,5,,,44.0,True,True,False,False,False
821,ACCONCIATORE;TIPO A - REG.2003,VIA CENISIO N. 37 ; (z.d. 8),VIA,CENISIO,37,7184.0,8,,,,True,True,False,False,False
822,ACCONCIATORE;TIPO A - REG.2003,VIA CENISIO N. 8 ; (z.d. 8),VIA,CENISIO,8,7184.0,8,,10.0,66.0,True,True,False,False,False
823,ACCONCIATORE;TIPO A - REG.2003,VIA CERVA N. 10 int.cortile; (z.d. 1),VIA,CERVA,10,314.0,1,,,55.0,True,True,False,False,False
824,ACCONCIATORE;TIPO A - REG.2003,VIA COL MOSCHIN N. 1 ; (z.d. 5),VIA,COL MOSCHIN,1,5211.0,5,,,,True,True,False,False,False
825,ACCONCIATORE;TIPO A - REG.2003,VIA COLONNA VITTORIA N. 43 ; (z.d. 7),VIA,COLONNA VITTORIA,43,6284.0,7,,,,True,True,False,False,False
826,ACCONCIATORE;TIPO A - REG.2003,VIA COLONNA VITTORIA N. 51 ; (z.d. 7),VIA,COLONNA VITTORIA,51,6284.0,7,,,,True,True,False,False,False
827,ACCONCIATORE;TIPO A - REG.2003,VIA CONTE VERDE N. 1 con ingresso via c. imbonati; (z.d. 9),VIA,CONTE VERDE,1,1505.0,9,,,,True,True,False,False,False
828,ACCONCIATORE;TIPO A - REG.2003,VIA DE FILIPPI FILIPPO N. 4 con ingr. in via broggi; (z.d. 3),VIA,DE FILIPPI FILIPPO,4,2159.0,3,,,60.0,True,True,False,False,False
831,ACCONCIATORE;TIPO A - REG.2003,VIA F.LLI RUFFINI N. 9 ; (z.d. 1),VIA,F.LLI RUFFINI,9,6163.0,1,,,81.0,True,True,False,False,False
829,ACCONCIATORE;TIPO A - REG.2003,VIA FARINI CARLO N. 8 ; (z.d. 9),VIA,FARINI CARLO,8,1114.0,9,,2.0,35.0,True,True,False,False,False
830,ACCONCIATORE;TIPO A - REG.2003,VIA FAUCHE' GIOVANNI BATTISTA N. 38 ; (z.d. 8),VIA,FAUCHE' GIOVANNI BATTISTA,38,7192.0,8,,,30.0,True,True,False,False,False
832,ACCONCIATORE;TIPO A - REG.2003,VIA GALLURA N. 1 ; (z.d. 5),VIA,GALLURA,1,4256.0,5,,,,True,True,False,False,False
833,ACCONCIATORE;TIPO A - REG.2003,VIA GIAMBELLINO N. 5 (z.d. 6),VIA,GIAMBELLINO,5,5136.0,6,,,45.0,True,True,False,False,False
834,ACCONCIATORE;TIPO A - REG.2003,VIA LARGA N. 2 ; (z.d. 1),VIA,LARGA,2,318.0,1,,,160.0,True,True,False,False,False
835,ACCONCIATORE;TIPO A - REG.2003,VIA LOSANNA N. 14 ; (z.d. 8),VIA,LOSANNA,14,7190.0,8,,,,True,True,False,False,False
836,ACCONCIATORE;TIPO A - REG.2003,VIA MADONNINA N. 13 ; (z.d. 1),VIA,MADONNINA,13,134.0,1,,,78.0,True,True,False,False,False
837,ACCONCIATORE;TIPO A - REG.2003,VIA MANZONI ALESSANDRO N. 16 ; (z.d. 1),VIA,MANZONI ALESSANDRO,16,230.0,1,,,,True,True,False,False,False
838,ACCONCIATORE;TIPO A - REG.2003,VIA MARGHERA N. 14 ; (z.d. 7),VIA,MARGHERA,14,6280.0,7,,,,True,True,False,False,False
839,ACCONCIATORE;TIPO A - REG.2003,VIA MAURI ACHILLE N. 4 ; (z.d. 1),VIA,MAURI ACHILLE,4,527.0,1,,,,True,True,False,False,False
840,ACCONCIATORE;TIPO A - REG.2003,VIA MAZZINI GIUSEPPE N. 16 ; (z.d. 1),VIA,MAZZINI GIUSEPPE,16,516.0,1,,,,True,True,False,False,False
841,ACCONCIATORE;TIPO A - REG.2003,VIA MEDA GIUSEPPE N. 34 ; (z.d. 5),VIA,MEDA GIUSEPPE,34,5242.0,5,,,48.0,True,True,False,False,False
842,ACCONCIATORE;TIPO A - REG.2003,VIA MONTI VINCENZO N. 29 ; (z.d. 1),VIA,MONTI VINCENZO,29,6155.0,1,,,55.0,True,True,False,False,False
843,ACCONCIATORE;TIPO A - REG.2003,VIA MONTI VINCENZO N. 41 piano terra; (z.d. 1),VIA,MONTI VINCENZO,41,6155.0,1,,,56.0,True,True,False,False,False
844,ACCONCIATORE;TIPO A - REG.2003,VIA PACINI GIOVANNI N. 15 ; (z.d. 3),VIA,PACINI GIOVANNI,15,2571.0,3,,,36.0,True,True,False,False,False
845,ACCONCIATORE;TIPO A - REG.2003,VIA PADOVA N. 63 ; (z.d. 2),VIA,PADOVA,63,2275.0,2,,,,True,True,False,False,False
846,ACCONCIATORE;TIPO A - REG.2003,VIA PONTE VETERO N. 10 ; (z.d. 1),VIA,PONTE VETERO,10,718.0,1,,,111.0,True,True,False,False,False
847,ACCONCIATORE;TIPO A - REG.2003,VIA RAVIZZA CARLO N. 21 ; (z.d. 7),VIA,RAVIZZA CARLO,21,6285.0,7,,,63.0,True,True,False,False,False
848,ACCONCIATORE;TIPO A - REG.2003,VIA REMBRANDT N. 9 ; (z.d. 7),VIA,REMBRANDT,9,6618.0,7,,,,True,True,False,False,False
849,ACCONCIATORE;TIPO A - REG.2003,VIA ROVELLO N. 1 al piano terra; (z.d. 1),VIA,ROVELLO,1,722.0,1,,,,True,True,False,False,False
850,ACCONCIATORE;TIPO A - REG.2003,VIA SAN MARCO N. 20 ; (z.d. 1),VIA,SAN MARCO,20,1036.0,1,,,,True,True,False,False,False
851,ACCONCIATORE;TIPO A - REG.2003,VIA SANTA CROCE N. 1 ; (z.d. 1),VIA,SANTA CROCE,1,5188.0,1,,,35.0,True,True,False,False,False
853,ACCONCIATORE;TIPO A - REG.2003,VIA SANTA SOFIA N. 1 ; (z.d. 1),VIA,SANTA SOFIA,1,408.0,1,,,,True,True,False,False,False
852,ACCONCIATORE;TIPO A - REG.2003,VIA SANTA SOFIA N. 18 ; (z.d. 1),VIA,SANTA SOFIA,18,408.0,1,,,,True,True,False,False,False
854,ACCONCIATORE;TIPO A - REG.2003,VIA SARDEGNA N. 35 ; (z.d. 7),VIA,SARDEGNA,35,6265.0,7,,,,True,True,False,False,False
855,ACCONCIATORE;TIPO A - REG.2003,VIA SETTEMBRINI LUIGI N. 20 ; (z.d. 3),VIA,SETTEMBRINI LUIGI,20,2127.0,3,,,88.0,True,True,False,False,False
856,ACCONCIATORE;TIPO A - REG.2003,VIA STATUTO N. 12 ; (z.d. 1),VIA,STATUTO,12,1029.0,1,,,,True,True,False,False,False
857,ACCONCIATORE;TIPO A - REG.2003,VIA TALLONE CESARE N. 16 ; (z.d. 3),VIA,TALLONE CESARE,16,3309.0,3,,10.0,51.0,True,True,False,False,False
858,ACCONCIATORE;TIPO A - REG.2003,VIA TERRAGGIO N. 23 p.t. + piano interrato; (z.d. 1),VIA,TERRAGGIO,23,644.0,1,,,67.0,True,True,False,False,False
859,ACCONCIATORE;TIPO A - REG.2003,VIA TRAIANO MARCO ULPIO N. 50 ; (z.d. 9),VIA,TRAIANO MARCO ULPIO,50,7157.0,8,,,,True,True,False,False,False
860,ACCONCIATORE;TIPO A - REG.2003,VIA VILLORESI EUGENIO N. 4 ; (z.d. 6),VIA,VILLORESI EUGENIO,4,5145.0,6,,,70.0,True,True,False,False,False
861,ACCONCIATORE;TIPO A - REG.2003,VIA WASHINGTON GIORGIO N. 5 ; (z.d. 7),VIA,WASHINGTON GIORGIO,5,6111.0,7,,,,True,True,False,False,False
862,ACCONCIATORE;TIPO A - REG.2003,VLE CASSIODORO N. 4 ; (z.d. 8),VLE,CASSIODORO,4,6359.0,8,,,,True,True,False,False,False
863,ACCONCIATORE;TIPO A - REG.2003,VLE CERTOSA N. 236 ; (z.d. 8),VLE,CERTOSA,236,7174.0,8,,,,True,True,False,False,False
864,ACCONCIATORE;TIPO A - REG.2003,VLE COL DI LANA num.007a; (z.d. 5),VLE,COL DI LANA,,5198.0,5,,3.0,27.0,True,True,False,False,False
865,ACCONCIATORE;TIPO A - REG.2003,VLE ROMAGNA N. 67 ; (z.d. 3),VLE,ROMAGNA,67,3102.0,3,,,,True,True,False,False,False
866,ACCONCIATORE;TIPO A - REG.2003,VLE TUNISIA N. 23 ; (z.d. 3),VLE,TUNISIA,23,2121.0,3,,,49.0,True,True,False,False,False
867,ACCONCIATORE;TIPO A - REG.2003,VLE VIGLIANI PAOLO ONORATO N. 19 ; (z.d. 8),VLE,VIGLIANI PAOLO ONORATO,19,6422.0,8,,,55.0,True,True,False,False,False
869,ACCONCIATORE;TIPO A - REG.2003;TIPO B CENTRO DI ABBRONZATURA,CSO COLOMBO CRISTOFORO N. 1 ; (z.d. 6),CSO,COLOMBO CRISTOFORO,1,5114.0,6,,,120.0,True,True,True,False,False
870,ACCONCIATORE;TIPO A - REG.2003;TIPO B CENTRO DI ABBRONZATURA,CSO ITALIA N. 6 ; (z.d. 1),CSO,ITALIA,6,526.0,1,,,,True,True,True,False,False
871,ACCONCIATORE;TIPO A - REG.2003;TIPO B CENTRO DI ABBRONZATURA,CSO SAN GOTTARDO N. 5 ; (z.d. 5),CSO,SAN GOTTARDO,5,5203.0,5,,,,True,True,True,False,False
872,ACCONCIATORE;TIPO A - REG.2003;TIPO B CENTRO DI ABBRONZATURA,GLL UNIONE N. 1 ; (z.d. 1),GLL,UNIONE,1,510.0,1,,,64.0,True,True,True,False,False
873,ACCONCIATORE;TIPO A - REG.2003;TIPO B CENTRO DI ABBRONZATURA,PLE SIENA N. 9 ; (z.d. 7),PLE,SIENA,9,6616.0,7,,,39.0,True,True,True,False,False
874,ACCONCIATORE;TIPO A - REG.2003;TIPO B CENTRO DI ABBRONZATURA,PZA GASPARRI PIETRO N. 4 ; (z.d. 9),PZA,GASPARRI PIETRO,4,1647.0,9,,,,True,True,True,False,False
875,ACCONCIATORE;TIPO A - REG.2003;TIPO B CENTRO DI ABBRONZATURA,PZA OBERDAN GUGLIELMO N. 10 ; (z.d. 3),PZA,OBERDAN GUGLIELMO,10,2108.0,3,,,108.0,True,True,True,False,False
876,ACCONCIATORE;TIPO A - REG.2003;TIPO B CENTRO DI ABBRONZATURA,PZA SANT' AGOSTINO N. 18 piano rialzato e seminterrato; (z.d. 1),PZA,SANT' AGOSTINO,18,5091.0,1,,40.0,50.0,True,True,True,False,False
877,ACCONCIATORE;TIPO A - REG.2003;TIPO B CENTRO DI ABBRONZATURA,VIA ADRIANO PUBLIO ELIO N. 100 ; (z.d. 2),VIA,ADRIANO PUBLIO ELIO,100,2410.0,2,ACCONCIATORE,,123.0,True,True,True,False,False
878,ACCONCIATORE;TIPO A - REG.2003;TIPO B CENTRO DI ABBRONZATURA,VIA ARONA int. centro comm.le coop num.0155; (z.d. 8),VIA,ARONA,,7169.0,8,,,,True,True,True,False,False
879,ACCONCIATORE;TIPO A - REG.2003;TIPO B CENTRO DI ABBRONZATURA,VIA BARONI COSTANTINO num.008b; (z.d. 5),VIA,BARONI COSTANTINO,,5422.0,5,,,105.0,True,True,True,False,False
880,ACCONCIATORE;TIPO A - REG.2003;TIPO B CENTRO DI ABBRONZATURA,VIA BOIFAVA PIETRO num.076a; (z.d. 5),VIA,BOIFAVA PIETRO,,5341.0,5,,,20.0,True,True,True,False,False
881,ACCONCIATORE;TIPO A - REG.2003;TIPO B CENTRO DI ABBRONZATURA,VIA BORDIGHERA N. 22 ; (z.d. 5),VIA,BORDIGHERA,22,5265.0,5,,,48.0,True,True,True,False,False
882,ACCONCIATORE;TIPO A - REG.2003;TIPO B CENTRO DI ABBRONZATURA,VIA CELLINI BENVENUTO N. 3 ; (z.d. 4),VIA,CELLINI BENVENUTO,3,3081.0,4,,,40.0,True,True,True,False,False
883,ACCONCIATORE;TIPO A - REG.2003;TIPO B CENTRO DI ABBRONZATURA,VIA CORRENTI CESARE N. 19 ; (z.d. 1),VIA,CORRENTI CESARE,19,555.0,1,,,70.0,True,True,True,False,False
884,ACCONCIATORE;TIPO A - REG.2003;TIPO B CENTRO DI ABBRONZATURA,VIA COSTA ANDREA N. 2 piano terra ed interrato; (z.d. 3),VIA,COSTA ANDREA,2,2276.0,3,,,,True,True,True,False,False
885,ACCONCIATORE;TIPO A - REG.2003;TIPO B CENTRO DI ABBRONZATURA,VIA DE AMICIS EDMONDO N. 39 ; (z.d. 1),VIA,DE AMICIS EDMONDO,39,574.0,1,,,39.0,True,True,True,False,False
891,ACCONCIATORE;TIPO A - REG.2003;TIPO B CENTRO DI ABBRONZATURA,VIA DE PRETIS AGOSTINO N. 7 ; (z.d. 6),VIA,DE PRETIS AGOSTINO,7,5431.0,6,,,,True,True,True,False,False
892,ACCONCIATORE;TIPO A - REG.2003;TIPO B CENTRO DI ABBRONZATURA,VIA DE RUGGIERO GUIDO N. 8 ; (z.d. 5),VIA,DE RUGGIERO GUIDO,8,5442.0,5,,,,True,True,True,False,False
886,ACCONCIATORE;TIPO A - REG.2003;TIPO B CENTRO DI ABBRONZATURA,VIA DEI TULIPANI N. 16 ; (z.d. 6),VIA,DEI TULIPANI,16,6713.0,6,,20.0,110.0,True,True,True,False,False
887,ACCONCIATORE;TIPO A - REG.2003;TIPO B CENTRO DI ABBRONZATURA,VIA DELLA CAPINERA N. 5 ; (z.d. 6),VIA,DELLA CAPINERA,5,6659.0,6,,,,True,True,True,False,False
888,ACCONCIATORE;TIPO A - REG.2003;TIPO B CENTRO DI ABBRONZATURA,VIA DELLA MOSCOVA num.044; (z.d. 1),VIA,VOLTA ALESSANDRO,8,1018.0,1,,,,True,True,True,False,False
889,ACCONCIATORE;TIPO A - REG.2003;TIPO B CENTRO DI ABBRONZATURA,VIA DELLE BETULLE N. 34 ; (z.d. 7),VIA,DELLE BETULLE,34,6828.0,7,,,,True,True,True,False,False
890,ACCONCIATORE;TIPO A - REG.2003;TIPO B CENTRO DI ABBRONZATURA,VIA DELLE BETULLE N. 8 ; (z.d. 7),VIA,DELLE BETULLE,8,6828.0,7,,,,True,True,True,False,False
893,ACCONCIATORE;TIPO A - REG.2003;TIPO B CENTRO DI ABBRONZATURA,VIA DONATELLO N. 2 ; (z.d. 3),VIA,DONATELLO,2,2214.0,3,,56.0,99.0,True,True,True,False,False
894,ACCONCIATORE;TIPO A - REG.2003;TIPO B CENTRO DI ABBRONZATURA,VIA DONIZETTI GAETANO num.001a; (z.d. 1),VIA,DEL BOLLO,3,568.0,1,,,75.0,True,True,True,False,False
895,ACCONCIATORE;TIPO A - REG.2003;TIPO B CENTRO DI ABBRONZATURA,VIA FALCK ENRICO num.033c; (z.d. 8),VIA,FALCK ENRICO,,7438.0,8,,,,True,True,True,False,False
896,ACCONCIATORE;TIPO A - REG.2003;TIPO B CENTRO DI ABBRONZATURA,VIA GROSSI TOMMASO N. 10 ; (z.d. 1),VIA,GROSSI TOMMASO,10,105.0,1,,,,True,True,True,False,False
897,ACCONCIATORE;TIPO A - REG.2003;TIPO B CENTRO DI ABBRONZATURA,VIA MAC MAHON N. 79 ; (z.d. 8),VIA,MAC MAHON,79,7221.0,8,,,41.0,True,True,True,False,False
898,ACCONCIATORE;TIPO A - REG.2003;TIPO B CENTRO DI ABBRONZATURA,VIA MAFFEI ANDREA N. 15 ; (z.d. 4),VIA,MAFFEI ANDREA,15,3191.0,4,,,,True,True,True,False,False
899,ACCONCIATORE;TIPO A - REG.2003;TIPO B CENTRO DI ABBRONZATURA,VIA MANTEGNA ANDREA N. 2 ; (z.d. 8),VIA,MANTEGNA ANDREA,2,7203.0,8,,,,True,True,True,False,False
900,ACCONCIATORE;TIPO A - REG.2003;TIPO B CENTRO DI ABBRONZATURA,VIA MARX CARLO N. 18 ; (z.d. 7),VIA,MARX CARLO,18,6082.0,7,,,,True,True,True,False,False
901,ACCONCIATORE;TIPO A - REG.2003;TIPO B CENTRO DI ABBRONZATURA,VIA MECENATE N. 107 ; (z.d. 4),VIA,MECENATE,107,3323.0,4,,,,True,True,True,False,False
902,ACCONCIATORE;TIPO A - REG.2003;TIPO B CENTRO DI ABBRONZATURA,VIA MINTURNO N. 1 ; (z.d. 2),VIA,MINTURNO,1,2482.0,2,,,65.0,True,True,True,False,False
903,ACCONCIATORE;TIPO A - REG.2003;TIPO B CENTRO DI ABBRONZATURA,VIA MONTE BIANCO ingresso da p.zza amendola num.002a; (z.d. 8),VIA,MONTE BIANCO,,6392.0,8,,,31.0,True,True,True,False,False
904,ACCONCIATORE;TIPO A - REG.2003;TIPO B CENTRO DI ABBRONZATURA,VIA MONTE ROSA N. 69 ; (z.d. 7),VIA,MONTE ROSA,69,6388.0,7,,,76.0,True,True,True,False,False
905,ACCONCIATORE;TIPO A - REG.2003;TIPO B CENTRO DI ABBRONZATURA,VIA MONTI VINCENZO N. 56 ; (z.d. 1),VIA,MONTI VINCENZO,56,6155.0,1,,,87.0,True,True,True,False,False
906,ACCONCIATORE;TIPO A - REG.2003;TIPO B CENTRO DI ABBRONZATURA,VIA MORTARA N. 5 ; (z.d. 6),VIA,MORTARA,5,5115.0,6,,,,True,True,True,False,False
907,ACCONCIATORE;TIPO A - REG.2003;TIPO B CENTRO DI ABBRONZATURA,VIA MOSCA ANTONIO N. 178 ; (z.d. 7),VIA,MOSCA ANTONIO,178,6788.0,7,,,,True,True,True,False,False
908,ACCONCIATORE;TIPO A - REG.2003;TIPO B CENTRO DI ABBRONZATURA,VIA ORGANDINO GIUSEPPE N. 2 ; (z.d. 7),VIA,ORGANDINO GIUSEPPE,2,6255.0,7,,,,True,True,True,False,False
909,ACCONCIATORE;TIPO A - REG.2003;TIPO B CENTRO DI ABBRONZATURA,VIA PACINI GIOVANNI N. 34 ; (z.d. 3),VIA,PACINI GIOVANNI,34,2571.0,3,,,,True,True,True,False,False
910,ACCONCIATORE;TIPO A - REG.2003;TIPO B CENTRO DI ABBRONZATURA,VIA PALMANOVA N. 143 ; (z.d. 2),VIA,PALMANOVA,143,2390.0,2,,,,True,True,True,False,False
911,ACCONCIATORE;TIPO A - REG.2003;TIPO B CENTRO DI ABBRONZATURA,VIA PARMIGIANINO N. 14 ; (z.d. 7),VIA,PARMIGIANINO,14,6599.0,7,,20.0,84.0,True,True,True,False,False
912,ACCONCIATORE;TIPO A - REG.2003;TIPO B CENTRO DI ABBRONZATURA,VIA PERINI CARLO N. 19 ; (z.d. 8),VIA,PERINI CARLO,19,7326.0,8,,,,True,True,True,False,False
913,ACCONCIATORE;TIPO A - REG.2003;TIPO B CENTRO DI ABBRONZATURA,VIA PIRELLI GIOVANNI BATTISTA N. 27 ; (z.d. 9),VIA,PIRELLI GIOVANNI BATTISTA,27,1195.0,9,,,,True,True,True,False,False
914,ACCONCIATORE;TIPO A - REG.2003;TIPO B CENTRO DI ABBRONZATURA,VIA RESSI ADEODATO N. 21 ; (z.d. 2),VIA,RESSI ADEODATO,21,1397.0,2,,1.0,,True,True,True,False,False
915,ACCONCIATORE;TIPO A - REG.2003;TIPO B CENTRO DI ABBRONZATURA,VIA SAPONARO MICHELE N. 38 ; (z.d. 5),VIA,SAPONARO MICHELE,38,5432.0,5,,,,True,True,True,False,False
916,ACCONCIATORE;TIPO A - REG.2003;TIPO B CENTRO DI ABBRONZATURA,VIA SPONTINI GASPARE N. 1 interno - primo piano; (z.d. 3),VIA,SPONTINI GASPARE,1,2141.0,3,,,,True,True,True,False,False
917,ACCONCIATORE;TIPO A - REG.2003;TIPO B CENTRO DI ABBRONZATURA,VIA VIGEVANO N. 1 ; (z.d. 6),VIA,VIGEVANO,1,5116.0,6,,,80.0,True,True,True,False,False
918,ACCONCIATORE;TIPO A - REG.2003;TIPO B CENTRO DI ABBRONZATURA,VIA VITRUVIO N. 43 ; (z.d. 2),VIA,VITRUVIO,43,2134.0,2,,,149.0,True,True,True,False,False
919,ACCONCIATORE;TIPO A - REG.2003;TIPO B CENTRO DI ABBRONZATURA,VIA VOLTA ALESSANDRO N. 20 ; (z.d. 1),VIA,VOLTA ALESSANDRO,20,1018.0,1,,,,True,True,True,False,False
920,ACCONCIATORE;TIPO A - REG.2003;TIPO B CENTRO DI ABBRONZATURA,VLE BEZZI ERGISTO N. 73 ang.via clefi; (z.d. 7),VLE,BEZZI ERGISTO,73,6272.0,7,,8.0,51.0,True,True,True,False,False
921,ACCONCIATORE;TIPO A - REG.2003;TIPO B CENTRO DI ABBRONZATURA,VLE BLIGNY N. 2 ; (z.d. 5),VLE,BLIGNY,2,4045.0,5,,,,True,True,True,False,False
922,ACCONCIATORE;TIPO A - REG.2003;TIPO B CENTRO DI ABBRONZATURA,VLE LOMBARDIA N. 25 ; (z.d. 3),VLE,LOMBARDIA,25,2400.0,3,,,,True,True,True,False,False
923,ACCONCIATORE;TIPO A - REG.2003;TIPO B CENTRO DI ABBRONZATURA,VLE MONTE NERO N. 5 ; (z.d. 1),VLE,MONTE NERO,5,3062.0,1,,,,True,True,True,False,False
924,ACCONCIATORE;TIPO A - REG.2003;TIPO B CENTRO DI ABBRONZATURA,VLE UMBRIA N. 52 ; (z.d. 4),VLE,UMBRIA,52,3145.0,4,,,,True,True,True,False,False
794,ACCONCIATORE;TIPO A ESTETICA MANUALE,VIA DELLA MOSCOVA N. 29 ; (z.d. 1),VIA,DELLA MOSCOVA,29,1016.0,1,,,,True,True,False,False,False
795,ACCONCIATORE;TIPO A ESTETICA MANUALE,VIA POMPONAZZI PIETRO N. 9 ; (z.d. 5),VIA,POMPONAZZI PIETRO,9,5246.0,5,,,61.0,True,True,False,False,False
796,ACCONCIATORE;TIPO A ESTETICA MANUALE,VIA WASHINGTON GIORGIO N. 17 ; (z.d. 7),VIA,WASHINGTON GIORGIO,17,6111.0,7,,,114.0,True,True,False,False,False
797,ACCONCIATORE;TIPO A ESTETICA MANUALE;TIPO B CENTRO DI ABBRONZATURA,PZA BOLIVAR SIMONE N. 10 ; (z.d. 6),PZA,BOLIVAR SIMONE,10,6129.0,6,,,59.0,True,True,True,False,False
798,ACCONCIATORE;TIPO A ESTETICA MANUALE;TIPO B CENTRO DI ABBRONZATURA,VIA DURINI N. 2 ; (z.d. 1),VIA,DURINI,2,313.0,1,,,96.0,True,True,True,False,False
31,ACCONCIATORE,CSO BUENOS AIRES N. 23 (z.d. 3),CSO,BUENOS AIRES,23,2129.0,3,,,68.0,True,False,False,False,False
32,ACCONCIATORE,CSO COMO N. 15 interno club f. conti,,,,,,,,,True,False,False,False,False
34,ACCONCIATORE,CSO DI PORTA NUOVA N. 46 ; (z.d. 1),CSO,DI PORTA NUOVA,46,1044.0,1,,,34.0,True,False,False,False,False
35,ACCONCIATORE,CSO DI PORTA VITTORIA N. 54 (z.d. 1),CSO,DI PORTA VITTORIA,54,3016.0,1,,,25.0,True,False,False,False,False
36,ACCONCIATORE,CSO DI PORTA VITTORIA N. 8 (z.d. 1),CSO,DI PORTA VITTORIA,8,3016.0,1,,,28.0,True,False,False,False,False
37,ACCONCIATORE,CSO GARIBALDI GIUSEPPE N. 39 (z.d. 1),CSO,GARIBALDI GIUSEPPE,39,1010.0,1,,,54.0,True,False,False,False,False
38,ACCONCIATORE,CSO GARIBALDI GIUSEPPE N. 65 (z.d. 1),CSO,GARIBALDI GIUSEPPE,65,1010.0,1,,,70.0,True,False,False,False,False
39,ACCONCIATORE,CSO ITALIA N. 36 (z.d. 1),CSO,ITALIA,36,526.0,1,,,57.0,True,False,False,False,False
40,ACCONCIATORE,CSO LODI N. 103 (z.d. 4),CSO,LODI,103,4068.0,4,,,55.0,True,False,False,False,False
41,ACCONCIATORE,CSO LODI N. 36 ; (z.d. 5),CSO,LODI,36,4068.0,5,,1.0,18.0,True,False,False,False,False
42,ACCONCIATORE,CSO PLEBISCITI N. 12 (z.d. 4),CSO,PLEBISCITI,12,3120.0,4,,,30.0,True,False,False,False,False
43,ACCONCIATORE,CSO VENTIDUE MARZO N. 40 (z.d. 4),CSO,VENTIDUE MARZO,40,3074.0,4,,,50.0,True,False,False,False,False
44,ACCONCIATORE,CSO VERCELLI N. 29 (z.d. 7),CSO,VERCELLI,29,6193.0,7,acconciatore,,172.0,True,False,False,False,False
45,ACCONCIATORE,PAS DUOMO N. 2 piano primo; (z.d. 1),PAS,DUOMO,2,102.0,1,,,81.0,True,False,False,False,False
46,ACCONCIATORE,PLE F.LLI ZAVATTARI N. 4 (z.d. 7),PLE,F.LLI ZAVATTARI,4,6537.0,7,,,45.0,True,False,False,False,False
47,ACCONCIATORE,PLE LAGOSTA N. 1 ; (z.d. 9),PLE,LAGOSTA,1,1155.0,9,,,45.0,True,False,False,False,False
48,ACCONCIATORE,PZA ANGILBERTO II N. 9 ; (z.d. 5),PZA,ANGILBERTO II,9,4278.0,5,,,35.0,True,False,False,False,False
49,ACCONCIATORE,PZA ASPARI DOMENICO N. 2 (z.d. 3),PZA,ASPARI DOMENICO,2,3173.0,3,ACCONCIATORE,,,True,False,False,False,False
50,ACCONCIATORE,PZA BOLIVAR SIMONE N. 6 (z.d. 6),PZA,BOLIVAR SIMONE,6,6129.0,6,,,25.0,True,False,False,False,False
51,ACCONCIATORE,PZA BOLIVAR SIMONE N. 6 (z.d. 6),PZA,BOLIVAR SIMONE,6,6129.0,6,,,33.0,True,False,False,False,False
52,ACCONCIATORE,PZA CHIARADIA ENRICO N. 9 (z.d. 5),PZA,CHIARADIA ENRICO,9,4252.0,5,,,53.0,True,False,False,False,False
53,ACCONCIATORE,PZA DE ANGELI ERNESTO N. 1 ; (z.d. 7),PZA,DE ANGELI ERNESTO,1,6276.0,7,acconciatore,,,True,False,False,False,False
54,ACCONCIATORE,PZA DE ANGELI ERNESTO N. 1 ; (z.d. 7),PZA,DE ANGELI ERNESTO,1,6276.0,7,ACCONCIATORE,40.0,100.0,True,False,False,False,False
55,ACCONCIATORE,PZA DELLA REPUBBLICA N. 32 (z.d. 2),PZA,DELLA REPUBBLICA,32,1055.0,2,ACCONCIATORE,,35.0,True,False,False,False,False
56,ACCONCIATORE,PZA OSPEDALE MAGGIORE N. 3 (z.d. 9),PZA,OSPEDALE MAGGIORE,3,1523.0,9,,,40.0,True,False,False,False,False
57,ACCONCIATORE,PZA PREALPI N. 4 ; (z.d. 8),PZA,PREALPI,4,7300.0,8,,,55.0,True,False,False,False,False
58,ACCONCIATORE,PZA RISORGIMENTO N. 7 ; (z.d. 3),PZA,RISORGIMENTO,7,3117.0,3,,10.0,40.0,True,False,False,False,False
59,ACCONCIATORE,VIA ALTAMURA SAVERIO N. 17 (z.d. 7),VIA,ALTAMURA SAVERIO,17,6576.0,7,ACCONCIATORE,,37.0,True,False,False,False,False
60,ACCONCIATORE,VIA AMADEO GIAN ANTONIO N. 27 (z.d. 3),VIA,AMADEO GIAN ANTONIO,27,3228.0,3,,,,True,False,False,False,False
61,ACCONCIATORE,VIA ARBE N. 65 ; (z.d. 2),VIA,ARBE,65,1352.0,2,,2.0,40.0,True,False,False,False,False
62,ACCONCIATORE,VIA ARCHIMEDE N. 83 (z.d. 4),VIA,ARCHIMEDE,83,3086.0,4,,,59.0,True,False,False,False,False
63,ACCONCIATORE,VIA ARNOLFO DI CAMBIO N. 2 (z.d. 8),VIA,ARNOLFO DI CAMBIO,2,7230.0,8,,,55.0,True,False,False,False,False
64,ACCONCIATORE,VIA ASTESANI ALESSANDRO N. 2 (z.d. 9),VIA,ASTESANI ALESSANDRO,2,1558.0,9,ACCONCIATORE,,26.0,True,False,False,False,False
65,ACCONCIATORE,VIA BERGAMO N. 12A (z.d. 4),VIA,BERGAMO,12A,3189.0,4,,,39.0,True,False,False,False,False
66,ACCONCIATORE,VIA BERGAMO N. 2 ; (z.d. 4),VIA,BERGAMO,2,3189.0,4,,,40.0,True,False,False,False,False
67,ACCONCIATORE,VIA BERGOGNONE AMBROGIO DA FOSSANO N. 9 ; (z.d. 6),VIA,BERGOGNONE AMBROGIO DA FOSSANO,9,5130.0,6,,,16.0,True,False,False,False,False
68,ACCONCIATORE,VIA BONGHI RUGGERO N. 12 (z.d. 5),VIA,BONGHI RUGGERO,12,5247.0,5,,,40.0,True,False,False,False,False
70,ACCONCIATORE,VIA BORSI GIOSUE' N. 2 (z.d. 6),VIA,BORSI GIOSUE',2,5237.0,6,,,40.0,True,False,False,False,False
69,ACCONCIATORE,VIA BORSI GIOSUE' N. 2 ; (z.d. 6),VIA,BORSI GIOSUE',2,5237.0,6,,,20.0,True,False,False,False,False
71,ACCONCIATORE,VIA BOSCOVICH RUGGERO N. 17 (z.d. 2),VIA,BOSCOVICH RUGGERO,17,2131.0,2,,,25.0,True,False,False,False,False
72,ACCONCIATORE,VIA BOTTESINI GIOVANNI N. 7 (z.d. 3),VIA,BOTTESINI GIOVANNI,7,2567.0,3,,,45.0,True,False,False,False,False
73,ACCONCIATORE,VIA BRUZZESI GIACINTO N. 25 ; (z.d. 6),VIA,BRUZZESI GIACINTO,25,5388.0,6,ACCONCIATORE,15.0,69.0,True,False,False,False,False
74,ACCONCIATORE,VIA BUSCHI AVERARDO N. 20 (z.d. 3),VIA,BUSCHI AVERARDO,20,2575.0,3,,,32.0,True,False,False,False,False
75,ACCONCIATORE,VIA CACCIATORI BENEDETTO N. 12 ; (z.d. 7),VIA,CACCIATORI BENEDETTO,12,6305.0,7,,,46.0,True,False,False,False,False
76,ACCONCIATORE,VIA CADORE N. 48 ; (z.d. 4),VIA,CADORE,48,3077.0,4,,,28.0,True,False,False,False,False
77,ACCONCIATORE,VIA CAPECELATRO ALFONSO N. 23 (z.d. 7),VIA,CAPECELATRO ALFONSO,23,6575.0,7,,,45.0,True,False,False,False,False
78,ACCONCIATORE,VIA CAPPELLINI ALFREDO N. 16 (z.d. 2),VIA,CAPPELLINI ALFREDO,16,2130.0,2,ACCONCIATORE,3.0,38.0,True,False,False,False,False
79,ACCONCIATORE,VIA CASORETTO N. 1 (z.d. 3),VIA,CASORETTO,1,2420.0,3,,,42.0,True,False,False,False,False
80,ACCONCIATORE,VIA CASTALDI PANFILO N. 29 (z.d. 3),VIA,CASTALDI PANFILO,29,2119.0,3,,,37.0,True,False,False,False,False
81,ACCONCIATORE,VIA CELIO N. 2 (z.d. 7),VIA,CELIO,2,6623.0,7,ACCONCIATORE,26.0,23.0,True,False,False,False,False
82,ACCONCIATORE,VIA CESARIANO CESARE N. 8 (z.d. 1),VIA,CESARIANO CESARE,8,7113.0,1,,,30.0,True,False,False,False,False
83,ACCONCIATORE,VIA CIVITALI MATTEO N. 25 (z.d. 7),VIA,CIVITALI MATTEO,25,6569.0,7,,,31.0,True,False,False,False,False
84,ACCONCIATORE,VIA COLLETTA PIETRO N. 9 (z.d. 4),VIA,COLLETTA PIETRO,9,4078.0,4,,,30.0,True,False,False,False,False
85,ACCONCIATORE,VIA CONSOLE MARCELLO N. 10 (z.d. 8),VIA,CONSOLE MARCELLO,10,7278.0,8,,,50.0,True,False,False,False,False
86,ACCONCIATORE,VIA COPERNICO NICOLO' N. 61 (z.d. 2),VIA,COPERNICO NICOLO',61,1204.0,2,,,35.0,True,False,False,False,False
87,ACCONCIATORE,VIA CORREGGIO N. 8 (z.d. 7),VIA,CORREGGIO,8,6287.0,7,ACCONCIATORE,,,True,False,False,False,False
88,ACCONCIATORE,VIA CORREGGIO N. 8 (z.d. 7),VIA,CORREGGIO,8,6287.0,7,ACCONCIATORE,,,True,False,False,False,False
89,ACCONCIATORE,VIA CRESPI PIETRO N. 13 (z.d. 2),VIA,CRESPI PIETRO,13,2296.0,2,ACCONCIATORE,20.0,16.0,True,False,False,False,False
90,ACCONCIATORE,VIA CRESPI PIETRO N. 13 (z.d. 2),VIA,CRESPI PIETRO,13,2296.0,2,ACCONCIATORE,,30.0,True,False,False,False,False
91,ACCONCIATORE,VIA CUSANI N. 7 (z.d. 1),VIA,CUSANI,7,719.0,1,,,56.0,True,False,False,False,False
92,ACCONCIATORE,VIA DARWIN CARLO ROBERTO N. 17 int. residenze anni azzurri (per anziani) (z.d. 6),VIA,DARWIN CARLO ROBERTO,17,5238.0,6,,,25.0,True,False,False,False,False
93,ACCONCIATORE,VIA DE AMICIS EDMONDO N. 47 (z.d. 1),VIA,DE AMICIS EDMONDO,47,574.0,1,,9.0,51.0,True,False,False,False,False
94,ACCONCIATORE,VIA DE CRISTOFORIS CARLO N. 15 (z.d. 9),VIA,DE CRISTOFORIS CARLO,15,1120.0,9,,1.0,43.0,True,False,False,False,False
99,ACCONCIATORE,VIA DE PRETIS AGOSTINO N. 5 (z.d. 6),VIA,DE PRETIS AGOSTINO,5,5431.0,6,ACCONCIATORE,6.0,44.0,True,False,False,False,False
98,ACCONCIATORE,VIA DEL RICORDO N. 57 (z.d. 2),VIA,DEL RICORDO,57,2496.0,2,,,30.0,True,False,False,False,False
95,ACCONCIATORE,VIA DELLA MOSCOVA N. 48 (z.d. 1),VIA,DELLA MOSCOVA,48,1016.0,1,ACCONCIATORE,24.0,50.0,True,False,False,False,False
96,ACCONCIATORE,VIA DELLE FORZE ARMATE N. 232 ; (z.d. 7),VIA,DELLE FORZE ARMATE,232,6643.0,7,,,36.0,True,False,False,False,False
97,ACCONCIATORE,VIA DELLE FORZE ARMATE N. 234 (z.d. 7),VIA,DELLE FORZE ARMATE,234,6643.0,7,,,28.0,True,False,False,False,False
100,ACCONCIATORE,VIA DOGANA N. 3 (z.d. 1),VIA,DOGANA,3,341.0,1,,,50.0,True,False,False,False,False
101,ACCONCIATORE,VIA DRAGO MARIA N. 1 (z.d. 8),VIA,DRAGO MARIA,1,7464.0,8,ACCONCIATORE,11.0,16.0,True,False,False,False,False
102,ACCONCIATORE,VIA FARINI CARLO N. 40 (z.d. 9),VIA,FARINI CARLO,40,1114.0,9,,,36.0,True,False,False,False,False
103,ACCONCIATORE,VIA FILZI FABIO N. 8 (z.d. 2),VIA,FILZI FABIO,8,1190.0,2,,150.0,,True,False,False,False,False
104,ACCONCIATORE,VIA FRIULI N. 75 ; (z.d. 4),VIA,FRIULI,75,3199.0,4,,,40.0,True,False,False,False,False
105,ACCONCIATORE,VIA GAFFURIO FRANCHINO N. 5 (z.d. 3),VIA,GAFFURIO FRANCHINO,5,2138.0,3,,,35.0,True,False,False,False,False
106,ACCONCIATORE,VIA GESSI ROMOLO N. 34 (z.d. 6),VIA,GESSI ROMOLO,34,6121.0,6,,,36.0,True,False,False,False,False
107,ACCONCIATORE,VIA GIAMBELLINO N. 150 (z.d. 6),VIA,GIAMBELLINO,150,5136.0,6,,,46.0,True,False,False,False,False
108,ACCONCIATORE,VIA GIAMBELLINO N. 71 ; (z.d. 6),VIA,GIAMBELLINO,71,5136.0,6,,,30.0,True,False,False,False,False
109,ACCONCIATORE,VIA GIOIA MELCHIORRE N. 55 (z.d. 2),VIA,GIOIA MELCHIORRE,55,1108.0,2,,,39.0,True,False,False,False,False
110,ACCONCIATORE,VIA IMBONATI CARLO N. 21 (z.d. 9),VIA,IMBONATI CARLO,21,1311.0,9,,,,True,False,False,False,False
111,ACCONCIATORE,VIA ISIMBARDI INNOCENZO N. 27 (z.d. 5),VIA,ISIMBARDI INNOCENZO,27,5332.0,5,,,45.0,True,False,False,False,False
112,ACCONCIATORE,VIA LARIO N. 30 ; (z.d. 9),VIA,LARIO,30,1171.0,9,,2.0,49.0,True,False,False,False,False
113,ACCONCIATORE,VIA LEPETIT ROBERTO N. 29 (z.d. 2),VIA,LEPETIT ROBERTO,29,2096.0,2,,,65.0,True,False,False,False,False
114,ACCONCIATORE,VIA LESSONA MICHELE N. 57 ; (z.d. 8),VIA,LESSONA MICHELE,57,7490.0,8,,,40.0,True,False,False,False,False
115,ACCONCIATORE,VIA LIVIGNO N. 6A (z.d. 9),VIA,LIVIGNO,6A,1296.0,9,ACCONCIATORE,,66.0,True,False,False,False,False
116,ACCONCIATORE,VIA LODOVICO IL MORO N. 3 (z.d. 6),VIA,LODOVICO IL MORO,3,5290.0,6,ACCONCIATORE,,25.0,True,False,False,False,False
117,ACCONCIATORE,VIA LORENTEGGIO N. 163 (z.d. 6),VIA,LORENTEGGIO,163,5132.0,6,,,36.0,True,False,False,False,False
118,ACCONCIATORE,VIA MANTOVA N. 15 ; (z.d. 5),VIA,MANTOVA,15,4217.0,5,,,45.0,True,False,False,False,False
119,ACCONCIATORE,VIA MANTOVA N. 3 (z.d. 5),VIA,MANTOVA,3,4217.0,5,,,30.0,True,False,False,False,False
120,ACCONCIATORE,VIA MARCONA N. 90 (z.d. 4),VIA,MARCONA,90,3080.0,4,,,32.0,True,False,False,False,False
121,ACCONCIATORE,VIA MASCHERONI LORENZO N. 14 (z.d. 1),VIA,MASCHERONI LORENZO,14,6183.0,1,,,35.0,True,False,False,False,False
122,ACCONCIATORE,VIA MASOLINO DA PANICALE N. 2 (z.d. 8),VIA,MASOLINO DA PANICALE,2,7264.0,8,,,45.0,True,False,False,False,False
123,ACCONCIATORE,VIA MASOTTO UMBERTO N. 20 (z.d. 4),VIA,MASOTTO UMBERTO,20,3283.0,4,,1.0,41.0,True,False,False,False,False
124,ACCONCIATORE,VIA MEDA GIUSEPPE N. 53 (z.d. 5),VIA,MEDA GIUSEPPE,53,5242.0,5,,,40.0,True,False,False,False,False
125,ACCONCIATORE,VIA MEDA GIUSEPPE N. 55 (z.d. 5),VIA,MEDA GIUSEPPE,55,5242.0,5,,,30.0,True,False,False,False,False
126,ACCONCIATORE,VIA MELZO N. 22 (z.d. 3),VIA,MELZO,22,2184.0,3,,,26.0,True,False,False,False,False
127,ACCONCIATORE,VIA MERLO CARLO GIUSEPPE N. 3 (z.d. 1),VIA,MERLO CARLO GIUSEPPE,3,329.0,1,,,43.0,True,False,False,False,False
128,ACCONCIATORE,VIA MEUCCI ANTONIO N. 70 (z.d. 2),VIA,MEUCCI ANTONIO,70,2497.0,2,,,28.0,True,False,False,False,False
129,ACCONCIATORE,VIA MILLELIRE DOMENICO N. 10 (z.d. 7),VIA,MILLELIRE DOMENICO,10,6620.0,7,SERVIZI DEI SALONI DI BARBIERE E PARRUCCHIERE,,58.0,True,False,False,False,False
130,ACCONCIATORE,VIA MILLELIRE DOMENICO N. 6 (z.d. 7),VIA,MILLELIRE DOMENICO,6,6620.0,7,ACCONCIATORE,4.0,35.0,True,False,False,False,False
131,ACCONCIATORE,VIA MONTE CENGIO N. 3 (z.d. 4),VIA,MONTE CENGIO,3,4366.0,4,,,50.0,True,False,False,False,False
132,ACCONCIATORE,VIA MONTE GENEROSO N. 53 (z.d. 8),VIA,MONTE GENEROSO,53,7180.0,8,ACCONCIATORE,,70.0,True,False,False,False,False
133,ACCONCIATORE,VIA MONTE OLIVETO N. 10 (z.d. 4),VIA,MONTE OLIVETO,10,3345.0,4,,,31.0,True,False,False,False,False
134,ACCONCIATORE,VIA MORIGI N. 1 angolo piazza mentana (z.d. 1),VIA,MORIGI,1,633.0,1,,,36.0,True,False,False,False,False
135,ACCONCIATORE,VIA NERINO N. 10 (z.d. 1),VIA,NERINO,10,564.0,1,,,40.0,True,False,False,False,False
136,ACCONCIATORE,VIA ORSINI VINCENZO GIORDANO N. 2 ; (z.d. 7),VIA,ORSINI VINCENZO GIORDANO,2,6648.0,7,,,40.0,True,False,False,False,False
137,ACCONCIATORE,VIA PALIZZI FILIPPO N. 119F (z.d. 8),VIA,PALIZZI FILIPPO,119F,7451.0,8,ACCONCIATORE,11.0,30.0,True,False,False,False,False
138,ACCONCIATORE,VIA PALMA JACOPO N. 5 ; (z.d. 7),VIA,PALMA JACOPO,5,6605.0,7,,13.0,34.0,True,False,False,False,False
139,ACCONCIATORE,VIA PAMPURI FRA' RICCARDO N. 3 (z.d. 5),VIA,PAMPURI FRA' RICCARDO,3,4322.0,5,,,26.0,True,False,False,False,False
140,ACCONCIATORE,VIA PARAVIA PIER ALESSANDRO N. 26 ; (z.d. 7),VIA,PARAVIA PIER ALESSANDRO,26,6571.0,7,Acconciatore,,40.0,True,False,False,False,False
141,ACCONCIATORE,VIA PARINI GIUSEPPE N. 9 (z.d. 1),VIA,PARINI GIUSEPPE,9,1049.0,1,ACCONCIATORE,15.0,47.0,True,False,False,False,False
142,ACCONCIATORE,VIA PASCOLI GIOVANNI N. 2 ; (z.d. 3),VIA,PASCOLI GIOVANNI,2,3132.0,3,,,86.0,True,False,False,False,False
143,ACCONCIATORE,VIA PAULUCCI DI CALBOLI FULCIERI N. 24 (z.d. 9),VIA,PAULUCCI DI CALBOLI FULCIERI,24,1590.0,9,ACCONCIATORE,,,True,False,False,False,False
144,ACCONCIATORE,VIA PAVIA N. 6/2 (z.d. 5),VIA,PAVIA,40945,5262.0,5,PARRUCCHIERE UOMO DONNA BARBIERE,,,True,False,False,False,False
145,ACCONCIATORE,VIA PECCHIO GIUSEPPE N. 17 (z.d. 3),VIA,PECCHIO GIUSEPPE,17,2240.0,3,,,48.0,True,False,False,False,False
147,ACCONCIATORE,VIA PETROCCHI POLICARPO N. 21 (z.d. 2),VIA,PETROCCHI POLICARPO,21,2320.0,2,,,55.0,True,False,False,False,False
146,ACCONCIATORE,VIA PETROCCHI POLICARPO N. 21 ; (z.d. 2),VIA,PETROCCHI POLICARPO,21,2320.0,2,,,18.0,True,False,False,False,False
148,ACCONCIATORE,VIA PEZZOTTI GIOVANNI N. 19 (z.d. 5),VIA,PEZZOTTI GIOVANNI,19,5244.0,5,PARRUCCHIERE,,63.0,True,False,False,False,False
149,ACCONCIATORE,VIA PIERI MARIO N. 2 (z.d. 2),VIA,PIERI MARIO,2,2513.0,2,,,,True,False,False,False,False
150,ACCONCIATORE,VIA PIERLUIGI GIOVANNI DA PALESTRINA N. 4 (z.d. 3),VIA,PIERLUIGI GIOVANNI DA PALESTRINA,4,2235.0,3,,,45.0,True,False,False,False,False
151,ACCONCIATORE,VIA PIRANO N. 4 ; (z.d. 2),VIA,PIRANO,4,2483.0,2,,,65.0,True,False,False,False,False
152,ACCONCIATORE,VIA PLINIO CAIO SECONDO N. 46 (z.d. 3),VIA,PLINIO CAIO SECONDO,46,2144.0,3,,,25.0,True,False,False,False,False
153,ACCONCIATORE,VIA PONTE SEVESO N. 22 (z.d. 2),VIA,PONTE SEVESO,22,1203.0,2,,,46.0,True,False,False,False,False
154,ACCONCIATORE,VIA PORPORA NICOLA ANTONIO N. 14 angolo via ricordi; (z.d. 3),VIA,PORPORA NICOLA ANTONIO,14,2229.0,3,,,62.0,True,False,False,False,False
155,ACCONCIATORE,VIA PRINA GIUSEPPE N. 12 ; (z.d. 8),VIA,PRINA GIUSEPPE,12,7135.0,8,,,25.0,True,False,False,False,False
156,ACCONCIATORE,VIA PRINCIPE EUGENIO N. 22 ; (z.d. 8),VIA,PRINCIPE EUGENIO,22,7223.0,8,,,35.0,True,False,False,False,False
157,ACCONCIATORE,VIA PRINCIPE EUGENIO N. 25 ; (z.d. 8),VIA,PRINCIPE EUGENIO,25,7223.0,8,ACCONCIATORE,,,True,False,False,False,False
158,ACCONCIATORE,VIA PULCI LUIGI N. 15 (z.d. 9),VIA,PULCI LUIGI,15,1622.0,9,,,45.0,True,False,False,False,False
159,ACCONCIATORE,VIA QUARENGHI GIACOMO N. 8 ; (z.d. 8),VIA,QUARENGHI GIACOMO,8,7478.0,8,,,35.0,True,False,False,False,False
160,ACCONCIATORE,VIA REMBRANDT N. 65 (z.d. 7),VIA,REMBRANDT,65,6618.0,7,,,,True,False,False,False,False
161,ACCONCIATORE,VIA RIPAMONTI GIUSEPPE N. 128 (z.d. 5),VIA,RIPAMONTI GIUSEPPE,128,4066.0,5,,,36.0,True,False,False,False,False
162,ACCONCIATORE,VIA RONCHI N. 39 ; (z.d. 3),VIA,RONCHI,39,2655.0,3,,,20.0,True,False,False,False,False
163,ACCONCIATORE,VIA RUBENS PIETRO N. 14 ; (z.d. 7),VIA,RUBENS PIETRO,14,6597.0,7,,,35.0,True,False,False,False,False
171,ACCONCIATORE,VIA S. GIOV. SUL MURO N. 12 (z.d. 1),VIA,S. GIOV. SUL MURO,12,609.0,1,,1.0,80.0,True,False,False,False,False
172,ACCONCIATORE,VIA S. GIOV. SUL MURO N. 14 (z.d. 1),VIA,S. GIOV. SUL MURO,14,609.0,1,,,32.0,True,False,False,False,False
164,ACCONCIATORE,VIA SALA DEI LONGOBARDI N. 2 (z.d. 1),VIA,SALA DEI LONGOBARDI,2,217.0,1,ACCONCIATORE,,,True,False,False,False,False
165,ACCONCIATORE,VIA SAN GREGORIO N. 27 (z.d. 3),VIA,SAN GREGORIO,27,2123.0,3,ACCONCIATORE,2.0,55.0,True,False,False,False,False
166,ACCONCIATORE,VIA SAN LUCA N. 4 (z.d. 1),VIA,SAN LUCA,4,5193.0,1,ACONCIATORE,,,True,False,False,False,False
170,ACCONCIATORE,VIA SAN VINCENZO N. 20 (z.d. 1),VIA,SAN VINCENZO,20,5098.0,1,,,30.0,True,False,False,False,False
168,ACCONCIATORE,VIA SANT' EUFEMIA N. 17 (z.d. 1),VIA,SANT' EUFEMIA,17,405.0,1,,,31.0,True,False,False,False,False
167,ACCONCIATORE,VIA SANTA RITA DA CASCIA N. 3B (z.d. 6),VIA,SANTA RITA DA CASCIA,3B,5301.0,6,ACCONCIATORE,,77.0,True,False,False,False,False
169,ACCONCIATORE,VIA SANTISSIMI NABORE E FELICE N. 1 (z.d. 7),VIA,SANTISSIMI NABORE E FELICE,1,6621.0,7,,,41.0,True,False,False,False,False
173,ACCONCIATORE,VIA SOLARI ANDREA N. 41 (z.d. 6),VIA,SOLARI ANDREA,41,5111.0,6,,,30.0,True,False,False,False,False
174,ACCONCIATORE,VIA TARAMELLI TORQUATO N. 70 ; (z.d. 2),VIA,TARAMELLI TORQUATO,70,1164.0,2,,,21.0,True,False,False,False,False
175,ACCONCIATORE,VIA TARRA GIULIO N. 6 (z.d. 2),VIA,TARRA GIULIO,6,1198.0,2,,,46.0,True,False,False,False,False
176,ACCONCIATORE,VIA TARRA GIULIO N. 6 (z.d. 2),VIA,TARRA GIULIO,6,1198.0,2,,,50.0,True,False,False,False,False
177,ACCONCIATORE,VIA TARTINI GIUSEPPE N. 12 ; (z.d. 9),VIA,TARTINI GIUSEPPE,12,1501.0,9,,,54.0,True,False,False,False,False
178,ACCONCIATORE,VIA TRAIANO MARCO ULPIO N. 64 (z.d. 8),VIA,TRAIANO MARCO ULPIO,64,7157.0,8,,,55.0,True,False,False,False,False
179,ACCONCIATORE,VIA TRIESTE N. 19 (z.d. 7),VIA,TRIESTE,19,6261.0,7,,,54.0,True,False,False,False,False
180,ACCONCIATORE,VIA TRIVULZIO ANTONIO TOLOMEO N. 2 (z.d. 7),VIA,TRIVULZIO ANTONIO TOLOMEO,2,6277.0,7,,,45.0,True,False,False,False,False
181,ACCONCIATORE,VIA VAL DI BONDO N. 14 (z.d. 9),VIA,VAL DI BONDO,14,1648.0,9,,,50.0,True,False,False,False,False
182,ACCONCIATORE,VIA VAL TROMPIA N. 41 (z.d. 8),VIA,VAL TROMPIA,41,7494.0,8,,,30.0,True,False,False,False,False
183,ACCONCIATORE,VIA VARESINA N. 68 (z.d. 8),VIA,VARESINA,68,7290.0,8,ACCONCIATORE,,,True,False,False,False,False
184,ACCONCIATORE,VIA VITRUVIO N. 35 ; (z.d. 3),VIA,VITRUVIO,35,2134.0,3,,,19.0,True,False,False,False,False
185,ACCONCIATORE,VIA VIVIANI VINCENZO N. 2 ; (z.d. 9),VIA,VIVIANI VINCENZO,2,1185.0,9,,,62.0,True,False,False,False,False
186,ACCONCIATORE,VIA WASHINGTON GIORGIO N. 15 ; (z.d. 7),VIA,WASHINGTON GIORGIO,15,6111.0,7,,,35.0,True,False,False,False,False
187,ACCONCIATORE,VIA WASHINGTON GIORGIO N. 5 (z.d. 7),VIA,WASHINGTON GIORGIO,5,6111.0,7,ACCONCIATORE,3.0,39.0,True,False,False,False,False
188,ACCONCIATORE,VIA ZECCA VECCHIA N. 4 (z.d. 1),VIA,ZECCA VECCHIA,4,565.0,1,,,32.0,True,False,False,False,False
189,ACCONCIATORE,VLE BEATRICE D'ESTE N. 49 ; (z.d. 1),VLE,BEATRICE D'ESTE,49,4048.0,1,acconciatore,19.0,30.0,True,False,False,False,False
190,ACCONCIATORE,VLE CERTOSA N. 41 (z.d. 8),VLE,CERTOSA,41,7174.0,8,,,40.0,True,False,False,False,False
191,ACCONCIATORE,VLE D'ANNUNZIO GABRIELE N. 25 (z.d. 1),VLE,D'ANNUNZIO GABRIELE,25,5170.0,1,,,15.0,True,False,False,False,False
192,ACCONCIATORE,VLE DELLE RIMEMBRANZE DI GRECO N. 8 (z.d. 2),VLE,DELLE RIMEMBRANZE DI GRECO,8,1412.0,2,ACCONCIATORE,,,True,False,False,False,False
193,ACCONCIATORE,VLE DORIA ANDREA N. 12 (z.d. 2),VLE,DORIA ANDREA,12,2230.0,2,,,42.0,True,False,False,False,False
194,ACCONCIATORE,VLE FAMAGOSTA N. 48 (z.d. 6),VLE,FAMAGOSTA,48,5353.0,6,,,46.0,True,False,False,False,False
195,ACCONCIATORE,VLE MONTE CENERI N. 14 (z.d. 8),VLE,MONTE CENERI,14,7176.0,8,ACCONCIATORE,3.0,28.0,True,False,False,False,False
196,ACCONCIATORE,VLE PIAVE N. 21 (z.d. 1),VLE,PIAVE,21,2179.0,1,ACCONCIATORE UOMO DONNA,,47.0,True,False,False,False,False
197,ACCONCIATORE,VLE REGINA GIOVANNA N. 30 ; (z.d. 3),VLE,REGINA GIOVANNA,30,2157.0,3,,,79.0,True,False,False,False,False
198,ACCONCIATORE,VLE REGINA GIOVANNA N. 42 ; (z.d. 3),VLE,REGINA GIOVANNA,42,2157.0,3,,8.0,17.0,True,False,False,False,False
199,ACCONCIATORE,VLE REGINA MARGHERITA N. 2 (z.d. 1),VLE,REGINA MARGHERITA,2,3059.0,1,,,36.0,True,False,False,False,False
200,ACCONCIATORE,VLE SABOTINO N. 8 (z.d. 5),VLE,SABOTINO,8,4046.0,5,ACCONCIATORE,,46.0,True,False,False,False,False
201,ACCONCIATORE,VLE STELVIO N. 39 ; (z.d. 9),VLE,STELVIO,39,1227.0,9,ACCONCIATORE,,25.0,True,False,False,False,False
202,ACCONCIATORE,VLE TESTI FULVIO N. 70 (z.d. 9),VLE,TESTI FULVIO,70,1441.0,9,,,45.0,True,False,False,False,False
203,ACCONCIATORE,VLE TROYA CARLO N. 4 (z.d. 6),VLE,TROYA CARLO,4,5140.0,6,,,70.0,True,False,False,False,False
204,ACCONCIATORE,VLE UMBRIA N. 35 ; (z.d. 4),VLE,UMBRIA,35,3145.0,4,ACCONCIATORE,,53.0,True,False,False,False,False
205,ACCONCIATORE,VLE UMBRIA N. 53 (z.d. 4),VLE,UMBRIA,53,3145.0,4,,,35.0,True,False,False,False,False
206,ACCONCIATORE,VLE UMBRIA N. 99 (z.d. 4),VLE,UMBRIA,99,3145.0,4,,,50.0,True,False,False,False,False
207,ACCONCIATORE,VLE VITTORIO VENETO N. 6 (z.d. 3),VLE,VITTORIO VENETO,6,2107.0,3,,,45.0,True,False,False,False,False
799,ACCONCIATORE;TIPO A - REG.2003,CSO BUENOS AIRES N. 23 (z.d. 3),CSO,BUENOS AIRES,23,2129.0,3,,,45.0,True,True,False,False,False
800,ACCONCIATORE;TIPO A - REG.2003,VIA DEGLI OMENONI N. 2 seminterrato; (z.d. 1),VIA,DEGLI OMENONI,2,233.0,1,,49.0,49.0,True,True,False,False,False
801,ACCONCIATORE;TIPO A - REG.2003,VIA MONTEGANI LODOVICO N. 10 (z.d. 5),VIA,MONTEGANI LODOVICO,10,5330.0,5,,,45.0,True,True,False,False,False
802,ACCONCIATORE;TIPO A - REG.2003,VIA RENZO E LUCIA N. 1 (z.d. 5),VIA,RENZO E LUCIA,1,5412.0,5,ACCONCIATORE E ESTETICA,16.0,18.0,True,True,False,False,False
868,ACCONCIATORE;TIPO A - REG.2003;TIPO B CENTRO DI ABBRONZATURA,VLE MONZA N. 38 ; (z.d. 2),VLE,MONZA,38,2274.0,2,,,86.0,True,True,True,False,False
925,BARBIERE,CSO VENEZIA N. 13 ; (z.d. 1),CSO,VENEZIA,13,238.0,1,,,,True,False,False,False,False
926,BARBIERE,PLE PERRUCCHETTI GIUSEPPE N. 1 int.caserma s.barbara; (z.d. 7),PLE,PERRUCCHETTI GIUSEPPE,1,6632.0,7,,,,True,False,False,False,False
927,CENTRO ABBRONZATURA,VIA SAINT BON SIMONE N. 38 al p.t. e al i piano; (z.d. 7),VIA,SAINT BON SIMONE,38,6670.0,7,,,,False,False,True,False,False
928,CENTRO ABBRONZATURA,VLE COL DI LANA N. 12 ; (z.d. 5),VLE,COL DI LANA,12,5198.0,5,,,56.0,False,False,True,False,False
929,CENTRO BENESSERE,PZA LIMA N. 2 (z.d. 3),PZA,LIMA,2,2135.0,3,,,38.0,False,False,True,False,False
930,CENTRO BENESSERE,VIA CIVITALI MATTEO N. 7 (z.d. 7),VIA,CIVITALI MATTEO,7,6569.0,7,CENTRO MASSAGGI RILASSANTI NON ESTETICI,,56.0,False,False,True,False,False
931,CENTRO BENESSERE,VIA DEI VALTORTA N. 22 (z.d. 2),VIA,DEI VALTORTA,22,2324.0,2,CENTRO BENESSERE RILASSANTE NON ESTETICO,,156.0,False,False,True,False,False
932,CENTRO BENESSERE,VIA DOGANA N. 3 (z.d. 1),VIA,DOGANA,3,341.0,1,,,,False,False,True,False,False
933,CENTRO BENESSERE,VIA LECCO N. 6 (z.d. 3),VIA,LECCO,6,2110.0,3,CENTRO MASSAGGI RILASSANTI NON ESTETICI,8.0,25.0,False,False,True,False,False
934,CENTRO BENESSERE,VIA LODOVICO IL MORO N. 61 (z.d. 6),VIA,LODOVICO IL MORO,61,5290.0,6,CENTRO MASSAGGI RILASSANTI NON ESTETICI,,,False,False,True,False,False
935,CENTRO BENESSERE,VIA MANZONI ALESSANDRO N. 31 (z.d. 1),VIA,MANZONI ALESSANDRO,31,230.0,1,CENTRO PER IL BENESSERE FISICO,,7.0,False,False,True,False,False
936,CENTRO BENESSERE,VIA MODESTINO N. 1 (z.d. 1),VIA,MODESTINO,1,5112.0,1,CENTTRO BENESSERE (ESCLUSI GLI STABILIMENTI TERMALI),,136.0,False,False,True,False,False
937,CENTRO BENESSERE,VIA MORAZZONE N. 8 (z.d. 1),VIA,MORAZZONE,8,7131.0,1,CENTRO MASSAGGI,28.0,12.0,False,False,True,False,False
938,CENTRO BENESSERE,VIA OZANAM FEDERICO N. 9 (z.d. 3),VIA,OZANAM FEDERICO,9,2143.0,3,CENTRO BENESSERE,13.0,27.0,False,False,True,False,False
939,CENTRO BENESSERE,VIA PADOVA N. 41 (z.d. 2),VIA,PADOVA,41,2275.0,2,SERVIZI DEI CENTRI E STABIL. PER IL BENESSERE FISICO,,,False,False,True,False,False
940,CENTRO BENESSERE,VIA POGGIBONSI N. 14 (z.d. 7),VIA,POGGIBONSI,14,6601.0,7,,,56.0,False,False,True,False,False
941,CENTRO BENESSERE,VIA POLONIA N. 10 (z.d. 8),VIA,POLONIA,10,7505.0,8,,,35.0,False,False,True,False,False
942,CENTRO BENESSERE,VIA PONTE SEVESO N. 36 (z.d. 2),VIA,PONTE SEVESO,36,1203.0,2,CENTRO BENESSERE RILASSANTE NON ESTETICO,,,False,False,True,False,False
943,CENTRO BENESSERE,VIA REMBRANDT N. 56 (z.d. 7),VIA,REMBRANDT,56,6618.0,7,,,30.0,False,False,True,False,False
944,CENTRO BENESSERE,VIA RIPAMONTI GIUSEPPE N. 246 (z.d. 5),VIA,RIPAMONTI GIUSEPPE,246,4066.0,5,CENTRO BENESSERE,,55.0,False,False,True,False,False
945,CENTRO BENESSERE,VIA STAMIRA D'ANCONA N. 27 (z.d. 2),VIA,STAMIRA D'ANCONA,27,2337.0,2,,,45.0,False,False,True,False,False
946,CENTRO BENESSERE,VIA STAZIO CECILIO N. 18 (z.d. 2),VIA,STAZIO CECILIO,18,2280.0,2,CENTRO MASSAGGI RILASSANTI NON ESTETICI,,,False,False,True,False,False
947,CENTRO BENESSERE,VIA VALLA LORENZO N. 14 (z.d. 5),VIA,VALLA LORENZO,14,5336.0,5,,,30.0,False,False,True,False,False
948,CENTRO BENESSERE,VLE ARETUSA N. 30 (z.d. 7),VLE,ARETUSA,30,6565.0,7,,,48.0,False,False,True,False,False
949,CENTRO BENESSERE,VLE BIANCA MARIA N. 3 (z.d. 1),VLE,BIANCA MARIA,3,3050.0,1,STUDIO OLISTICO,,51.0,False,False,True,False,False
950,CENTRO BENESSERE,VLE BLIGNY N. 23 (z.d. 5),VLE,BLIGNY,23,4045.0,5,,,46.0,False,False,True,False,False
951,CENTRO BENESSERE,VLE LEGIONI ROMANE N. 55 (z.d. 6),VLE,LEGIONI ROMANE,55,6649.0,6,,,25.0,False,False,True,False,False
952,CENTRO BENESSERE,VLE LOMBARDIA N. 63 (z.d. 3),VLE,LOMBARDIA,63,2400.0,3,,,29.0,False,False,True,False,False
953,CENTRO BENESSERE,VLE STELVIO N. 72 (z.d. 9),VLE,STELVIO,72,1227.0,9,,1.0,180.0,False,False,True,False,False
954,CENTRO BENESSERE;TIPO A - REG.2003,VIA EMO ANGELO N. 19 (z.d. 2),VIA,EMO ANGELO,19,2518.0,2,,4.0,52.0,False,True,True,False,False
955,CENTRO MASSAGGI,CSO INDIPENDENZA N. 6 (z.d. 4),CSO,INDIPENDENZA,6,3118.0,4,CENTRO MASSAGGI,,38.0,False,False,True,False,False
956,CENTRO MASSAGGI,CSO LODI N. 113 (z.d. 4),CSO,LODI,113,4068.0,4,,1.0,38.0,False,False,True,False,False
957,CENTRO MASSAGGI,PLE LAGOSTA N. 2 piazza lagosta 2 - mi (z.d. 9),PLE,LAGOSTA,2,1155.0,9,CENTRO MASSAGGI,11.0,33.0,False,False,True,False,False
958,CENTRO MASSAGGI,PZA CARTAGINE N. 4 (z.d. 4),PZA,CARTAGINE,4,3327.0,4,CENTRO MASSAGGI,,62.0,False,False,True,False,False
959,CENTRO MASSAGGI,PZA SEI FEBBRAIO N. 12 (z.d. 8),PZA,SEI FEBBRAIO,12,6358.0,8,CENTRO OLISTICO,,67.0,False,False,True,False,False
960,CENTRO MASSAGGI,RIP DI PTA TICINESE N. 129 (z.d. 6),RIP,DI PTA TICINESE,129,5150.0,6,centro massaggi,14.0,44.0,False,False,True,False,False
961,CENTRO MASSAGGI,VIA ALCUINO N. 7 (z.d. 8),VIA,ALCUINO,7,7165.0,8,CENTRO MASSAGGI RILASSANTI NON ESTETICI,,,False,False,True,False,False
962,CENTRO MASSAGGI,VIA AMADEO GIAN ANTONIO N. 40 via amadeo  40 (z.d. 3),VIA,AMADEO GIAN ANTONIO,40,3228.0,3,,,,False,False,True,False,False
963,CENTRO MASSAGGI,VIA AMPERE ANDREA MARIA N. 120 via ampere 120 (z.d. 3),VIA,AMPERE ANDREA MARIA,120,2428.0,3,CENTRO MASSAGGI,,,False,False,True,False,False
964,CENTRO MASSAGGI,VIA ANSELMO DA BAGGIO N. 63 (z.d. 7),VIA,ANSELMO DA BAGGIO,63,6782.0,7,,,38.0,False,False,True,False,False
965,CENTRO MASSAGGI,VIA AOSTA N. 13 (z.d. 8),VIA,AOSTA,13,7227.0,8,,,50.0,False,False,True,False,False
966,CENTRO MASSAGGI,VIA ARIMONDI GIUSEPPE N. 1 (z.d. 8),VIA,ARIMONDI GIUSEPPE,1,7179.0,8,,,30.0,False,False,True,False,False
967,CENTRO MASSAGGI,VIA ARNOLFO DI CAMBIO N. 2 (z.d. 8),VIA,ARNOLFO DI CAMBIO,2,7230.0,8,,,35.0,False,False,True,False,False
968,CENTRO MASSAGGI,VIA ASELLI GASPARE N. 29 (z.d. 3),VIA,ASELLI GASPARE,29,3167.0,3,CENTRO MASSAGGI,,51.0,False,False,True,False,False
969,CENTRO MASSAGGI,VIA ASTESANI ALESSANDRO N. 4 (z.d. 9),VIA,ASTESANI ALESSANDRO,4,1558.0,9,CENTRO MASSAGGI,23.0,21.0,False,False,True,False,False
970,CENTRO MASSAGGI,VIA BENADIR N. 14 (z.d. 2),VIA,BENADIR,14,2380.0,2,,,104.0,False,False,True,False,False
971,CENTRO MASSAGGI,VIA BIGLI N. 20 (z.d. 1),VIA,BIGLI,20,224.0,1,,,,False,False,True,False,False
972,CENTRO MASSAGGI,VIA BIXIO NINO N. 10 (z.d. 3),VIA,BIXIO NINO,10,3133.0,3,CENTRO MASSAGGI RILASSANTI NON ESTETICI,,,False,False,True,False,False
973,CENTRO MASSAGGI,VIA BRENO N. 2 (z.d. 4),VIA,BRENO,2,4149.0,4,,,53.0,False,False,True,False,False
974,CENTRO MASSAGGI,VIA BRIOSCHI FRANCESCO N. 44 (z.d. 5),VIA,BRIOSCHI FRANCESCO,44,5243.0,5,CENTRO MASSAGGI,,99.0,False,False,True,False,False
975,CENTRO MASSAGGI,VIA BRUSUGLIO N. 73 (z.d. 9),VIA,BRUSUGLIO,73,1550.0,9,MASSAGGI RILASSANTI,,102.0,False,False,True,False,False
976,CENTRO MASSAGGI,VIA CARDUCCI GIOSUE' N. 19 angolo via terraggio (z.d. 1),VIA,CARDUCCI GIOSUE',19,602.0,1,CENTRO MASSAGGI,15.0,45.0,False,False,True,False,False
977,CENTRO MASSAGGI,VIA CASARSA N. 9 (z.d. 9),VIA,CASARSA,9,1577.0,9,CENTRO MASSAGGI,6.0,24.0,False,False,True,False,False
978,CENTRO MASSAGGI,VIA CASCINA BAROCCO N. 9 (z.d. 7),VIA,CASCINA BAROCCO,9,6695.0,7,,,39.0,False,False,True,False,False
979,CENTRO MASSAGGI,VIA CASELLA GIOVANNI BATTISTA N. 17 (z.d. 8),VIA,CASELLA GIOVANNI BATTISTA,17,7382.0,8,CENTRO MASSAGGI,,118.0,False,False,True,False,False
980,CENTRO MASSAGGI,VIA CASTEL MORRONE N. 12 (z.d. 3),VIA,CASTEL MORRONE,12,3185.0,3,CENTRO MASSAGGI,,39.0,False,False,True,False,False
981,CENTRO MASSAGGI,VIA CENISIO N. 14 (z.d. 8),VIA,CENISIO,14,7184.0,8,,,50.0,False,False,True,False,False
982,CENTRO MASSAGGI,VIA CENISIO N. 36 (z.d. 8),VIA,CENISIO,36,7184.0,8,,,35.0,False,False,True,False,False
983,CENTRO MASSAGGI,VIA CERVIGNANO N. 1 (z.d. 4),VIA,CERVIGNANO,1,3218.0,4,,,37.0,False,False,True,False,False
984,CENTRO MASSAGGI,VIA CIVITALI MATTEO N. 13 (z.d. 7),VIA,CIVITALI MATTEO,13,6569.0,7,,,35.0,False,False,True,False,False
985,CENTRO MASSAGGI,"VIA CRESCENZAGO N. 34 via crescenzago, 34 (z.d. 3)",VIA,CRESCENZAGO,34,2396.0,3,CENTRO MASSAGGI,17.0,70.0,False,False,True,False,False
986,CENTRO MASSAGGI,VIA CUSTODI PIETRO N. 10 (z.d. 5),VIA,CUSTODI PIETRO,10,5199.0,5,,,35.0,False,False,True,False,False
992,CENTRO MASSAGGI,VIA DE SANCTIS FRANCESCO N. 45 (z.d. 5),VIA,DE SANCTIS FRANCESCO,45,5322.0,5,,,46.0,False,False,True,False,False
987,CENTRO MASSAGGI,VIA DEL DON N. 5 (z.d. 1),VIA,DEL DON,5,596.0,1,,,40.0,False,False,True,False,False
990,CENTRO MASSAGGI,VIA DEL RICORDO N. 1 (z.d. 2),VIA,DEL RICORDO,1,2496.0,2,CENTRO MASSAGGI RILASSANTI NON ESTETICI,,,False,False,True,False,False
991,CENTRO MASSAGGI,VIA DEL TURCHINO N. 13 (z.d. 4),VIA,DEL TURCHINO,13,3337.0,4,,,49.0,False,False,True,False,False
988,CENTRO MASSAGGI,VIA DELLA CHIESA ROSSA N. 33 (z.d. 5),VIA,DELLA CHIESA ROSSA,33,5321.0,5,CENTRO MASSAGGI,,40.0,False,False,True,False,False
989,CENTRO MASSAGGI,VIA DELLA TORRE N. 34 (z.d. 2),VIA,DELLA TORRE,34,2322.0,2,CENTRO MASSAGGI,,,False,False,True,False,False
993,CENTRO MASSAGGI,VIA EDOLO N. 28 (z.d. 2),VIA,EDOLO,28,1217.0,2,CENTRO MASSAGGI,,25.0,False,False,True,False,False
994,CENTRO MASSAGGI,VIA FAA' DI BRUNO EMILIO N. 10 (z.d. 4),VIA,FAA' DI BRUNO EMILIO,10,4095.0,4,CENTRO MASSAGI RILASSANTI NON ESTETICI,,95.0,False,False,True,False,False
995,CENTRO MASSAGGI,VIA FANFULLA DA LODI N. 2 (z.d. 2),VIA,FANFULLA DA LODI,2,2364.0,2,CENTRO MASSAGGI RILASSANTI NON ESTETICI,,43.0,False,False,True,False,False
996,CENTRO MASSAGGI,VIA FARINI CARLO N. 42 (z.d. 9),VIA,FARINI CARLO,42,1114.0,9,,,38.0,False,False,True,False,False
997,CENTRO MASSAGGI,VIA FARINI CARLO N. 55 via carlo farini  55 (z.d. 9),VIA,FARINI CARLO,55,1114.0,9,CENTRO MASSAGGI,,,False,False,True,False,False
998,CENTRO MASSAGGI,VIA FAUCHE' GIOVANNI BATTISTA N. 37 (z.d. 8),VIA,FAUCHE' GIOVANNI BATTISTA,37,7192.0,8,CENTRO MASSAGGI,2.0,34.0,False,False,True,False,False
999,CENTRO MASSAGGI,VIA FERRARI GAUDENZIO N. 12 (z.d. 1),VIA,FERRARI GAUDENZIO,12,5167.0,1,,,35.0,False,False,True,False,False
1000,CENTRO MASSAGGI,VIA FILZI FABIO N. 15 (z.d. 2),VIA,FILZI FABIO,15,1190.0,2,,,50.0,False,False,True,False,False
1001,CENTRO MASSAGGI,VIA FIUGGI N. 44 (z.d. 9),VIA,FIUGGI,44,1328.0,9,,,35.0,False,False,True,False,False
1002,CENTRO MASSAGGI,VIA FRIULI N. 61 (z.d. 4),VIA,FRIULI,61,3199.0,4,MASSAGGI RILASSANTI,,30.0,False,False,True,False,False
1003,CENTRO MASSAGGI,VIA GALLARATE N. 42 (z.d. 8),VIA,GALLARATE,42,7420.0,8,CENTRO MASSAGGI,,57.0,False,False,True,False,False
1004,CENTRO MASSAGGI,VIA GIAMBELLINO N. 110 (z.d. 6),VIA,GIAMBELLINO,110,5136.0,6,,1.0,30.0,False,False,True,False,False
1005,CENTRO MASSAGGI,VIA GIAMBELLINO N. 128 (z.d. 6),VIA,GIAMBELLINO,128,5136.0,6,CENTRO MASSAGGI,17.0,40.0,False,False,True,False,False
1006,CENTRO MASSAGGI,VIA GIAMBELLINO N. 42 (z.d. 6),VIA,GIAMBELLINO,42,5136.0,6,CENTRO MASSAGGI,,65.0,False,False,True,False,False
1007,CENTRO MASSAGGI,VIA GLUCK CRISTOFORO N. 5 (z.d. 2),VIA,GLUCK CRISTOFORO,5,1215.0,2,CENTRO MASSAGGI,,87.0,False,False,True,False,False
1008,CENTRO MASSAGGI,VIA INAMA VIRGILIO N. 25 via inama 25 (z.d. 3),VIA,INAMA VIRGILIO,25,3169.0,3,CENTRO MASSAGGI,,,False,False,True,False,False
1009,CENTRO MASSAGGI,VIA LAZZARETTO N. 2 (z.d. 3),VIA,LAZZARETTO,2,2112.0,3,CENTRO MASSAGGI,,52.0,False,False,True,False,False
1010,CENTRO MASSAGGI,VIA LECCO N. 12 (z.d. 3),VIA,LECCO,12,2110.0,3,CENTRO MASSAGGI,,,False,False,True,False,False
1011,CENTRO MASSAGGI,VIA LECCO N. 4 (z.d. 3),VIA,LECCO,4,2110.0,3,CENTRO MASSAGGI TUINA,,50.0,False,False,True,False,False
1012,CENTRO MASSAGGI,VIA LEONCAVALLO RUGGERO N. 12 (z.d. 3),VIA,LEONCAVALLO RUGGERO,12,2389.0,3,CENTRO MASSAGGI,25.0,18.0,False,False,True,False,False
1013,CENTRO MASSAGGI,VIA LEPETIT ROBERTO N. 29 (z.d. 2),VIA,LEPETIT ROBERTO,29,2096.0,2,CENTRO MASSAGGI RILASSANTI NON ESTETICI,77.0,67.0,False,False,True,False,False
1014,CENTRO MASSAGGI,VIA LEPONTINA N. 2 via lepontina 2 (z.d. 9),VIA,LEPONTINA,2,1147.0,9,CENTRO MASSAGGI,,,False,False,True,False,False
1015,CENTRO MASSAGGI,VIA LIVIGNO N. 6A (z.d. 9),VIA,LIVIGNO,6A,1296.0,9,CENTRO MASSAGGI,,,False,False,True,False,False
1016,CENTRO MASSAGGI,VIA LOMELLINA N. 26 (z.d. 4),VIA,LOMELLINA,26,3280.0,4,CENTRO MASSAGGI,,50.0,False,False,True,False,False
1017,CENTRO MASSAGGI,VIA LULLI GIOVANNI N. 1 (z.d. 3),VIA,LULLI GIOVANNI,1,2253.0,3,,,36.0,False,False,True,False,False
1018,CENTRO MASSAGGI,"VIA MADERNA BRUNO N. 2 via maderna, 2 - milano (z.d. 4)",VIA,MADERNA BRUNO,2,3382.0,4,CENTRO MASSAGGI,12.0,80.0,False,False,True,False,False
1019,CENTRO MASSAGGI,VIA MARCELLO BENEDETTO N. 10 (z.d. 3),VIA,MARCELLO BENEDETTO,10,2128.0,3,,,30.0,False,False,True,False,False
1020,CENTRO MASSAGGI,VIA MARCO D'AGRATE N. 14 (z.d. 5),VIA,MARCO D'AGRATE,14,4276.0,5,CENTRO MASSAGGI,,86.0,False,False,True,False,False
1021,CENTRO MASSAGGI,VIA MARONCELLI PIETRO N. 19 (z.d. 9),VIA,MARONCELLI PIETRO,19,1113.0,9,,,32.0,False,False,True,False,False
1022,CENTRO MASSAGGI,VIA MEDA GIUSEPPE N. 38 (z.d. 5),VIA,MEDA GIUSEPPE,38,5242.0,5,,,63.0,False,False,True,False,False
1023,CENTRO MASSAGGI,VIA MENABREA LUIGI FEDERICO N. 20 (z.d. 9),VIA,MENABREA LUIGI FEDERICO,20,1322.0,9,CENTRO MASSAGGI,,58.0,False,False,True,False,False
1024,CENTRO MASSAGGI,VIA MENOTTI CIRO N. 35 via ciro menotti 35 (z.d. 3),VIA,MENOTTI CIRO,35,3184.0,3,CENTRO MASSAGGI,12.0,15.0,False,False,True,False,False
1025,CENTRO MASSAGGI,VIA MEUCCI ANTONIO N. 22 (z.d. 2),VIA,MEUCCI ANTONIO,22,2497.0,2,centro massaggi,46.0,42.0,False,False,True,False,False
1026,CENTRO MASSAGGI,VIA MONTEVIDEO N. 4 (z.d. 6),VIA,MONTEVIDEO,4,6091.0,6,CENTRO MASSAGGI,,46.0,False,False,True,False,False
1027,CENTRO MASSAGGI,VIA MURATORI LODOVICO N. 7 (z.d. 4),VIA,MURATORI LODOVICO,7,4076.0,4,CENTRO MASSAGGI,,13.0,False,False,True,False,False
1028,CENTRO MASSAGGI,VIA NICCOLINI GIOVANNI BATTISTA N. 16 via niccolini  16 (z.d. 1),VIA,NICCOLINI GIOVANNI BATTISTA,16,7129.0,1,CENTRO MASSAGGI,,,False,False,True,False,False
1029,CENTRO MASSAGGI,VIA NOVARA N. 139 (z.d. 7),VIA,NOVARA,139,6624.0,7,,,42.0,False,False,True,False,False
1030,CENTRO MASSAGGI,VIA PACINI GIOVANNI N. 22 (z.d. 3),VIA,PACINI GIOVANNI,22,2571.0,3,CENTRO MASSAGGI RILASSANTI,41.0,34.0,False,False,True,False,False
1031,CENTRO MASSAGGI,VIA PACINOTTI FRA' ANTONIO N. 8 (z.d. 8),VIA,PACINOTTI FRA' ANTONIO,8,7259.0,8,,,,False,False,True,False,False
1032,CENTRO MASSAGGI,"VIA PADOVA N. 154 vl.e padova, 154 (z.d. 2)",VIA,PADOVA,154,2275.0,2,CENTRO MASSAGGI,,,False,False,True,False,False
1033,CENTRO MASSAGGI,VIA PADOVA N. 235 (z.d. 2),VIA,PADOVA,235,2275.0,2,,,42.0,False,False,True,False,False
1034,CENTRO MASSAGGI,VIA PALLADIO ANDREA N. 3A (z.d. 5),VIA,PALLADIO ANDREA,3A,4213.0,5,,,30.0,False,False,True,False,False
1035,CENTRO MASSAGGI,VIA PALMANOVA N. 28 (z.d. 3),VIA,PALMANOVA,28,2390.0,3,CENTRO MASSAGGI,,68.0,False,False,True,False,False
1036,CENTRO MASSAGGI,VIA PALMANOVA N. 54 (z.d. 3),VIA,PALMANOVA,54,2390.0,3,SERVIZI DI CENTRI PER IL BENESSERE,,35.0,False,False,True,False,False
1037,CENTRO MASSAGGI,VIA PERGOLESI GIOVANNI BATTISTA N. 7 (z.d. 3),VIA,PERGOLESI GIOVANNI BATTISTA,7,2231.0,3,,,55.0,False,False,True,False,False
1038,CENTRO MASSAGGI,VIA PETRELLA ERRICO N. 4 (z.d. 3),VIA,PETRELLA ERRICO,4,2137.0,3,,,30.0,False,False,True,False,False
1039,CENTRO MASSAGGI,VIA PETROCCHI POLICARPO N. 21 via petrocchi  21 (z.d. 2),VIA,PETROCCHI POLICARPO,21,2320.0,2,CENTRO MASSAGGI RILASSANTI NON ESTETICI,,,False,False,True,False,False
1040,CENTRO MASSAGGI,VIA PIERLUIGI GIOVANNI DA PALESTRINA N. 22 (z.d. 3),VIA,PIERLUIGI GIOVANNI DA PALESTRINA,22,2235.0,3,CENTRO MASSAGGI,,53.0,False,False,True,False,False
1041,CENTRO MASSAGGI,VIA PISTRUCCI SCIPIONE N. 23 (z.d. 4),VIA,PISTRUCCI SCIPIONE,23,3215.0,4,CENTRO MASSAGGI RILASSANTI NON ESTETICI,,,False,False,True,False,False
1043,CENTRO MASSAGGI,VIA PLINIO CAIO SECONDO N. 61 (z.d. 3),VIA,PLINIO CAIO SECONDO,61,2144.0,3,CENTRO MASSAGGI,,48.0,False,False,True,False,False
1042,CENTRO MASSAGGI,VIA PLINIO CAIO SECONDO N. 61 via plinio  61 (z.d. 3),VIA,PLINIO CAIO SECONDO,61,2144.0,3,CENTRO MASSAGGI,,,False,False,True,False,False
1044,CENTRO MASSAGGI,VIA PORRO LAMBERTENGHI LUIGI N. 15 (z.d. 9),VIA,PORRO LAMBERTENGHI LUIGI,15,1142.0,9,CENTRO MASSAGGI,,50.0,False,False,True,False,False
1045,CENTRO MASSAGGI,VIA PROCACCINI GIULIO CESARE N. 21 (z.d. 8),VIA,PROCACCINI GIULIO CESARE,21,7204.0,8,,,40.0,False,False,True,False,False
1046,CENTRO MASSAGGI,"VIA RIPAMONTI GIUSEPPE N. 195 via ripamonti, 195 - milano (z.d. 5)",VIA,RIPAMONTI GIUSEPPE,195,4066.0,5,CENTRO MASSAGGI RILASSANTI NON ESTETICI,,,False,False,True,False,False
1047,CENTRO MASSAGGI,VIA RIPAMONTI GIUSEPPE N. 213 (z.d. 5),VIA,RIPAMONTI GIUSEPPE,213,4066.0,5,,,35.0,False,False,True,False,False
1048,CENTRO MASSAGGI,VIA RIPAMONTI GIUSEPPE N. 27 (z.d. 5),VIA,RIPAMONTI GIUSEPPE,27,4066.0,5,ATTIVITA' DI MASSAGGI RILASSANTI,,136.0,False,False,True,False,False
1051,CENTRO MASSAGGI,VIA SAN GREGORIO N. 27 (z.d. 3),VIA,SAN GREGORIO,27,2123.0,3,MASSAGGI,25.0,55.0,False,False,True,False,False
1050,CENTRO MASSAGGI,"VIA SAN GREGORIO N. 27 via san gregorio, 27 - milano (z.d. 3)",VIA,SAN GREGORIO,27,2123.0,3,CENTRO MASSAGGI,,,False,False,True,False,False
1049,CENTRO MASSAGGI,VIA SANFELICE LUISA N. 10 (z.d. 4),VIA,SANFELICE LUISA,10,3224.0,4,CENTRO MASSAGGI RILASSANTI NON ESTETICI,,35.0,False,False,True,False,False
1052,CENTRO MASSAGGI,VIA SANTA RITA DA CASCIA N. 3 (z.d. 6),VIA,SANTA RITA DA CASCIA,3,5301.0,6,CENTRO MASSAGGI,,53.0,False,False,True,False,False
1053,CENTRO MASSAGGI,VIA SIRTORI GIUSEPPE N. 4 (z.d. 3),VIA,SIRTORI GIUSEPPE,4,2180.0,3,CENTRO MASSAGGI RILASSANTI NON ESTETICI,,,False,False,True,False,False
1054,CENTRO MASSAGGI,VIA SISMONDI GIANCARLO N. 38 (z.d. 4),VIA,SISMONDI GIANCARLO,38,3256.0,4,,,45.0,False,False,True,False,False
1055,CENTRO MASSAGGI,VIA SISMONDI GIANCARLO N. 48 (z.d. 4),VIA,SISMONDI GIANCARLO,48,3256.0,4,CENTRO MASSAGGI,,,False,False,True,False,False
1056,CENTRO MASSAGGI,VIA TADINO ALESSANDRO N. 19 (z.d. 3),VIA,TADINO ALESSANDRO,19,2109.0,3,CENTRO MASSAGGI RILASSANTI NON ESTETICI,,,False,False,True,False,False
1058,CENTRO MASSAGGI,VIA TAJANI FILIPPO N. 1 via tajani 1 (z.d. 3),VIA,TAJANI FILIPPO,1,3235.0,3,centro massaggi,,,False,False,True,False,False
1059,CENTRO MASSAGGI,VIA TAJANI FILIPPO N. 1 via tajani 1 (z.d. 3),VIA,TAJANI FILIPPO,1,3235.0,3,CENTRO MASSAGGI RILASSANTI NON ESTETICI,,,False,False,True,False,False
1057,CENTRO MASSAGGI,VIA TAJANI FILIPPO N. 10 (z.d. 3),VIA,TAJANI FILIPPO,10,3235.0,3,CENTRO MASSAGGI RILASSANTI NON ESTETICI,,,False,False,True,False,False
1060,CENTRO MASSAGGI,VIA TARTINI GIUSEPPE n. 34 (z.d. 9),VIA,FIUGGI,44,1328.0,9,,,,False,False,True,False,False
1061,CENTRO MASSAGGI,VIA TENCA CARLO N. 24 (z.d. 2),VIA,TENCA CARLO,24,2118.0,2,,,35.0,False,False,True,False,False
1062,CENTRO MASSAGGI,VIA TEODOSIO N. 83 (z.d. 3),VIA,TEODOSIO,83,2550.0,3,,,77.0,False,False,True,False,False
1063,CENTRO MASSAGGI,VIA TITO LIVIO N. 17 via tito livio  17 (z.d. 4),VIA,TITO LIVIO,17,4086.0,4,CENTRO MASSAGGI RILASSANTI NON ESTETICI,,,False,False,True,False,False
1064,CENTRO MASSAGGI,VIA TORRIANI NAPO N. 12 (z.d. 2),VIA,TORRIANI NAPO,12,2126.0,2,CENTRO MASSAGGI,,78.0,False,False,True,False,False
1065,CENTRO MASSAGGI,VIA TORRIANI NAPO N. 22 (z.d. 2),VIA,TORRIANI NAPO,22,2126.0,2,,,40.0,False,False,True,False,False
1066,CENTRO MASSAGGI,VIA TORRICELLI EVANGELISTA N. 3 (z.d. 5),VIA,TORRICELLI EVANGELISTA,3,5240.0,5,CENTRO MASSAGGI THAI RILASSANTI NON CURATIVI,,49.0,False,False,True,False,False
1067,CENTRO MASSAGGI,VIA TRAIANO MARCO ULPIO N. 58 via traiano 58 (z.d. 8),VIA,TRAIANO MARCO ULPIO,58,7157.0,8,CENTRO MASSAGGI,,,False,False,True,False,False
1068,CENTRO MASSAGGI,VIA UCCELLO PAOLO N. 14 (z.d. 8),VIA,UCCELLO PAOLO,14,6421.0,8,,,40.0,False,False,True,False,False
1069,CENTRO MASSAGGI,VIA VALENZA N. 5 via valenza  5 (z.d. 6),VIA,VALENZA,5,5121.0,6,CENTRO MASSAGGI RILASSANTI NON ESTETICI,20.0,60.0,False,False,True,False,False
1070,CENTRO MASSAGGI,VIA VARANINI LUIGI N. 12 (z.d. 2),VIA,VARANINI LUIGI,12,2288.0,2,CENTRO MASSAGGI,12.0,63.0,False,False,True,False,False
1071,CENTRO MASSAGGI,VIA VENINI GIULIO E CORRADO N. 43 (z.d. 2),VIA,VENINI GIULIO E CORRADO,43,2258.0,2,,,,False,False,True,False,False
1072,CENTRO MASSAGGI,"VIA VENINI GIULIO E CORRADO N. 91 via venini, 91 (z.d. 2)",VIA,VENINI GIULIO E CORRADO,91,2258.0,2,,,,False,False,True,False,False
1073,CENTRO MASSAGGI,VIA ZANELLA GIACOMO N. 27 (z.d. 4),VIA,ZANELLA GIACOMO,27,3257.0,4,CENTRO MASSAGGI RILASSANTI NON ESTETICI,7.0,54.0,False,False,True,False,False
1074,CENTRO MASSAGGI,VIA ZURETTI GIANFRANCO N. 35 (z.d. 2),VIA,ZURETTI GIANFRANCO,35,1216.0,2,,,47.0,False,False,True,False,False
1075,CENTRO MASSAGGI,VLE ABRUZZI N. 68 (z.d. 3),VLE,ABRUZZI,68,2177.0,3,CENTRO MASSAGGI,,52.0,False,False,True,False,False
1076,CENTRO MASSAGGI,VLE ARETUSA N. 17 (z.d. 7),VLE,ARETUSA,17,6565.0,7,centro massaggi,32.0,32.0,False,False,True,False,False
1077,CENTRO MASSAGGI,VLE BEZZI ERGISTO N. 77 (z.d. 7),VLE,BEZZI ERGISTO,77,6272.0,7,CENTRO MASSAGGI,16.0,77.0,False,False,True,False,False
1078,CENTRO MASSAGGI,VLE CAMPANIA N. 49 (z.d. 4),VLE,CAMPANIA,49,3100.0,4,CENTRO MASSAGGI RILASSANTI NON ESTETICI,,,False,False,True,False,False
1079,CENTRO MASSAGGI,VLE CERTOSA N. 139 (z.d. 8),VLE,CERTOSA,139,7174.0,8,CENTRO MASSAGGI RILASSANTI NON ESTETICI,11.0,55.0,False,False,True,False,False
1080,CENTRO MASSAGGI,VLE CRISPI FRANCESCO N. 5A (z.d. 1),VLE,CRISPI FRANCESCO,5A,1063.0,1,,,30.0,False,False,True,False,False
1081,CENTRO MASSAGGI,VLE D'ANNUNZIO GABRIELE N. 1 (z.d. 1),VLE,D'ANNUNZIO GABRIELE,1,5170.0,1,,,29.0,False,False,True,False,False
1082,CENTRO MASSAGGI,VLE GRAN SASSO N. 9 (z.d. 3),VLE,GRAN SASSO,9,2243.0,3,,,46.0,False,False,True,False,False
1083,CENTRO MASSAGGI,"VLE LUCANIA N. 21 v.le lucania, 21 - milano (z.d. 4)",VLE,LUCANIA,21,4173.0,4,CENTRO MASSAGGI RILASSANTI NON ESTETICI,,,False,False,True,False,False
1084,CENTRO MASSAGGI,VLE MONZA N. 243 (z.d. 2),VLE,MONZA,243,2274.0,2,,,30.0,False,False,True,False,False
1085,CENTRO MASSAGGI,VLE PISA N. 45 (z.d. 7),VLE,PISA,45,6615.0,7,CENTRO MASSAGGI RILASSANTI NON ESTETICI,20.0,24.0,False,False,True,False,False
1086,CENTRO MASSAGGI,VLE RODI N. 91 via rodi n. 91 (z.d. 9),VLE,RODI,91,1623.0,9,CENTRO MASSAGGI RILASSANTI NON ESTETICI,,,False,False,True,False,False
1087,CENTRO MASSAGGI,VLE SUZZANI GIOVANNI N. 18 (z.d. 9),VLE,SUZZANI GIOVANNI,18,1446.0,9,,,45.0,False,False,True,False,False
1088,CENTRO MASSAGGI,VLE UMBRIA N. 41 (z.d. 4),VLE,UMBRIA,41,3145.0,4,,1.0,89.0,False,False,True,False,False
1089,CENTRO MASSAGGI;CENTRO BENESSERE,"VIA MANTOVA N. 13 via mantova, 13 - milano (z.d. 5)",VIA,MANTOVA,13,4217.0,5,centro benessere,6.0,75.0,False,False,True,False,False
1106,ESECUZIONE DI TATUAGGI E PIERCING,PZA OBERDAN GUGLIELMO N. 3 (z.d. 3),PZA,OBERDAN GUGLIELMO,3,2108.0,3,,,,False,False,False,False,True
1107,ESECUZIONE DI TATUAGGI E PIERCING,VIA VAL TROMPIA N. 45 (z.d. 8),VIA,VAL TROMPIA,45,7494.0,8,ESECUZIONE TATUAGGI,25.0,24.0,False,False,False,False,True
1108,ESECUZIONE DI TATUAGGI E PIERCING,VIA VOLVINIO N. 31 (z.d. 5),VIA,VOLVINIO,31,5333.0,5,,,,False,False,False,False,True
1109,ESECUZIONE DI TATUAGGI E PIERCING,VLE CORSICA N. 16 (z.d. 4),VLE,CORSICA,16,3262.0,4,TATUAGGI E PIERCING,25.0,28.0,False,False,False,False,True
1110,ESECUZIONE DI TATUAGGI E PIERCING,VLE PAPINIANO N. 22A (z.d. 1),VLE,PAPINIANO,22A,5097.0,1,TATUAGGI E PIERCING,,,False,False,False,False,True
1111,ESTETISTA,PZA DEL TRICOLORE N. 4 ; (z.d. 1),PZA,DEL TRICOLORE,4,3047.0,1,,,,False,True,False,False,False
1112,ESTETISTA,VIA ANFOSSI AUGUSTO N. 9 ; (z.d. 4),VIA,ANFOSSI AUGUSTO,9,3071.0,4,,,37.0,False,True,False,False,False
1113,ESTETISTA,VIA ASTICO N. 18 ; (z.d. 2),VIA,ASTICO,18,2462.0,2,,,32.0,False,True,False,False,False
1114,ESTETISTA,VIA BONVESIN DE LA RIVA N. 9 piano terra e seminterrato; (z.d. 4),VIA,BONVESIN DE LA RIVA,9,3087.0,4,,,,False,True,False,False,False
1115,ESTETISTA,VIA BROCCHI GIAN BATTISTA i piano num.007a; (z.d. 3),VIA,BROCCHI GIAN BATTISTA,,2562.0,3,,,37.0,False,True,False,False,False
1116,ESTETISTA,VIA CADORE N. 29 ; (z.d. 4),VIA,CADORE,29,3077.0,4,,,50.0,False,True,False,False,False
1117,ESTETISTA,VIA CAPECELATRO ALFONSO N. 87 ; (z.d. 7),VIA,CAPECELATRO ALFONSO,87,6575.0,7,,,,False,True,False,False,False
1118,ESTETISTA,VIA DEGLI OROMBELLI N. 18 ; (z.d. 3),VIA,DEGLI OROMBELLI,18,2579.0,3,,,52.0,False,True,False,False,False
1119,ESTETISTA,VIA DEI CINQUECENTO N. 27 ; (z.d. 4),VIA,DEI CINQUECENTO,27,4283.0,4,,13.0,21.0,False,True,False,False,False
1120,ESTETISTA,VIA DEL TURCHINO N. 17 ; (z.d. 4),VIA,DEL TURCHINO,17,3337.0,4,,,27.0,False,True,False,False,False
1121,ESTETISTA,VIA MELLONI MACEDONIO N. 37 ; (z.d. 4),VIA,MELLONI MACEDONIO,37,3085.0,4,,,,False,True,False,False,False
1122,ESTETISTA,VIA MORA GIAN GIACOMO N. 5 ; (z.d. 1),VIA,MORA GIAN GIACOMO,5,594.0,1,ESTETICA TIPO A,,,False,True,False,False,False
1123,ESTETISTA,VIA PADOVA N. 154 ; (z.d. 2),VIA,PADOVA,154,2275.0,2,,,,False,True,False,False,False
1124,ESTETISTA,VIA PALMANOVA N. 127 ; (z.d. 2),VIA,PALMANOVA,127,2390.0,2,,,24.0,False,True,False,False,False
1125,ESTETISTA,VIA PISACANE CARLO N. 3 piano rialzato in appartamento; (z.d. 3),VIA,PISACANE CARLO,3,2188.0,3,,,16.0,False,True,False,False,False
1126,ESTETISTA,VIA PORDENONE N. 28 ; (z.d. 3),VIA,PORDENONE,28,2650.0,3,,,,False,True,False,False,False
1127,ESTETISTA,VIA SOTTOCORNO PASQUALE N. 17 ; (z.d. 4),VIA,SOTTOCORNO PASQUALE,17,3152.0,4,,,,False,True,False,False,False
1128,ESTETISTA,VIA VISCONTI DI MODRONE UBERTO N. 38 seminterrato; (z.d. 1),VIA,VISCONTI DI MODRONE UBERTO,38,361.0,1,,,32.0,False,True,False,False,False
1129,ESTETISTA,VLE BRENTA N. 7 ; (z.d. 4),VLE,BRENTA,7,4151.0,4,,,34.0,False,True,False,False,False
1130,ESTETISTA,VLE SABOTINO N. 12 ; (z.d. 5),VLE,SABOTINO,12,4046.0,5,,,,False,True,False,False,False
1131,ESTETISTA IN PROFUMERIA;TIPO A ESTETICA MANUALE;TIPO D ESTET.APPAR.ELETTROMECC;TIPO C TRATT.ESTETICI DIMAGRIM,VLE CAMPANIA N. 26 estetista in profumeria; (z.d. 4),VLE,CAMPANIA,26,3100.0,4,,,12.0,False,True,False,True,False
1132,ESTETISTA;MANICURE;PEDICURE ESTETICO,VIA EUSTACHI BARTOLOMEO N. 38 ; (z.d. 3),VIA,EUSTACHI BARTOLOMEO,38,2165.0,3,,6.0,40.0,False,True,False,False,False
1133,ESTETISTA;PARRUCCHIERE PER SIGNORA,CSO GARIBALDI GIUSEPPE N. 110 ; (z.d. 1),CSO,GARIBALDI GIUSEPPE,110,1010.0,1,,,88.0,True,True,False,False,False
1134,ESTETISTA;PARRUCCHIERE PER SIGNORA,VIA BOIARDO MATTEO MARIA N. 33 ; (z.d. 2),VIA,BOIARDO MATTEO MARIA,33,2323.0,2,,70.0,56.0,True,True,False,False,False
1135,ESTETISTA;PARRUCCHIERE PER SIGNORA,VIA DERNA N. 13 ; (z.d. 2),VIA,DERNA,13,2376.0,2,,,52.0,True,True,False,False,False
1136,ESTETISTA;PARRUCCHIERE PER SIGNORA,VIA GRIGNA N. 15 ; (z.d. 8),VIA,GRIGNA,15,7239.0,8,,,,True,True,False,False,False
1137,ESTETISTA;PARRUCCHIERE PER SIGNORA,VIA PRINCIPE AMEDEO num.00210; (z.d. 1),VIA,PRINCIPE AMEDEO,,1054.0,1,,,,True,True,False,False,False
1138,ESTETISTA;PARRUCCHIERE PER SIGNORA,VLE MONZA N. 116 ; (z.d. 2),VLE,MONZA,116,2274.0,2,,,54.0,True,True,False,False,False
1139,ESTETISTA;PEDICURE ESTETICO,VIA GALLURA N. 1 ; (z.d. 5),VIA,GALLURA,1,4256.0,5,,12.0,18.0,False,True,False,False,False
1140,MANICURE;PARRUCCHIERE PER SIGNORA,VLE ROMAGNA N. 67 ; (z.d. 3),VLE,ROMAGNA,67,3102.0,3,,3.0,38.0,True,True,False,False,False
1141,PARRUCCHIERE MISTO,CSO COMO N. 11 ; (z.d. 9),CSO,COMO,11,1111.0,9,,,23.0,True,False,False,False,False
1142,PARRUCCHIERE MISTO,CSO CONCORDIA N. 6 ; (z.d. 4),CSO,CONCORDIA,6,3116.0,4,,,,True,False,False,False,False
1143,PARRUCCHIERE MISTO,CSO LODI N. 1 ; (z.d. 4),CSO,LODI,1,4068.0,4,,,97.0,True,False,False,False,False
1144,PARRUCCHIERE MISTO,CSO SAN GOTTARDO N. 11 ; (z.d. 5),CSO,SAN GOTTARDO,11,5203.0,5,,15.0,25.0,True,False,False,False,False
1145,PARRUCCHIERE MISTO,PLE GOVERNO PROVVISORIO DI LOMBARDIA N. 6 ; (z.d. 2),PLE,GOVERNO PROVVISORIO DI LOMBARDIA,6,2331.0,2,,,17.0,True,False,False,False,False
1146,PARRUCCHIERE MISTO,PZA FRATTINI PIETRO N. 15 ; (z.d. 6),PZA,FRATTINI PIETRO,15,5389.0,6,,,22.0,True,False,False,False,False
1147,PARRUCCHIERE MISTO,PZA OBERDAN GUGLIELMO N. 3 1 loc. al p.t. e 1 loc. al sop; (z.d. 3),PZA,OBERDAN GUGLIELMO,3,2108.0,3,,,61.0,True,False,False,False,False
1148,PARRUCCHIERE MISTO,VIA ALESSI GALEAZZO N. 11 ; (z.d. 1),VIA,ALESSI GALEAZZO,11,5169.0,1,,,,True,False,False,False,False
1149,PARRUCCHIERE MISTO,VIA ARGANINI GEROLAMO N. 26 ; (z.d. 9),VIA,ARGANINI GEROLAMO,26,1710.0,9,,5.0,56.0,True,False,False,False,False
1150,PARRUCCHIERE MISTO,VIA CARABELLI RODOLFO N. 2 ; (z.d. 4),VIA,CARABELLI RODOLFO,2,4096.0,4,,,31.0,True,False,False,False,False
1151,PARRUCCHIERE MISTO,VIA CARPI EUGENIO N. 4 ; (z.d. 3),VIA,CARPI EUGENIO,4,2557.0,3,,,34.0,True,False,False,False,False
1152,PARRUCCHIERE MISTO,VIA CATALANI ALFREDO N. 35 ; (z.d. 3),VIA,CATALANI ALFREDO,35,2425.0,3,,5.0,16.0,True,False,False,False,False
1156,PARRUCCHIERE MISTO,VIA DE ROSSI GIOVANNI BATTISTA N. 1 ; (z.d. 8),VIA,DE ROSSI GIOVANNI BATTISTA,1,7401.0,8,,,35.0,True,False,False,False,False
1153,PARRUCCHIERE MISTO,VIA DEI BIANCOSPINI N. 12 ; (z.d. 6),VIA,DEI BIANCOSPINI,12,6711.0,6,,,17.0,True,False,False,False,False
1154,PARRUCCHIERE MISTO,VIA DEI TRANSITI N. 27 ; (z.d. 2),VIA,DEI TRANSITI,27,2284.0,2,,,33.0,True,False,False,False,False
1155,PARRUCCHIERE MISTO,VIA DELLE FORZE ARMATE N. 333 ; (z.d. 7),VIA,DELLE FORZE ARMATE,333,6643.0,7,,,19.0,True,False,False,False,False
1157,PARRUCCHIERE MISTO,VIA DURAZZO N. 5 ; (z.d. 3),VIA,DURAZZO,5,2658.0,3,,,,True,False,False,False,False
1159,PARRUCCHIERE MISTO,VIA F.LLI BRONZETTI N. 26 ; (z.d. 4),VIA,F.LLI BRONZETTI,26,3089.0,4,,,25.0,True,False,False,False,False
1158,PARRUCCHIERE MISTO,VIA FARA GUSTAVO N. 31 ; (z.d. 9),VIA,FARA GUSTAVO,31,1183.0,9,,,24.0,True,False,False,False,False
1160,PARRUCCHIERE MISTO,VIA FORNI GEROLAMO N. 72 ; (z.d. 9),VIA,FORNI GEROLAMO,72,1677.0,9,,,48.0,True,False,False,False,False
1161,PARRUCCHIERE MISTO,VIA GNOCCHI DON CARLO num.033; (z.d. 7),VIA,LORIA MOISE',76,6100.0,7,,,37.0,True,False,False,False,False
1162,PARRUCCHIERE MISTO,VIA GROSSICH ANTONIO N. 17 ; (z.d. 3),VIA,GROSSICH ANTONIO,17,2576.0,3,,3.0,36.0,True,False,False,False,False
1163,PARRUCCHIERE MISTO,VIA ISERNIA N. 5 interno m.c.c. qt8; (z.d. 8),VIA,ISERNIA,5,6461.0,8,,,,True,False,False,False,False
1164,PARRUCCHIERE MISTO,VIA LOPEZ SABATINO N. 3 ; (z.d. 8),VIA,LOPEZ SABATINO,3,7369.0,8,,,,True,False,False,False,False
1165,PARRUCCHIERE MISTO,VIA LORENTEGGIO N. 124 ; (z.d. 6),VIA,LORENTEGGIO,124,5132.0,6,,9.0,54.0,True,False,False,False,False
1166,PARRUCCHIERE MISTO,VIA MAINONI D'INTIGNANO LUIGI N. 1 ; (z.d. 9),VIA,MAINONI D'INTIGNANO LUIGI,1,1432.0,9,ACCONCIATORE,,38.0,True,False,False,False,False
1167,PARRUCCHIERE MISTO,VIA MENABREA LUIGI FEDERICO N. 14 ; (z.d. 9),VIA,MENABREA LUIGI FEDERICO,14,1322.0,9,,,21.0,True,False,False,False,False
1168,PARRUCCHIERE MISTO,VIA MENOTTI CIRO N. 8 ; (z.d. 3),VIA,MENOTTI CIRO,8,3184.0,3,,,42.0,True,False,False,False,False
1169,PARRUCCHIERE MISTO,VIA MOSCA ANTONIO N. 187 ; (z.d. 7),VIA,MOSCA ANTONIO,187,6788.0,7,,,,True,False,False,False,False
1170,PARRUCCHIERE MISTO,VIA OLGETTINA N. 60 ; (z.d. 3),VIA,OLGETTINA,60,2530.0,3,,,,True,False,False,False,False
1171,PARRUCCHIERE MISTO,VIA OLTROCCHI BALDASSARE N. 7 ; (z.d. 4),VIA,OLTROCCHI BALDASSARE,7,3217.0,4,,,33.0,True,False,False,False,False
1172,PARRUCCHIERE MISTO,VIA PALERMO N. 18 ; (z.d. 1),VIA,PALERMO,18,1025.0,1,,2.0,13.0,True,False,False,False,False
1173,PARRUCCHIERE MISTO,VIA PASTEUR LUIGI N. 6 ; (z.d. 2),VIA,PASTEUR LUIGI,6,2283.0,2,,,,True,False,False,False,False
1174,PARRUCCHIERE MISTO,VIA PASTRENGO N. 1 ; (z.d. 9),VIA,PASTRENGO,1,1127.0,9,,,,True,False,False,False,False
1175,PARRUCCHIERE MISTO,VIA PEZZOTTI GIOVANNI N. 55 ; (z.d. 5),VIA,PEZZOTTI GIOVANNI,55,5244.0,5,,,16.0,True,False,False,False,False
1176,PARRUCCHIERE MISTO,VIA PIACENZA N. 17 ; (z.d. 5),VIA,PIACENZA,17,4064.0,5,,,16.0,True,False,False,False,False
1177,PARRUCCHIERE MISTO,VIA PIERLUIGI GIOVANNI DA PALESTRINA N. 1 ing. pubb. pza argentina; (z.d. 3),VIA,PIERLUIGI GIOVANNI DA PALESTRINA,1,2235.0,3,,,,True,False,False,False,False
1178,PARRUCCHIERE MISTO,VIA PIERLUIGI GIOVANNI DA PALESTRINA N. 40 ; (z.d. 2),VIA,PIERLUIGI GIOVANNI DA PALESTRINA,40,2235.0,2,,,,True,False,False,False,False
1179,PARRUCCHIERE MISTO,VIA PLINIO CAIO SECONDO N. 11 ; (z.d. 3),VIA,PLINIO CAIO SECONDO,11,2144.0,3,,,50.0,True,False,False,False,False
1180,PARRUCCHIERE MISTO,VIA PREVIATI GAETANO N. 21 ; (z.d. 7),VIA,PREVIATI GAETANO,21,6384.0,7,,,,True,False,False,False,False
1181,PARRUCCHIERE MISTO,VIA RAVENNA N. 14 ; (z.d. 4),VIA,RAVENNA,14,4281.0,4,,,32.0,True,False,False,False,False
1182,PARRUCCHIERE MISTO,VIA ROMEO NICOLA N. 3 ; (z.d. 5),VIA,ROMEO NICOLA,3,5479.0,5,,,93.0,True,False,False,False,False
1183,PARRUCCHIERE MISTO,VIA ROMILLI ARCIVESCOVO N. 14 ; (z.d. 5),VIA,ROMILLI ARCIVESCOVO,14,4154.0,5,,,28.0,True,False,False,False,False
1184,PARRUCCHIERE MISTO,VIA SANTI FERNANDO N. 8 ; (z.d. 6),VIA,SANTI FERNANDO,8,5461.0,6,,,,True,False,False,False,False
1185,PARRUCCHIERE MISTO,VIA SAVONA N. 13 ; (z.d. 6),VIA,SAVONA,13,5122.0,6,,,30.0,True,False,False,False,False
1186,PARRUCCHIERE MISTO,VIA SAVONA N. 14 ; (z.d. 6),VIA,SAVONA,14,5122.0,6,,,,True,False,False,False,False
1187,PARRUCCHIERE MISTO,VIA SPARTACO N. 21 ; (z.d. 4),VIA,SPARTACO,21,3186.0,4,,,,True,False,False,False,False
1188,PARRUCCHIERE MISTO,VIA URBANO III N. 3 ; (z.d. 1),VIA,URBANO III,3,588.0,1,,,17.0,True,False,False,False,False
1189,PARRUCCHIERE MISTO,VIA WASHINGTON GIORGIO N. 107 ; (z.d. 6),VIA,WASHINGTON GIORGIO,107,6111.0,6,,,31.0,True,False,False,False,False
1190,PARRUCCHIERE MISTO,VIA ZANELLA GIACOMO N. 27 ; (z.d. 4),VIA,ZANELLA GIACOMO,27,3257.0,4,,,,True,False,False,False,False
1191,PARRUCCHIERE MISTO,VLE ARETUSA N. 30 ; (z.d. 7),VLE,ARETUSA,30,6565.0,7,,,,True,False,False,False,False
1192,PARRUCCHIERE MISTO,VLE BLIGNY N. 44 ; (z.d. 5),VLE,BLIGNY,44,4045.0,5,,,,True,False,False,False,False
1193,PARRUCCHIERE MISTO,VLE BLIGNY N. 45 ; (z.d. 5),VLE,BLIGNY,45,4045.0,5,,,,True,False,False,False,False
1194,PARRUCCHIERE MISTO,VLE CONI ZUGNA N. 10 ; (z.d. 7),VLE,CONI ZUGNA,10,5110.0,7,,9.0,46.0,True,False,False,False,False
1195,PARRUCCHIERE MISTO,VLE CONI ZUGNA N. 39 ingr.via modestino; (z.d. 1),VLE,CONI ZUGNA,39,5110.0,1,,,,True,False,False,False,False
1196,PARRUCCHIERE MISTO,VLE DELLE RIMEMBRANZE DI GRECO N. 40 ; (z.d. 2),VLE,DELLE RIMEMBRANZE DI GRECO,40,1412.0,2,,,,True,False,False,False,False
1197,PARRUCCHIERE MISTO,VLE ESPINASSE CARLO N. 43 ; (z.d. 8),VLE,ESPINASSE CARLO,43,7390.0,8,,,,True,False,False,False,False
1198,PARRUCCHIERE MISTO,VLE ETIOPIA N. 4 ; (z.d. 6),VLE,ETIOPIA,4,6131.0,6,,5.0,15.0,True,False,False,False,False
1199,PARRUCCHIERE MISTO,VLE FAMAGOSTA N. 2 ; (z.d. 6),VLE,FAMAGOSTA,2,5353.0,6,,,34.0,True,False,False,False,False
1200,PARRUCCHIERE MISTO,VLE MONTE NERO N. 15 ; (z.d. 1),VLE,MONTE NERO,15,3062.0,1,,17.0,38.0,True,False,False,False,False
1201,PARRUCCHIERE MISTO,VLE PASUBIO N. 3 ; (z.d. 1),VLE,PASUBIO,3,1112.0,1,,,,True,False,False,False,False
1202,PARRUCCHIERE MISTO,VLE ROMAGNA N. 12 ; (z.d. 3),VLE,ROMAGNA,12,3102.0,3,,,52.0,True,False,False,False,False
1203,PARRUCCHIERE MISTO,VLE TEODORICO num.0192; (z.d. 8),VIA,RUGGERO DI LAURIA,20,7163.0,8,,,54.0,True,False,False,False,False
1204,PARRUCCHIERE MISTO,VLE TIBALDI N. 8 ; (z.d. 5),VLE,TIBALDI,8,5234.0,5,,,17.0,True,False,False,False,False
1205,PARRUCCHIERE MISTO,VLE UMBRIA N. 16 c/o c.c. piazza lodi; (z.d. 4),VLE,UMBRIA,16,3145.0,4,,,,True,False,False,False,False
1207,PARRUCCHIERE MISTO;TIPO A - REG.2003,VIA TIRABOSCHI GEROLAMO N. 3 ; (z.d. 4),VIA,TIRABOSCHI GEROLAMO,3,4072.0,4,,,,True,True,False,False,False
1208,PARRUCCHIERE MISTO;TIPO A - REG.2003,VIA VAL MAIRA N. 14 ; (z.d. 9),VIA,VAL MAIRA,14,1098.0,9,,,,True,True,False,False,False
1209,PARRUCCHIERE MISTO;TIPO A - REG.2003,VIA VALTELLINA N. 40 ; (z.d. 9),VIA,VALTELLINA,40,1188.0,9,,,,True,True,False,False,False
1210,PARRUCCHIERE MISTO;TIPO A - REG.2003,VLE ESPINASSE CARLO N. 84 ; (z.d. 8),VLE,ESPINASSE CARLO,84,7390.0,8,,,,True,True,False,False,False
1211,PARRUCCHIERE MISTO;TIPO A - REG.2003,VLE MONTE NERO N. 68 ; (z.d. 4),VLE,MONTE NERO,68,3062.0,4,,1.0,40.0,True,True,False,False,False
1212,PARRUCCHIERE MISTO;TIPO A - REG.2003;TIPO B CENTRO DI ABBRONZATURA,VIA CERVA N. 19 ; (z.d. 1),VIA,CERVA,19,314.0,1,,,,True,True,True,False,False
1213,PARRUCCHIERE MISTO;TIPO A - REG.2003;TIPO B CENTRO DI ABBRONZATURA,VIA FRUGONI CARLO INNOCENZO N. 23 ; (z.d. 9),VIA,FRUGONI CARLO INNOCENZO,23,1606.0,9,,,,True,True,True,False,False
1214,PARRUCCHIERE MISTO;TIPO A - REG.2003;TIPO B CENTRO DI ABBRONZATURA,VIA GIARDINO GAETANO N. 1 ; (z.d. 1),VIA,GIARDINO GAETANO,1,343.0,1,,,55.0,True,True,True,False,False
1215,PARRUCCHIERE MISTO;TIPO A - REG.2003;TIPO B CENTRO DI ABBRONZATURA,VIA SANTA TECLA N. 5 ; (z.d. 1),VIA,SANTA TECLA,5,321.0,1,,,,True,True,True,False,False
1216,PARRUCCHIERE MISTO;TIPO A - REG.2003;TIPO B CENTRO DI ABBRONZATURA,VLE FAMAGOSTA N. 40 ; (z.d. 6),VLE,FAMAGOSTA,40,5353.0,6,,,,True,True,True,False,False
1217,PARRUCCHIERE MISTO;TIPO A - REG.2003;TIPO B CENTRO DI ABBRONZATURA,VLE PREMUDA N. 14 con ingr. via archimede; (z.d. 4),VLE,PREMUDA,14,3063.0,4,,8.0,17.0,True,True,True,False,False
1218,PARRUCCHIERE MISTO;TIPO A - REG.2003;TIPO B CENTRO DI ABBRONZATURA,VLE TUNISIA N. 15 ; (z.d. 3),VLE,TUNISIA,15,2121.0,3,,2.0,27.0,True,True,True,False,False
1219,PARRUCCHIERE MISTO;TIPO A - REG.2003;TIPO B CENTRO DI ABBRONZATURA,VLE UMBRIA N. 18 ; (z.d. 4),VLE,UMBRIA,18,3145.0,4,,,,True,True,True,False,False
1206,PARRUCCHIERE MISTO;TIPO A ESTETICA MANUALE,VIA MARGHERA N. 18 ; (z.d. 7),VIA,MARGHERA,18,6280.0,7,,16.0,94.0,True,True,False,False,False
1220,PARRUCCHIERE PER SIGNORA,ALZ NAVIGLIO GRANDE N. 34 ; (z.d. 6),ALZ,NAVIGLIO GRANDE,34,5144.0,6,,12.0,21.0,True,False,False,False,False
1221,PARRUCCHIERE PER SIGNORA,BST DI PORTA NUOVA N. 15 bastioni di porta nuova; (z.d. 1),BST,DI PORTA NUOVA,15,1062.0,1,,,44.0,True,False,False,False,False
1222,PARRUCCHIERE PER SIGNORA,CSO BUENOS AIRES N. 18 1 locale al primo piano; (z.d. 3),CSO,BUENOS AIRES,18,2129.0,3,,,29.0,True,False,False,False,False
1224,PARRUCCHIERE PER SIGNORA,CSO BUENOS AIRES N. 5 ; (z.d. 3),CSO,BUENOS AIRES,5,2129.0,3,,,25.0,True,False,False,False,False
1223,PARRUCCHIERE PER SIGNORA,CSO BUENOS AIRES N. 51 ; (z.d. 3),CSO,BUENOS AIRES,51,2129.0,3,,,,True,False,False,False,False
1225,PARRUCCHIERE PER SIGNORA,CSO BUENOS AIRES N. 61 ; (z.d. 3),CSO,BUENOS AIRES,61,2129.0,3,,,45.0,True,False,False,False,False
1226,PARRUCCHIERE PER SIGNORA,CSO COMO N. 9 ; (z.d. 9),CSO,COMO,9,1111.0,9,,,34.0,True,False,False,False,False
1227,PARRUCCHIERE PER SIGNORA,CSO CONCORDIA N. 10 ; (z.d. 4),CSO,CONCORDIA,10,3116.0,4,,4.0,54.0,True,False,False,False,False
1228,PARRUCCHIERE PER SIGNORA,CSO DI PORTA ROMANA N. 128 ; (z.d. 1),CSO,DI PORTA ROMANA,128,402.0,1,,,21.0,True,False,False,False,False
1229,PARRUCCHIERE PER SIGNORA,CSO DI PORTA ROMANA N. 51 ; (z.d. 1),CSO,DI PORTA ROMANA,51,402.0,1,,2.0,39.0,True,False,False,False,False
1230,PARRUCCHIERE PER SIGNORA,CSO DI PORTA ROMANA N. 54 ; (z.d. 1),CSO,DI PORTA ROMANA,54,402.0,1,,4.0,30.0,True,False,False,False,False
1231,PARRUCCHIERE PER SIGNORA,CSO DI PORTA TICINESE N. 50 ; (z.d. 1),CSO,DI PORTA TICINESE,50,541.0,1,,5.0,30.0,True,False,False,False,False
1232,PARRUCCHIERE PER SIGNORA,CSO GARIBALDI GIUSEPPE N. 46 ; (z.d. 1),CSO,GARIBALDI GIUSEPPE,46,1010.0,1,,,,True,False,False,False,False
1233,PARRUCCHIERE PER SIGNORA,CSO GENOVA N. 4 ; (z.d. 1),CSO,GENOVA,4,5164.0,1,,14.0,36.0,True,False,False,False,False
1234,PARRUCCHIERE PER SIGNORA,CSO INDIPENDENZA N. 12 ; (z.d. 4),CSO,INDIPENDENZA,12,3118.0,4,,17.0,19.0,True,False,False,False,False
1235,PARRUCCHIERE PER SIGNORA,CSO INDIPENDENZA N. 6 ; (z.d. 4),CSO,INDIPENDENZA,6,3118.0,4,,,,True,False,False,False,False
1236,PARRUCCHIERE PER SIGNORA,CSO ITALIA N. 35 ; (z.d. 1),CSO,ITALIA,35,526.0,1,,,29.0,True,False,False,False,False
1237,PARRUCCHIERE PER SIGNORA,CSO LODI N. 116 ; (z.d. 4),CSO,LODI,116,4068.0,4,,10.0,15.0,True,False,False,False,False
1238,PARRUCCHIERE PER SIGNORA,CSO LODI N. 15 ; (z.d. 4),CSO,LODI,15,4068.0,4,,,,True,False,False,False,False
1239,PARRUCCHIERE PER SIGNORA,CSO LODI N. 2 ; (z.d. 5),CSO,LODI,2,4068.0,5,,15.0,45.0,True,False,False,False,False
1240,PARRUCCHIERE PER SIGNORA,CSO LODI N. 56 ; (z.d. 4),CSO,LODI,56,4068.0,4,,,21.0,True,False,False,False,False
1241,PARRUCCHIERE PER SIGNORA,CSO LODI N. 62 ; (z.d. 4),CSO,LODI,62,4068.0,4,,,,True,False,False,False,False
1242,PARRUCCHIERE PER SIGNORA,CSO LODI N. 74 ; (z.d. 4),CSO,LODI,74,4068.0,4,,,,True,False,False,False,False
1243,PARRUCCHIERE PER SIGNORA,CSO MAGENTA N. 66 ; (z.d. 1),CSO,MAGENTA,66,604.0,1,,,68.0,True,False,False,False,False
1244,PARRUCCHIERE PER SIGNORA,CSO MAGENTA N. 76 ; (z.d. 1),CSO,MAGENTA,76,604.0,1,,,,True,False,False,False,False
1245,PARRUCCHIERE PER SIGNORA,CSO SEMPIONE N. 102 ; (z.d. 8),CSO,SEMPIONE,102,7137.0,8,,,20.0,True,False,False,False,False
1248,PARRUCCHIERE PER SIGNORA,CSO VENEZIA N. 3 ; (z.d. 1),CSO,VENEZIA,3,238.0,1,,,110.0,True,False,False,False,False
1246,PARRUCCHIERE PER SIGNORA,CSO VENEZIA N. 33 ; (z.d. 1),CSO,VENEZIA,33,238.0,1,,,62.0,True,False,False,False,False
1247,PARRUCCHIERE PER SIGNORA,CSO VENEZIA N. 35 ; (z.d. 1),CSO,VENEZIA,35,238.0,1,,,,True,False,False,False,False
1249,PARRUCCHIERE PER SIGNORA,CSO VENTIDUE MARZO N. 12 ; (z.d. 4),CSO,VENTIDUE MARZO,12,3074.0,4,,,25.0,True,False,False,False,False
1250,PARRUCCHIERE PER SIGNORA,CSO VENTIDUE MARZO N. 41 ; (z.d. 4),CSO,VENTIDUE MARZO,41,3074.0,4,,8.0,40.0,True,False,False,False,False
1251,PARRUCCHIERE PER SIGNORA,CSO VENTIDUE MARZO N. 8 ; (z.d. 4),CSO,VENTIDUE MARZO,8,3074.0,4,,,48.0,True,False,False,False,False
1252,PARRUCCHIERE PER SIGNORA,CSO VERCELLI N. 35 ; (z.d. 7),CSO,VERCELLI,35,6193.0,7,,,78.0,True,False,False,False,False
1253,PARRUCCHIERE PER SIGNORA,FOR BUONAPARTE N. 74 ; (z.d. 1),FOR,BUONAPARTE,74,711.0,1,,22.0,48.0,True,False,False,False,False
1254,PARRUCCHIERE PER SIGNORA,GLL BUENOS AIRES N. 6 ; (z.d. 3),GLL,BUENOS AIRES,6,2146.0,3,,,34.0,True,False,False,False,False
1255,PARRUCCHIERE PER SIGNORA,GLL PASSARELLA N. 1 ; (z.d. 1),GLL,PASSARELLA,1,303.0,1,,,78.0,True,False,False,False,False
1256,PARRUCCHIERE PER SIGNORA,GLL PASSARELLA N. 2 ; (z.d. 1),GLL,PASSARELLA,2,303.0,1,,,70.0,True,False,False,False,False
1257,PARRUCCHIERE PER SIGNORA,LGO BRASILIA N. 6 ; (z.d. 6),LGO,BRASILIA,6,6145.0,6,,4.0,18.0,True,False,False,False,False
1258,PARRUCCHIERE PER SIGNORA,LGO DEI GELSOMINI N. 14 ; (z.d. 6),LGO,DEI GELSOMINI,14,5394.0,6,ACCONCIATORE,,28.0,True,False,False,False,False
1259,PARRUCCHIERE PER SIGNORA,LGO DOMODOSSOLA N. 7 ; (z.d. 8),LGO,DOMODOSSOLA,7,6140.0,8,,,77.0,True,False,False,False,False
1260,PARRUCCHIERE PER SIGNORA,LGO F.LLI CERVI N. 1 ; (z.d. 2),LGO,F.LLI CERVI,1,2218.0,2,,,27.0,True,False,False,False,False
1261,PARRUCCHIERE PER SIGNORA,LGO PROMESSI SPOSI N. 7 ; (z.d. 5),LGO,PROMESSI SPOSI,7,5415.0,5,,25.0,25.0,True,False,False,False,False
1262,PARRUCCHIERE PER SIGNORA,LGO SCALABRINI GIOVANNI BATTISTA N. 6 ; (z.d. 6),LGO,SCALABRINI GIOVANNI BATTISTA,6,5392.0,6,,3.0,37.0,True,False,False,False,False
1263,PARRUCCHIERE PER SIGNORA,PLE ARDUINO N. 9 ; (z.d. 8),PLE,ARDUINO,9,6365.0,8,,,,True,False,False,False,False
1264,PARRUCCHIERE PER SIGNORA,PLE BACONE FRANCESCO N. 6 ; (z.d. 3),PLE,BACONE FRANCESCO,6,2100.0,3,,,30.0,True,False,False,False,False
1265,PARRUCCHIERE PER SIGNORA,PLE BARACCA FRANCESCO N. 8 ; (z.d. 7),PLE,BARACCA FRANCESCO,8,6180.0,7,,,71.0,True,False,False,False,False
1266,PARRUCCHIERE PER SIGNORA,PLE BIANCAMANO N. 2 ; (z.d. 1),PLE,BIANCAMANO,2,7083.0,1,,6.0,32.0,True,False,False,False,False
1267,PARRUCCHIERE PER SIGNORA,PLE CANTORE ANTONIO N. 4 ; (z.d. 6),PLE,CANTORE ANTONIO,4,5103.0,1,,6.0,32.0,True,False,False,False,False
1268,PARRUCCHIERE PER SIGNORA,PLE CHIESA DAMIANO N. 11 ; (z.d. 8),PLE,CHIESA DAMIANO,11,7164.0,8,,,20.0,True,False,False,False,False
1269,PARRUCCHIERE PER SIGNORA,PLE FERRARA N. 4 ; (z.d. 4),PLE,FERRARA,4,4158.0,4,,,90.0,True,False,False,False,False
1270,PARRUCCHIERE PER SIGNORA,PLE ISTRIA N. 1 ; (z.d. 9),PLE,ISTRIA,1,1347.0,9,,,29.0,True,False,False,False,False
1271,PARRUCCHIERE PER SIGNORA,PLE ISTRIA N. 2 ; (z.d. 2),PLE,ISTRIA,2,1347.0,2,,4.0,52.0,True,False,False,False,False
1272,PARRUCCHIERE PER SIGNORA,PLE LAGOSTA N. 10 ; (z.d. 9),PLE,LAGOSTA,10,1155.0,9,,,49.0,True,False,False,False,False
1273,PARRUCCHIERE PER SIGNORA,PLE LAVATER N. 2 ; (z.d. 3),PLE,LAVATER,2,2155.0,3,,,,True,False,False,False,False
1274,PARRUCCHIERE PER SIGNORA,PLE LORETO N. 1 ; (z.d. 2),PLE,LORETO,1,2264.0,2,,12.0,37.0,True,False,False,False,False
1275,PARRUCCHIERE PER SIGNORA,PLE LORETO N. 1 ; (z.d. 2),PLE,LORETO,1,2264.0,2,,,36.0,True,False,False,False,False
1276,PARRUCCHIERE PER SIGNORA,PLE MACIACHINI CARLO N. 20 ; (z.d. 9),PLE,MACIACHINI CARLO,20,1361.0,9,,,34.0,True,False,False,False,False
1278,PARRUCCHIERE PER SIGNORA,PLE MARTINI FERDINANDO N. 1 ; (z.d. 4),PLE,MARTINI FERDINANDO,1,3219.0,4,,,,True,False,False,False,False
1277,PARRUCCHIERE PER SIGNORA,PLE MARTINI FERDINANDO N. 11 ; (z.d. 4),PLE,MARTINI FERDINANDO,11,3219.0,4,,,16.0,True,False,False,False,False
1279,PARRUCCHIERE PER SIGNORA,PLE MARTINI FERDINANDO N. 2 ; (z.d. 4),PLE,MARTINI FERDINANDO,2,3219.0,4,,,,True,False,False,False,False
1280,PARRUCCHIERE PER SIGNORA,PLE SIENA N. 18 ; (z.d. 7),PLE,SIENA,18,6616.0,7,,34.0,34.0,True,False,False,False,False
1281,PARRUCCHIERE PER SIGNORA,PLE SIENA N. 9 ; (z.d. 7),PLE,SIENA,9,6616.0,7,,2.0,40.0,True,False,False,False,False
1282,PARRUCCHIERE PER SIGNORA,PLE STAZIONE DI PORTA GENOVA N. 2 ; (z.d. 6),PLE,STAZIONE DI PORTA GENOVA,2,5120.0,6,,,40.0,True,False,False,False,False
1283,PARRUCCHIERE PER SIGNORA,PLE SUSA N. 1 ; (z.d. 3),PLE,SUSA,1,3101.0,3,,,30.0,True,False,False,False,False
1284,PARRUCCHIERE PER SIGNORA,PLE SUSA N. 6 ; (z.d. 4),PLE,SUSA,6,3101.0,4,,,,True,False,False,False,False
1285,PARRUCCHIERE PER SIGNORA,PTA PATTARI piano primo num.0013; (z.d. 1),PTA,PATTARI,,299.0,1,,,32.0,True,False,False,False,False
1286,PARRUCCHIERE PER SIGNORA,PZA ASPROMONTE N. 31 ; (z.d. 3),PZA,ASPROMONTE,31,2246.0,3,,,26.0,True,False,False,False,False
1287,PARRUCCHIERE PER SIGNORA,PZA BELFANTI SERAFINO N. 2 ; (z.d. 6),PZA,BELFANTI SERAFINO,2,5270.0,6,,16.0,29.0,True,False,False,False,False
1288,PARRUCCHIERE PER SIGNORA,PZA BETTINI LIONELLO N. 5 ; (z.d. 7),PZA,BETTINI LIONELLO,5,6653.0,7,,,32.0,True,False,False,False,False
1289,PARRUCCHIERE PER SIGNORA,PZA BONOMELLI GEREMIA N. 4 ; (z.d. 5),PZA,BONOMELLI GEREMIA,4,4150.0,4,,,33.0,True,False,False,False,False
1290,PARRUCCHIERE PER SIGNORA,PZA BUOZZI BRUNO N. 5 ; (z.d. 4),PZA,BUOZZI BRUNO,5,4221.0,4,,12.0,21.0,True,False,False,False,False
1291,PARRUCCHIERE PER SIGNORA,PZA CASTELLI POMPEO N. 14 ; (z.d. 8),PZA,CASTELLI POMPEO,14,7277.0,8,,6.0,27.0,True,False,False,False,False
1292,PARRUCCHIERE PER SIGNORA,PZA CHIARADIA ENRICO N. 12 con ingresso via antonini 66; (z.d. 5),PZA,CHIARADIA ENRICO,12,4252.0,5,,,,True,False,False,False,False
1293,PARRUCCHIERE PER SIGNORA,PZA CHIARADIA ENRICO N. 9 ; (z.d. 5),PZA,CHIARADIA ENRICO,9,4252.0,5,,3.0,16.0,True,False,False,False,False
1294,PARRUCCHIERE PER SIGNORA,PZA CINQUE GIORNATE N. 3 ; (z.d. 1),PZA,CINQUE GIORNATE,3,3053.0,1,,,30.0,True,False,False,False,False
1295,PARRUCCHIERE PER SIGNORA,PZA DELLA REPUBBLICA N. 17 interno hotel principe savoia; (z.d. 2),PZA,DELLA REPUBBLICA,17,1055.0,2,,,,True,False,False,False,False
1296,PARRUCCHIERE PER SIGNORA,PZA FERRAVILLA EDOARDO N. 3 ; (z.d. 3),PZA,FERRAVILLA EDOARDO,3,3125.0,3,,2.0,30.0,True,False,False,False,False
1297,PARRUCCHIERE PER SIGNORA,PZA FORTUNATO GIUSTINO N. 9 ; (z.d. 9),PZA,FORTUNATO GIUSTINO,9,1576.0,9,,2.0,32.0,True,False,False,False,False
1298,PARRUCCHIERE PER SIGNORA,PZA GERUSALEMME N. 2 ; (z.d. 8),PZA,GERUSALEMME,2,7201.0,8,,14.0,34.0,True,False,False,False,False
1299,PARRUCCHIERE PER SIGNORA,PZA GRAMSCI ANTONIO N. 3 ; (z.d. 8),PZA,GRAMSCI ANTONIO,3,7205.0,8,,,,True,False,False,False,False
1300,PARRUCCHIERE PER SIGNORA,PZA GRAMSCI ANTONIO N. 4 ; (z.d. 8),PZA,GRAMSCI ANTONIO,4,7205.0,8,,,46.0,True,False,False,False,False
1301,PARRUCCHIERE PER SIGNORA,PZA GRANDI GIUSEPPE N. 1 ; (z.d. 4),PZA,GRANDI GIUSEPPE,1,3112.0,4,,,,True,False,False,False,False
1302,PARRUCCHIERE PER SIGNORA,PZA GRANDI GIUSEPPE N. 5 ; (z.d. 4),PZA,GRANDI GIUSEPPE,5,3112.0,4,,,25.0,True,False,False,False,False
1303,PARRUCCHIERE PER SIGNORA,PZA GRECO N. 10 ; (z.d. 2),PZA,GRECO,10,1417.0,2,,,37.0,True,False,False,False,False
1304,PARRUCCHIERE PER SIGNORA,PZA GUARDI FRANCESCO N. 15 ; (z.d. 3),PZA,GUARDI FRANCESCO,15,3312.0,3,,,28.0,True,False,False,False,False
1305,PARRUCCHIERE PER SIGNORA,PZA IMPERATORE TITO N. 6 ; (z.d. 4),PZA,IMPERATORE TITO,6,3216.0,4,,,30.0,True,False,False,False,False
1306,PARRUCCHIERE PER SIGNORA,PZA LIMA N. 3 ; (z.d. 3),PZA,LIMA,3,2135.0,3,,4.0,29.0,True,False,False,False,False
1307,PARRUCCHIERE PER SIGNORA,PZA MONTI GIOSIA N. 1 ; (z.d. 7),PZA,MONTI GIOSIA,1,6332.0,7,,4.0,42.0,True,False,False,False,False
1308,PARRUCCHIERE PER SIGNORA,PZA NAPOLI N. 7 ; (z.d. 6),PZA,NAPOLI,7,5131.0,6,,,88.0,True,False,False,False,False
1309,PARRUCCHIERE PER SIGNORA,PZA PREALPI N. 4 ; (z.d. 8),PZA,PREALPI,4,7300.0,8,,,62.0,True,False,False,False,False
1310,PARRUCCHIERE PER SIGNORA,PZA RISORGIMENTO N. 4 ; (z.d. 4),PZA,RISORGIMENTO,4,3117.0,4,,5.0,32.0,True,False,False,False,False
1311,PARRUCCHIERE PER SIGNORA,PZA SAN FEDELE N. 2 con ingresso in via agnello; (z.d. 1),PZA,SAN FEDELE,2,203.0,1,,,,True,False,False,False,False
1312,PARRUCCHIERE PER SIGNORA,PZA SAN GIUSEPPE N. 8 ; (z.d. 9),PZA,SAN GIUSEPPE,8,1442.0,9,,,,True,False,False,False,False
1313,PARRUCCHIERE PER SIGNORA,PZA SAN NAZARO IN BROLO N. 3 ; (z.d. 1),PZA,SAN NAZARO IN BROLO,3,353.0,1,,,,True,False,False,False,False
1316,PARRUCCHIERE PER SIGNORA,PZA SANT' AGOSTINO N. 2 ; (z.d. 1),PZA,SANT' AGOSTINO,2,5091.0,1,,,41.0,True,False,False,False,False
1315,PARRUCCHIERE PER SIGNORA,PZA SANT' AGOSTINO N. 24 ; (z.d. 1),PZA,SANT' AGOSTINO,24,5091.0,1,,,,True,False,False,False,False
1314,PARRUCCHIERE PER SIGNORA,PZA SANTA FRANCESCA ROMANA N. 1 ; (z.d. 3),PZA,SANTA FRANCESCA ROMANA,1,2183.0,3,,,,True,False,False,False,False
1317,PARRUCCHIERE PER SIGNORA,PZA SCHIAVONE ANDREA N. 10 ; (z.d. 9),PZA,SCHIAVONE ANDREA,10,1250.0,9,,,34.0,True,False,False,False,False
1318,PARRUCCHIERE PER SIGNORA,PZA SCHIAVONE ANDREA N. 19 ; (z.d. 9),PZA,SCHIAVONE ANDREA,19,1250.0,9,,,34.0,True,False,False,False,False
1319,PARRUCCHIERE PER SIGNORA,PZA SCOLARI ROSA N. 4 ; (z.d. 8),PZA,SCOLARI ROSA,4,6579.0,8,,,30.0,True,False,False,False,False
1320,PARRUCCHIERE PER SIGNORA,PZA TIRANA N. 12 ; (z.d. 6),PZA,TIRANA,12,5378.0,6,,,34.0,True,False,False,False,False
1321,PARRUCCHIERE PER SIGNORA,PZA VELASCA N. 10 ; (z.d. 1),PZA,VELASCA,10,335.0,1,,,63.0,True,False,False,False,False
1322,PARRUCCHIERE PER SIGNORA,RIP DI PTA TICINESE N. 107 ; (z.d. 6),RIP,DI PTA TICINESE,107,5150.0,6,,,33.0,True,False,False,False,False
1323,PARRUCCHIERE PER SIGNORA,RIP DI PTA TICINESE N. 9 ; (z.d. 6),RIP,DI PTA TICINESE,9,5150.0,6,,,,True,False,False,False,False
1324,PARRUCCHIERE PER SIGNORA,VIA ABBAZIA N. 6 ; (z.d. 2),VIA,ABBAZIA,6,1310.0,2,,5.0,26.0,True,False,False,False,False
1325,PARRUCCHIERE PER SIGNORA,VIA ADIGE N. 10 ; (z.d. 5),VIA,ADIGE,10,4216.0,5,,,26.0,True,False,False,False,False
1326,PARRUCCHIERE PER SIGNORA,VIA ADIGE N. 4 ; (z.d. 5),VIA,ADIGE,4,4216.0,5,,,,True,False,False,False,False
1327,PARRUCCHIERE PER SIGNORA,VIA ADRIANO PUBLIO ELIO N. 94 ; (z.d. 2),VIA,ADRIANO PUBLIO ELIO,94,2410.0,2,,,,True,False,False,False,False
1328,PARRUCCHIERE PER SIGNORA,VIA AJACCIO N. 4 ; (z.d. 3),VIA,AJACCIO,4,3246.0,3,,3.0,35.0,True,False,False,False,False
1329,PARRUCCHIERE PER SIGNORA,VIA ALBANI FRANCESCO N. 58 ; (z.d. 8),VIA,ALBANI FRANCESCO,58,6399.0,8,,9.0,58.0,True,False,False,False,False
1330,PARRUCCHIERE PER SIGNORA,VIA ALBERTINELLI MARIOTTO N. 4 ; (z.d. 7),VIA,ALBERTINELLI MARIOTTO,4,6561.0,7,,,28.0,True,False,False,False,False
1331,PARRUCCHIERE PER SIGNORA,VIA ALBRICCI ALBERICO N. 8 ; (z.d. 1),VIA,ALBRICCI ALBERICO,8,337.0,1,,,45.0,True,False,False,False,False
1332,PARRUCCHIERE PER SIGNORA,VIA ALCIATI AMBROGIO N. 15 ; (z.d. 6),VIA,ALCIATI AMBROGIO,15,6814.0,6,,3.0,28.0,True,False,False,False,False
1333,PARRUCCHIERE PER SIGNORA,VIA ALCUINO N. 18 ; (z.d. 8),VIA,ALCUINO,18,7165.0,8,,,45.0,True,False,False,False,False
1334,PARRUCCHIERE PER SIGNORA,VIA ALEARDI ALEARDO N. 4 (z.d. 8),VIA,ALEARDI ALEARDO,4,7209.0,8,,1.0,40.0,True,False,False,False,False
1335,PARRUCCHIERE PER SIGNORA,VIA ALSERIO N. 1 ; (z.d. 9),VIA,ALSERIO,1,1153.0,9,,,,True,False,False,False,False
1336,PARRUCCHIERE PER SIGNORA,VIA ALSERIO N. 3 ; (z.d. 9),VIA,ALSERIO,3,1153.0,9,,,19.0,True,False,False,False,False
1337,PARRUCCHIERE PER SIGNORA,VIA AMADEO GIAN ANTONIO N. 28 ; (z.d. 3),VIA,AMADEO GIAN ANTONIO,28,3228.0,3,,2.0,17.0,True,False,False,False,False
1338,PARRUCCHIERE PER SIGNORA,VIA AMADEO GIAN ANTONIO N. 54 ; (z.d. 3),VIA,AMADEO GIAN ANTONIO,54,3228.0,3,,15.0,21.0,True,False,False,False,False
1339,PARRUCCHIERE PER SIGNORA,VIA AMORETTI CARLO N. 8A (z.d. 8),VIA,AMORETTI CARLO,8A,7340.0,8,,13.0,25.0,True,False,False,False,False
1340,PARRUCCHIERE PER SIGNORA,VIA AMPERE ANDREA MARIA N. 103 ; (z.d. 3),VIA,AMPERE ANDREA MARIA,103,2428.0,3,,,30.0,True,False,False,False,False
1341,PARRUCCHIERE PER SIGNORA,VIA AMPERE ANDREA MARIA N. 65 ; (z.d. 3),VIA,AMPERE ANDREA MARIA,65,2428.0,3,,3.0,16.0,True,False,False,False,False
1342,PARRUCCHIERE PER SIGNORA,VIA ANFOSSI AUGUSTO N. 28 ; (z.d. 4),VIA,ANFOSSI AUGUSTO,28,3071.0,4,,,,True,False,False,False,False
1343,PARRUCCHIERE PER SIGNORA,VIA ANFOSSI AUGUSTO N. 44 ; (z.d. 4),VIA,ANFOSSI AUGUSTO,44,3071.0,4,,,50.0,True,False,False,False,False
1344,PARRUCCHIERE PER SIGNORA,VIA ANGELO DELLA PERGOLA N. 7 ingresso da p.le archinto; (z.d. 9),VIA,ANGELO DELLA PERGOLA,7,1137.0,9,,,28.0,True,False,False,False,False
1345,PARRUCCHIERE PER SIGNORA,VIA ANGELONI LUIGI N. 23 ; (z.d. 9),VIA,ANGELONI LUIGI,23,1659.0,9,,2.0,55.0,True,False,False,False,False
1346,PARRUCCHIERE PER SIGNORA,VIA ANGELONI LUIGI N. 33 ; (z.d. 9),VIA,ANGELONI LUIGI,33,1659.0,9,,,53.0,True,False,False,False,False
1347,PARRUCCHIERE PER SIGNORA,VIA ANGELONI LUIGI N. 40 ; (z.d. 9),VIA,ANGELONI LUIGI,40,1659.0,9,,,21.0,True,False,False,False,False
1348,PARRUCCHIERE PER SIGNORA,VIA ANSELMO DA BAGGIO N. 10 ; (z.d. 7),VIA,ANSELMO DA BAGGIO,10,6782.0,7,,,23.0,True,False,False,False,False
1349,PARRUCCHIERE PER SIGNORA,VIA ANSELMO DA BAGGIO N. 63 ; (z.d. 7),VIA,ANSELMO DA BAGGIO,63,6782.0,7,,,33.0,True,False,False,False,False
1350,PARRUCCHIERE PER SIGNORA,VIA ANZANI FRANCESCO N. 2 ; (z.d. 4),VIA,ANZANI FRANCESCO,2,3076.0,4,,8.0,29.0,True,False,False,False,False
1351,PARRUCCHIERE PER SIGNORA,VIA APELLE N. 20 ; (z.d. 2),VIA,APELLE,20,2454.0,2,,,,True,False,False,False,False
1352,PARRUCCHIERE PER SIGNORA,VIA APPENNINI N. 65 al piano secondo; (z.d. 8),VIA,APPENNINI,65,7514.0,8,,,17.0,True,False,False,False,False
1353,PARRUCCHIERE PER SIGNORA,VIA APPENNINI num.007a; (z.d. 8),VIA,APPENNINI,,7514.0,8,,,32.0,True,False,False,False,False
1354,PARRUCCHIERE PER SIGNORA,VIA ARBE N. 85 ; (z.d. 2),VIA,ARBE,85,1352.0,2,,,16.0,True,False,False,False,False
1355,PARRUCCHIERE PER SIGNORA,VIA ARCHIMEDE N. 41 ; (z.d. 4),VIA,ARCHIMEDE,41,3086.0,4,,,21.0,True,False,False,False,False
1356,PARRUCCHIERE PER SIGNORA,VIA ARCHIMEDE N. 59 ; (z.d. 4),VIA,ARCHIMEDE,59,3086.0,4,,,,True,False,False,False,False
1357,PARRUCCHIERE PER SIGNORA,VIA ARCHIMEDE N. 83 ; (z.d. 4),VIA,ARCHIMEDE,83,3086.0,4,,,,True,False,False,False,False
1358,PARRUCCHIERE PER SIGNORA,VIA ARENA N. 35 con ingr. via g.d'annunzio 23; (z.d. 1),VIA,ARENA,35,5182.0,1,,,,True,False,False,False,False
1359,PARRUCCHIERE PER SIGNORA,VIA ARICI CESARE N. 3 ; (z.d. 2),VIA,ARICI CESARE,3,2464.0,2,,,15.0,True,False,False,False,False
1360,PARRUCCHIERE PER SIGNORA,VIA ARISTOTELE N. 15 ; (z.d. 2),VIA,ARISTOTELE,15,2488.0,2,,,18.0,True,False,False,False,False
1361,PARRUCCHIERE PER SIGNORA,VIA ARISTOTELE N. 39 ; (z.d. 2),VIA,ARISTOTELE,39,2488.0,2,,,,True,False,False,False,False
1362,PARRUCCHIERE PER SIGNORA,VIA ARISTOTELE N. 67 ; (z.d. 2),VIA,ARISTOTELE,67,2488.0,2,,2.0,43.0,True,False,False,False,False
1363,PARRUCCHIERE PER SIGNORA,VIA ARNO' RICCARDO N. 6 ; (z.d. 3),VIA,ARNO' RICCARDO,6,3230.0,3,,,17.0,True,False,False,False,False
1364,PARRUCCHIERE PER SIGNORA,VIA ARQUA' N. 14 ; (z.d. 2),VIA,ARQUA',14,2366.0,2,,8.0,16.0,True,False,False,False,False
1365,PARRUCCHIERE PER SIGNORA,VIA ARSIA N. 7 interno 21; (z.d. 8),VIA,ARSIA,7,7472.0,8,,,31.0,True,False,False,False,False
1366,PARRUCCHIERE PER SIGNORA,VIA ARZAGA N. 24 ; (z.d. 6),VIA,ARZAGA,24,6674.0,6,,23.0,,True,False,False,False,False
1367,PARRUCCHIERE PER SIGNORA,VIA ASIAGO N. 116 ; (z.d. 2),VIA,ASIAGO,116,2459.0,2,,,29.0,True,False,False,False,False
1368,PARRUCCHIERE PER SIGNORA,VIA ASIAGO N. 68 ; (z.d. 2),VIA,ASIAGO,68,2459.0,2,,4.0,52.0,True,False,False,False,False
1369,PARRUCCHIERE PER SIGNORA,VIA ASTESANI ALESSANDRO N. 2 ; (z.d. 9),VIA,ASTESANI ALESSANDRO,2,1558.0,9,,5.0,20.0,True,False,False,False,False
1370,PARRUCCHIERE PER SIGNORA,VIA BALDINUCCI FILIPPO N. 102 ; (z.d. 9),VIA,BALDINUCCI FILIPPO,102,1267.0,9,,,,True,False,False,False,False
1371,PARRUCCHIERE PER SIGNORA,VIA BALDINUCCI FILIPPO N. 14 ; (z.d. 9),VIA,BALDINUCCI FILIPPO,14,1267.0,9,,,,True,False,False,False,False
1372,PARRUCCHIERE PER SIGNORA,VIA BALILLA N. 14 ; (z.d. 5),VIA,BALILLA,14,5207.0,5,,18.0,20.0,True,False,False,False,False
1373,PARRUCCHIERE PER SIGNORA,VIA BARABINO NICOLO' N. 7 ; (z.d. 4),VIA,BARABINO NICOLO',7,4287.0,4,,,25.0,True,False,False,False,False
1374,PARRUCCHIERE PER SIGNORA,VIA BARDELLI GIUSEPPE N. 12 ; (z.d. 3),VIA,BARDELLI GIUSEPPE,12,2578.0,3,,,18.0,True,False,False,False,False
1375,PARRUCCHIERE PER SIGNORA,VIA BARI N. 2 ; (z.d. 6),VIA,BARI,2,5218.0,6,,,25.0,True,False,False,False,False
1376,PARRUCCHIERE PER SIGNORA,VIA BARI num.011e; (z.d. 6),VIA,BARI,,5218.0,6,,14.0,28.0,True,False,False,False,False
1377,PARRUCCHIERE PER SIGNORA,VIA BARONI COSTANTINO N. 172 ; (z.d. 5),VIA,BARONI COSTANTINO,172,5422.0,5,,3.0,12.0,True,False,False,False,False
1378,PARRUCCHIERE PER SIGNORA,VIA BARONI COSTANTINO num.198f; (z.d. 5),VIA,BARONI COSTANTINO,,5422.0,5,,2.0,30.0,True,False,False,False,False
1379,PARRUCCHIERE PER SIGNORA,VIA BASSI PAOLO N. 22 ; (z.d. 9),VIA,BASSI PAOLO,22,1320.0,9,,,,True,False,False,False,False
1380,PARRUCCHIERE PER SIGNORA,VIA BATTISTI CESARE N. 8 ; (z.d. 1),VIA,BATTISTI CESARE,8,3019.0,1,,5.0,56.0,True,False,False,False,False
1381,PARRUCCHIERE PER SIGNORA,VIA BATTISTOTTI SASSI LUISA N. 12 ; (z.d. 4),VIA,BATTISTOTTI SASSI LUISA,12,3273.0,4,,,57.0,True,False,False,False,False
1382,PARRUCCHIERE PER SIGNORA,VIA BATTISTOTTI SASSI LUISA N. 8 ; (z.d. 4),VIA,BATTISTOTTI SASSI LUISA,8,3273.0,4,,,52.0,True,False,False,False,False
1383,PARRUCCHIERE PER SIGNORA,VIA BAZZINI ANTONIO N. 27 ; (z.d. 3),VIA,BAZZINI ANTONIO,27,2427.0,3,,,32.0,True,False,False,False,False
1384,PARRUCCHIERE PER SIGNORA,VIA BELINZAGHI GIULIO N. 4 ; (z.d. 9),VIA,BELINZAGHI GIULIO,4,1318.0,9,,,40.0,True,False,False,False,False
1385,PARRUCCHIERE PER SIGNORA,VIA BELLARMINO ROBERTO N. 25 ; (z.d. 5),VIA,BELLARMINO ROBERTO,25,5337.0,5,,13.0,28.0,True,False,False,False,False
1386,PARRUCCHIERE PER SIGNORA,VIA BELLERIO CARLO N. 22 ; (z.d. 9),VIA,BELLERIO CARLO,22,1551.0,9,,,20.0,True,False,False,False,False
1387,PARRUCCHIERE PER SIGNORA,VIA BELLEZZA GIOVANNI N. 12 ; (z.d. 5),VIA,BELLEZZA GIOVANNI,12,4067.0,5,,,71.0,True,False,False,False,False
1388,PARRUCCHIERE PER SIGNORA,VIA BELLINI GENTILE N. 10 ; (z.d. 6),VIA,BELLINI GENTILE,10,5387.0,6,,,,True,False,False,False,False
1389,PARRUCCHIERE PER SIGNORA,VIA BENACO N. 26 ; (z.d. 5),VIA,BENACO,26,4143.0,5,,,17.0,True,False,False,False,False
1390,PARRUCCHIERE PER SIGNORA,VIA BENEFATTORI DELL'OSPEDALE N. 1 ; (z.d. 9),VIA,BENEFATTORI DELL'OSPEDALE,1,1522.0,9,,,,True,False,False,False,False
1391,PARRUCCHIERE PER SIGNORA,VIA BERGAMO N. 8 ; (z.d. 4),VIA,BERGAMO,8,3189.0,4,,,17.0,True,False,False,False,False
1392,PARRUCCHIERE PER SIGNORA,VIA BERTANI AGOSTINO N. 14 ; (z.d. 1),VIA,BERTANI AGOSTINO,14,7112.0,1,,,,True,False,False,False,False
1393,PARRUCCHIERE PER SIGNORA,VIA BERTELLI LUIGI num.002a; (z.d. 2),VIA,BERTELLI LUIGI,,2358.0,2,,,30.0,True,False,False,False,False
1394,PARRUCCHIERE PER SIGNORA,VIA BERUTO CESARE N. 13 ; (z.d. 3),VIA,BERUTO CESARE,13,2586.0,3,,,35.0,True,False,False,False,False
1395,PARRUCCHIERE PER SIGNORA,VIA BETTI UGO num.161b; (z.d. 8),VIA,BETTI UGO,,7517.0,8,,2.0,35.0,True,False,False,False,False
1396,PARRUCCHIERE PER SIGNORA,VIA BEZZECCA N. 1 ; (z.d. 4),VIA,BEZZECCA,1,3075.0,4,,,27.0,True,False,False,False,False
1397,PARRUCCHIERE PER SIGNORA,VIA BIANCHI MOSE' N. 26 ; (z.d. 7),VIA,BIANCHI MOSE',26,6385.0,7,,,,True,False,False,False,False
1398,PARRUCCHIERE PER SIGNORA,VIA BINDA AMBROGIO N. 5 ; (z.d. 6),VIA,BINDA AMBROGIO,5,5298.0,6,,3.0,35.0,True,False,False,False,False
1399,PARRUCCHIERE PER SIGNORA,VIA BINDA AMBROGIO N. 9 (z.d. 6),VIA,BINDA AMBROGIO,9,5298.0,6,,13.0,39.0,True,False,False,False,False
1400,PARRUCCHIERE PER SIGNORA,VIA BIONDI EZIO N. 5 ; (z.d. 8),VIA,BIONDI EZIO,5,7186.0,8,,12.0,17.0,True,False,False,False,False
1401,PARRUCCHIERE PER SIGNORA,VIA BIRAGHI LUIGI N. 11 ; (z.d. 9),VIA,BIRAGHI LUIGI,11,1332.0,9,,,,True,False,False,False,False
1402,PARRUCCHIERE PER SIGNORA,VIA BISI ALBINI SOFIA N. 4 ; (z.d. 2),VIA,BISI ALBINI SOFIA,4,1349.0,2,,,17.0,True,False,False,False,False
1403,PARRUCCHIERE PER SIGNORA,VIA BISLERI FELICE N. 11 ; (z.d. 7),VIA,BISLERI FELICE,11,6501.0,7,,3.0,80.0,True,False,False,False,False
1404,PARRUCCHIERE PER SIGNORA,VIA BIXIO NINO N. 12 ; (z.d. 3),VIA,BIXIO NINO,12,3133.0,3,,4.0,50.0,True,False,False,False,False
1405,PARRUCCHIERE PER SIGNORA,VIA BOCCACCIO GIOVANNI num.015a; (z.d. 1),VIA,BOCCACCIO GIOVANNI,,6158.0,1,,4.0,80.0,True,False,False,False,False
1406,PARRUCCHIERE PER SIGNORA,VIA BONCOMPAGNI CARLO N. 10 ; (z.d. 4),VIA,BONCOMPAGNI CARLO,10,4182.0,4,,4.0,21.0,True,False,False,False,False
1407,PARRUCCHIERE PER SIGNORA,VIA BONCOMPAGNI CARLO N. 36 ; (z.d. 4),VIA,BONCOMPAGNI CARLO,36,4182.0,4,,,29.0,True,False,False,False,False
1408,PARRUCCHIERE PER SIGNORA,VIA BONFADINI ROMUALDO N. 80 ; (z.d. 4),VIA,BONFADINI ROMUALDO,80,3341.0,4,,3.0,18.0,True,False,False,False,False
1409,PARRUCCHIERE PER SIGNORA,VIA BONFADINI ROMUALDO N. 89 ; (z.d. 4),VIA,BONFADINI ROMUALDO,89,3341.0,4,,,,True,False,False,False,False
1410,PARRUCCHIERE PER SIGNORA,VIA BONGHI RUGGERO N. 16 ; (z.d. 5),VIA,BONGHI RUGGERO,16,5247.0,5,,1.0,36.0,True,False,False,False,False
1411,PARRUCCHIERE PER SIGNORA,VIA BONI GIACOMO N. 16 ; (z.d. 7),VIA,BONI GIACOMO,16,6098.0,7,,,18.0,True,False,False,False,False
1412,PARRUCCHIERE PER SIGNORA,VIA BONI GIACOMO N. 25 ; (z.d. 7),VIA,BONI GIACOMO,25,6098.0,7,,4.0,24.0,True,False,False,False,False
1413,PARRUCCHIERE PER SIGNORA,VIA BONI GIACOMO N. 33 ; (z.d. 7),VIA,BONI GIACOMO,33,6098.0,7,,,,True,False,False,False,False
1414,PARRUCCHIERE PER SIGNORA,VIA BONI GIACOMO N. 39 ; (z.d. 7),VIA,BONI GIACOMO,39,6098.0,7,,,33.0,True,False,False,False,False
1415,PARRUCCHIERE PER SIGNORA,VIA BONI GIACOMO N. 45 ; (z.d. 7),VIA,BONI GIACOMO,45,6098.0,7,,12.0,25.0,True,False,False,False,False
1416,PARRUCCHIERE PER SIGNORA,VIA BORDONI ANTONIO N. 12 ; (z.d. 9),VIA,BORDONI ANTONIO,12,1180.0,9,,11.0,16.0,True,False,False,False,False
1417,PARRUCCHIERE PER SIGNORA,VIA BORSIERI PIETRO N. 29 ; (z.d. 9),VIA,BORSIERI PIETRO,29,1128.0,9,,,108.0,True,False,False,False,False
1418,PARRUCCHIERE PER SIGNORA,VIA BOSCOVICH RUGGERO N. 61 ; (z.d. 3),VIA,BOSCOVICH RUGGERO,61,2131.0,3,,,,True,False,False,False,False
1419,PARRUCCHIERE PER SIGNORA,VIA BOTTA CARLO N. 4 ; (z.d. 4),VIA,BOTTA CARLO,4,4069.0,4,,,59.0,True,False,False,False,False
1423,PARRUCCHIERE PER SIGNORA,VIA BRA' N. 14 ; (z.d. 3),VIA,BRA',14,2542.0,3,,3.0,11.0,True,False,False,False,False
1420,PARRUCCHIERE PER SIGNORA,VIA BRACCIO DA MONTONE N. 2 ; (z.d. 1),VIA,BRACCIO DA MONTONE,2,7128.0,1,,,,True,False,False,False,False
1421,PARRUCCHIERE PER SIGNORA,VIA BRAMANTE N. 14 ; (z.d. 1),VIA,BRAMANTE,14,7123.0,1,,,16.0,True,False,False,False,False
1422,PARRUCCHIERE PER SIGNORA,VIA BRAMANTE N. 7 ; (z.d. 1),VIA,BRAMANTE,7,7123.0,1,,,34.0,True,False,False,False,False
1424,PARRUCCHIERE PER SIGNORA,VIA BRISA N. 15 ; (z.d. 1),VIA,BRISA,15,637.0,1,,,21.0,True,False,False,False,False
1425,PARRUCCHIERE PER SIGNORA,VIA BROGGI GIUSEPPE N. 15 ; (z.d. 3),VIA,BROGGI GIUSEPPE,15,2150.0,3,,6.0,30.0,True,False,False,False,False
1426,PARRUCCHIERE PER SIGNORA,VIA BRONZINO N. 21 ; (z.d. 3),VIA,BRONZINO,21,2191.0,3,,,28.0,True,False,False,False,False
1427,PARRUCCHIERE PER SIGNORA,VIA BRUNACCI VINCENZO N. 10 ; (z.d. 5),VIA,BRUNACCI VINCENZO,10,5241.0,5,,,40.0,True,False,False,False,False
1428,PARRUCCHIERE PER SIGNORA,VIA BRUNO GIORDANO N. 6 ; (z.d. 1),VIA,BRUNO GIORDANO,6,7130.0,1,,,18.0,True,False,False,False,False
1429,PARRUCCHIERE PER SIGNORA,VIA BRUZZESI GIACINTO N. 2 ; (z.d. 6),VIA,BRUZZESI GIACINTO,2,5388.0,6,,11.0,28.0,True,False,False,False,False
1430,PARRUCCHIERE PER SIGNORA,VIA BUDUA N. 8 con ingresso via veglia; (z.d. 9),VIA,BUDUA,8,1342.0,9,,,26.0,True,False,False,False,False
1431,PARRUCCHIERE PER SIGNORA,VIA BUONARROTI MICHELANGELO N. 15 ; (z.d. 7),VIA,BUONARROTI MICHELANGELO,15,6253.0,7,,,130.0,True,False,False,False,False
1432,PARRUCCHIERE PER SIGNORA,VIA BUSCHI AVERARDO N. 25 ; (z.d. 6),VIA,BUSCHI AVERARDO,25,2575.0,3,,,18.0,True,False,False,False,False
1433,PARRUCCHIERE PER SIGNORA,VIA CABELLA BARTOLOMEO num.009a; (z.d. 7),VIA,DELLE BETULLE,,6828.0,7,,,40.0,True,False,False,False,False
1434,PARRUCCHIERE PER SIGNORA,VIA CADIBONA N. 8 ; (z.d. 4),VIA,CADIBONA,8,3339.0,4,,,22.0,True,False,False,False,False
1435,PARRUCCHIERE PER SIGNORA,VIA CAGLIERO GIOVANNI N. 6 ; (z.d. 2),VIA,CAGLIERO GIOVANNI,6,1407.0,2,,,16.0,True,False,False,False,False
1436,PARRUCCHIERE PER SIGNORA,VIA CAGLIERO GIOVANNI N. 7 ; (z.d. 2),VIA,CAGLIERO GIOVANNI,7,1407.0,2,,,,True,False,False,False,False
1437,PARRUCCHIERE PER SIGNORA,VIA CAGNOLA LUIGI N. 7 ; (z.d. 1),VIA,CAGNOLA LUIGI,7,7228.0,1,,,45.0,True,False,False,False,False
1438,PARRUCCHIERE PER SIGNORA,VIA CALDERA num.111a; (z.d. 7),VIA,GIOVIO PAOLO,4,6194.0,7,,,,True,False,False,False,False
1439,PARRUCCHIERE PER SIGNORA,VIA CALIFORNIA N. 14 ; (z.d. 7),VIA,CALIFORNIA,14,6101.0,7,,10.0,18.0,True,False,False,False,False
1440,PARRUCCHIERE PER SIGNORA,VIA CALZECCHI TEMISTOCLE N. 2 ang.via amadeo; (z.d. 3),VIA,CALZECCHI TEMISTOCLE,2,3241.0,3,,4.0,42.0,True,False,False,False,False
1441,PARRUCCHIERE PER SIGNORA,VIA CAMERINI EUGENIO N. 7 ; (z.d. 3),VIA,CAMERINI EUGENIO,7,2551.0,3,,7.0,55.0,True,False,False,False,False
1442,PARRUCCHIERE PER SIGNORA,VIA CAMINADELLA N. 9 ; (z.d. 1),VIA,CAMINADELLA,9,551.0,1,,4.0,50.0,True,False,False,False,False
1443,PARRUCCHIERE PER SIGNORA,VIA CANNERO N. 15 ; (z.d. 9),VIA,CANNERO,15,1506.0,9,,,,True,False,False,False,False
1444,PARRUCCHIERE PER SIGNORA,VIA CANTONI COSTANZO N. 11 ; (z.d. 9),VIA,CANTONI COSTANZO,11,1234.0,9,,,20.0,True,False,False,False,False
1445,PARRUCCHIERE PER SIGNORA,VIA CAPECELATRO ALFONSO N. 35 ; (z.d. 7),VIA,CAPECELATRO ALFONSO,35,6575.0,7,,,16.0,True,False,False,False,False
1446,PARRUCCHIERE PER SIGNORA,VIA CAPECELATRO ALFONSO N. 61 ; (z.d. 7),VIA,CAPECELATRO ALFONSO,61,6575.0,7,,,23.0,True,False,False,False,False
1447,PARRUCCHIERE PER SIGNORA,VIA CAPECELATRO ALFONSO N. 87 ; (z.d. 7),VIA,CAPECELATRO ALFONSO,87,6575.0,7,,,120.0,True,False,False,False,False
1448,PARRUCCHIERE PER SIGNORA,VIA CAPPONI PIER LUIGI N. 1 ; (z.d. 7),VIA,CAPPONI PIER LUIGI,1,6249.0,7,,,,True,False,False,False,False
1449,PARRUCCHIERE PER SIGNORA,VIA CAPPONI PIER LUIGI N. 4 ; (z.d. 7),VIA,CAPPONI PIER LUIGI,4,6249.0,7,,,32.0,True,False,False,False,False
1450,PARRUCCHIERE PER SIGNORA,VIA CARABELLI RODOLFO N. 11 ; (z.d. 4),VIA,CARABELLI RODOLFO,11,4096.0,4,,11.0,53.0,True,False,False,False,False
1451,PARRUCCHIERE PER SIGNORA,VIA CARACCIOLO FRANCESCO N. 92 ; (z.d. 8),VIA,CARACCIOLO FRANCESCO,92,7182.0,8,,,45.0,True,False,False,False,False
1452,PARRUCCHIERE PER SIGNORA,VIA CARCANO GIULIO N. 4 ; (z.d. 5),VIA,CARCANO GIULIO,4,5248.0,5,,1.0,34.0,True,False,False,False,False
1453,PARRUCCHIERE PER SIGNORA,VIA CARCANO GIULIO num.0613; (z.d. 5),VIA,CARCANO GIULIO,,5248.0,5,,6.0,22.0,True,False,False,False,False
1454,PARRUCCHIERE PER SIGNORA,VIA CARDINALE MEZZOFANTI N. 2 ; (z.d. 4),VIA,CARDINALE MEZZOFANTI,2,3277.0,4,,3.0,32.0,True,False,False,False,False
1455,PARRUCCHIERE PER SIGNORA,VIA CARDUCCI GIOSUE' N. 27 ; (z.d. 1),VIA,CARDUCCI GIOSUE',27,602.0,1,ACCONCIATORE,42.0,52.0,True,False,False,False,False
1456,PARRUCCHIERE PER SIGNORA,VIA CARDUCCI GIOSUE' N. 38 ; (z.d. 1),VIA,CARDUCCI GIOSUE',38,602.0,1,,,,True,False,False,False,False
1457,PARRUCCHIERE PER SIGNORA,VIA CARLI GIAN RINALDO N. 15 ; (z.d. 9),VIA,CARLI GIAN RINALDO,15,1563.0,9,,28.0,18.0,True,False,False,False,False
1458,PARRUCCHIERE PER SIGNORA,VIA CARLONE CARLO ANTONIO N. 4 ; (z.d. 6),VIA,CARLONE CARLO ANTONIO,4,6846.0,6,,,,True,False,False,False,False
1459,PARRUCCHIERE PER SIGNORA,VIA CARNEVALI ANTONIO N. 74 ; (z.d. 9),VIA,CARNEVALI ANTONIO,74,1268.0,9,,,,True,False,False,False,False
1460,PARRUCCHIERE PER SIGNORA,VIA CARNIA N. 31 ; (z.d. 3),VIA,CARNIA,31,2395.0,3,,,29.0,True,False,False,False,False
1461,PARRUCCHIERE PER SIGNORA,VIA CARNIA N. 7 ; (z.d. 3),VIA,CARNIA,7,2395.0,3,,,27.0,True,False,False,False,False
1462,PARRUCCHIERE PER SIGNORA,VIA CARONCINI ALBERTO N. 1 ; (z.d. 4),VIA,CARONCINI ALBERTO,1,4093.0,4,,,26.0,True,False,False,False,False
1463,PARRUCCHIERE PER SIGNORA,VIA CARROCCIO N. 3 ; (z.d. 1),VIA,CARROCCIO,3,5094.0,1,,,46.0,True,False,False,False,False
1464,PARRUCCHIERE PER SIGNORA,VIA CASCINA BAROCCO N. 4 2 locali; (z.d. 7),VIA,CASCINA BAROCCO,4,6695.0,7,,,27.0,True,False,False,False,False
1465,PARRUCCHIERE PER SIGNORA,VIA CASCINA BAROCCO N. 9 ; (z.d. 7),VIA,CASCINA BAROCCO,9,6695.0,7,,32.0,48.0,True,False,False,False,False
1466,PARRUCCHIERE PER SIGNORA,VIA CASCINA BIANCA N. 16 ; (z.d. 6),VIA,CASCINA BIANCA,16,5454.0,6,,3.0,43.0,True,False,False,False,False
1467,PARRUCCHIERE PER SIGNORA,VIA CASORETTO N. 1 ; (z.d. 3),VIA,CASORETTO,1,2420.0,3,,9.0,20.0,True,False,False,False,False
1468,PARRUCCHIERE PER SIGNORA,VIA CASORETTO N. 37 ; (z.d. 3),VIA,CASORETTO,37,2420.0,3,,,,True,False,False,False,False
1469,PARRUCCHIERE PER SIGNORA,VIA CASORETTO N. 7 ; (z.d. 3),VIA,CASORETTO,7,2420.0,3,,,37.0,True,False,False,False,False
1470,PARRUCCHIERE PER SIGNORA,VIA CASTALDI PANFILO N. 23 ; (z.d. 3),VIA,CASTALDI PANFILO,23,2119.0,3,,,33.0,True,False,False,False,False
1471,PARRUCCHIERE PER SIGNORA,VIA CASTALDI PANFILO N. 38 ; (z.d. 3),VIA,CASTALDI PANFILO,38,2119.0,3,,,,True,False,False,False,False
1472,PARRUCCHIERE PER SIGNORA,VIA CASTALDI PANFILO N. 42 ; (z.d. 3),VIA,CASTALDI PANFILO,42,2119.0,3,,,83.0,True,False,False,False,False
1473,PARRUCCHIERE PER SIGNORA,VIA CASTEL MORRONE N. 18 ; (z.d. 3),VIA,CASTEL MORRONE,18,3185.0,3,,,67.0,True,False,False,False,False
1474,PARRUCCHIERE PER SIGNORA,VIA CATALANI ALFREDO N. 35 ; (z.d. 3),VIA,CATALANI ALFREDO,35,2425.0,3,,4.0,30.0,True,False,False,False,False
1475,PARRUCCHIERE PER SIGNORA,VIA CAVALCANTI GUIDO N. 1 ; (z.d. 2),VIA,CAVALCANTI GUIDO,1,2286.0,2,,,53.0,True,False,False,False,False
1476,PARRUCCHIERE PER SIGNORA,VIA CELIO N. 2 ; (z.d. 7),VIA,CELIO,2,6623.0,7,,31.0,35.0,True,False,False,False,False
1477,PARRUCCHIERE PER SIGNORA,VIA CENISIO N. 23 ; (z.d. 8),VIA,CENISIO,23,7184.0,8,,6.0,81.0,True,False,False,False,False
1478,PARRUCCHIERE PER SIGNORA,VIA CENISIO N. 23 ; (z.d. 8),VIA,CENISIO,23,7184.0,8,,,,True,False,False,False,False
1479,PARRUCCHIERE PER SIGNORA,VIA CENISIO N. 40 ; (z.d. 8),VIA,CENISIO,40,7184.0,8,,,40.0,True,False,False,False,False
1480,PARRUCCHIERE PER SIGNORA,VIA CENISIO N. 42 ; (z.d. 8),VIA,CENISIO,42,7184.0,8,,,26.0,True,False,False,False,False
1481,PARRUCCHIERE PER SIGNORA,VIA CENISIO N. 53 ; (z.d. 8),VIA,CENISIO,53,7184.0,8,,,92.0,True,False,False,False,False
1482,PARRUCCHIERE PER SIGNORA,VIA CENISIO N. 62 ; (z.d. 8),VIA,CENISIO,62,7184.0,8,,3.0,41.0,True,False,False,False,False
1483,PARRUCCHIERE PER SIGNORA,VIA CENISIO num.0767; (z.d. 8),VIA,CENISIO,53,7184.0,8,,,28.0,True,False,False,False,False
1484,PARRUCCHIERE PER SIGNORA,VIA CESARE DA SESTO N. 8 ; (z.d. 1),VIA,CESARE DA SESTO,8,5101.0,1,,,24.0,True,False,False,False,False
1487,PARRUCCHIERE PER SIGNORA,VIA CESARI ANTONIO N. 43 ; (z.d. 9),VIA,CESARI ANTONIO,43,1603.0,9,,,17.0,True,False,False,False,False
1485,PARRUCCHIERE PER SIGNORA,VIA CESARIANO CESARE N. 11 piano primo; (z.d. 1),VIA,CESARIANO CESARE,11,7113.0,1,,,56.0,True,False,False,False,False
1486,PARRUCCHIERE PER SIGNORA,VIA CESARIANO CESARE N. 9 ; (z.d. 1),VIA,CESARIANO CESARE,9,7113.0,1,,,35.0,True,False,False,False,False
1488,PARRUCCHIERE PER SIGNORA,VIA CHIANCIANO N. 6 ; (z.d. 9),VIA,CHIANCIANO,6,1488.0,9,,,89.0,True,False,False,False,False
1489,PARRUCCHIERE PER SIGNORA,VIA CHIANCIANO num.0102; (z.d. 9),VIA,POPULONIA,8,1315.0,9,,,,True,False,False,False,False
1490,PARRUCCHIERE PER SIGNORA,VIA CHINOTTO EDOARDO N. 32 ; (z.d. 7),VIA,CHINOTTO EDOARDO,32,6631.0,7,,,,True,False,False,False,False
1491,PARRUCCHIERE PER SIGNORA,VIA CHIOGGIA N. 1 ; (z.d. 2),VIA,CHIOGGIA,1,2317.0,2,,,27.0,True,False,False,False,False
1492,PARRUCCHIERE PER SIGNORA,VIA CICERI VISCONTI LAURA N. 14 ; (z.d. 4),VIA,CICERI VISCONTI LAURA,14,3220.0,4,,,36.0,True,False,False,False,False
1493,PARRUCCHIERE PER SIGNORA,VIA CILEA FRANCESCO N. 158 ; (z.d. 8),VIA,CILEA FRANCESCO,158,7526.0,8,,,20.0,True,False,False,False,False
1494,PARRUCCHIERE PER SIGNORA,VIA CIMABUE GIOVANNI N. 19 ; (z.d. 8),VIA,CIMABUE GIOVANNI,19,6466.0,8,,11.0,14.0,True,False,False,False,False
1495,PARRUCCHIERE PER SIGNORA,VIA CIMAROSA DOMENICO num.003a; (z.d. 6),VIA,BOBBIO,2,5107.0,6,,15.0,40.0,True,False,False,False,False
1496,PARRUCCHIERE PER SIGNORA,VIA CINO DA PISTOIA N. 9 ; (z.d. 9),VIA,CINO DA PISTOIA,9,1445.0,9,,2.0,45.0,True,False,False,False,False
1497,PARRUCCHIERE PER SIGNORA,VIA CINQUE MAGGIO N. 11 ; (z.d. 8),VIA,CINQUE MAGGIO,11,7459.0,8,,,,True,False,False,False,False
1498,PARRUCCHIERE PER SIGNORA,VIA CIVITALI MATTEO N. 40 ; (z.d. 7),VIA,CIVITALI MATTEO,40,6569.0,7,,4.0,18.0,True,False,False,False,False
1499,PARRUCCHIERE PER SIGNORA,VIA CIVITALI MATTEO N. 42 ; (z.d. 7),VIA,CIVITALI MATTEO,42,6569.0,7,,,18.0,True,False,False,False,False
1500,PARRUCCHIERE PER SIGNORA,VIA COLA DI RIENZO N. 12 al piano rialzato; (z.d. 6),VIA,COLA DI RIENZO,12,6094.0,6,,,41.0,True,False,False,False,False
1501,PARRUCCHIERE PER SIGNORA,VIA COLA MONTANO N. 40 ; (z.d. 9),VIA,COLA MONTANO,40,1139.0,9,,,29.0,True,False,False,False,False
1502,PARRUCCHIERE PER SIGNORA,VIA COLLECCHIO N. 2 ; (z.d. 8),VIA,COLLECCHIO,2,6459.0,8,,4.0,30.0,True,False,False,False,False
1503,PARRUCCHIERE PER SIGNORA,VIA CONCA DEL NAVIGLIO N. 5 ; (z.d. 1),VIA,CONCA DEL NAVIGLIO,5,5180.0,1,,14.0,21.0,True,False,False,False,False
1504,PARRUCCHIERE PER SIGNORA,VIA CONCHETTA N. 4 ; (z.d. 5),VIA,CONCHETTA,4,5239.0,5,,,32.0,True,False,False,False,False
1505,PARRUCCHIERE PER SIGNORA,VIA CONSOLE MARCELLO N. 14 ; (z.d. 8),VIA,CONSOLE MARCELLO,14,7278.0,8,,,43.0,True,False,False,False,False
1506,PARRUCCHIERE PER SIGNORA,VIA CORREGGIO N. 57 ; (z.d. 7),VIA,CORREGGIO,57,6287.0,7,,,,True,False,False,False,False
1507,PARRUCCHIERE PER SIGNORA,VIA CORREGGIO N. 63 ; (z.d. 7),VIA,CORREGGIO,63,6287.0,7,,14.0,26.0,True,False,False,False,False
1508,PARRUCCHIERE PER SIGNORA,VIA CORREGGIO N. 69 ; (z.d. 7),VIA,CORREGGIO,69,6287.0,7,,4.0,20.0,True,False,False,False,False
1509,PARRUCCHIERE PER SIGNORA,VIA CREMA N. 29 ; (z.d. 5),VIA,CREMA,29,4061.0,5,,,,True,False,False,False,False
1510,PARRUCCHIERE PER SIGNORA,VIA CREMA N. 6 ; (z.d. 5),VIA,CREMA,6,4061.0,5,,,32.0,True,False,False,False,False
1511,PARRUCCHIERE PER SIGNORA,VIA CRESCENZAGO N. 28 ; (z.d. 3),VIA,CRESCENZAGO,28,2396.0,3,,,24.0,True,False,False,False,False
1512,PARRUCCHIERE PER SIGNORA,VIA CRESPI PIETRO N. 17 ; (z.d. 2),VIA,CRESPI PIETRO,17,2296.0,2,,,43.0,True,False,False,False,False
1513,PARRUCCHIERE PER SIGNORA,VIA CUCCHIARI DOMENICO N. 15 interno; (z.d. 8),VIA,CUCCHIARI DOMENICO,15,7224.0,8,,,,True,False,False,False,False
1514,PARRUCCHIERE PER SIGNORA,VIA CUCCHIARI DOMENICO N. 7 ; (z.d. 8),VIA,CUCCHIARI DOMENICO,7,7224.0,8,,,24.0,True,False,False,False,False
1515,PARRUCCHIERE PER SIGNORA,VIA CUZZI GIUSEPPE N. 16 ; (z.d. 8),VIA,CUZZI GIUSEPPE,16,7258.0,8,,,17.0,True,False,False,False,False
1516,PARRUCCHIERE PER SIGNORA,VIA DAL RE MARCANTONIO N. 13 ; (z.d. 8),VIA,DAL RE MARCANTONIO,13,7381.0,8,,,22.0,True,False,False,False,False
1517,PARRUCCHIERE PER SIGNORA,VIA DAVANZATI BERNARDO N. 2 ; (z.d. 9),VIA,DAVANZATI BERNARDO,2,1284.0,9,,,,True,False,False,False,False
1518,PARRUCCHIERE PER SIGNORA,VIA DE AMICIS EDMONDO N. 7 ; (z.d. 1),VIA,DE AMICIS EDMONDO,7,574.0,1,,,,True,False,False,False,False
1559,PARRUCCHIERE PER SIGNORA,VIA DE MARCHI EMILIO N. 46 ; (z.d. 2),VIA,DE MARCHI EMILIO,46,1418.0,2,,,21.0,True,False,False,False,False
1561,PARRUCCHIERE PER SIGNORA,VIA DE RUGGIERO GUIDO N. 8 ; (z.d. 5),VIA,DE RUGGIERO GUIDO,8,5442.0,5,,,,True,False,False,False,False
1562,PARRUCCHIERE PER SIGNORA,VIA DE SANCTIS FRANCESCO N. 17 ; (z.d. 5),VIA,DE SANCTIS FRANCESCO,17,5322.0,5,,,35.0,True,False,False,False,False
1563,PARRUCCHIERE PER SIGNORA,VIA DE SANCTIS FRANCESCO N. 50 ; (z.d. 5),VIA,DE SANCTIS FRANCESCO,50,5322.0,5,,,,True,False,False,False,False
1519,PARRUCCHIERE PER SIGNORA,VIA DEGLI ARCIMBOLDI num.004; (z.d. 1),VIA,DEGLI ARCIMBOLDI,,522.0,1,,1.0,16.0,True,False,False,False,False
1520,PARRUCCHIERE PER SIGNORA,VIA DEGLI ETRUSCHI N. 5 ; (z.d. 4),VIA,DEGLI ETRUSCHI,5,3227.0,4,,,13.0,True,False,False,False,False
1521,PARRUCCHIERE PER SIGNORA,VIA DEGLI IMBRIANI N. 40 ; (z.d. 9),VIA,DEGLI IMBRIANI,40,1266.0,9,,,,True,False,False,False,False
1522,PARRUCCHIERE PER SIGNORA,VIA DEGLI UMILIATI N. 9 ; (z.d. 4),VIA,DEGLI UMILIATI,9,3347.0,4,,9.0,17.0,True,False,False,False,False
1523,PARRUCCHIERE PER SIGNORA,VIA DEGLI ZUCCARO N. 2 ; (z.d. 6),VIA,DEGLI ZUCCARO,2,5390.0,6,,2.0,19.0,True,False,False,False,False
1524,PARRUCCHIERE PER SIGNORA,VIA DEI BIANCOSPINI N. 3 ; (z.d. 6),VIA,DEI BIANCOSPINI,3,6711.0,6,,10.0,25.0,True,False,False,False,False
1525,PARRUCCHIERE PER SIGNORA,VIA DEI CARAFA N. 14 ; (z.d. 9),VIA,DEI CARAFA,14,1504.0,9,,,,True,False,False,False,False
1526,PARRUCCHIERE PER SIGNORA,VIA DEI CINQUECENTO N. 19 interno casa di riposo; (z.d. 4),VIA,DEI CINQUECENTO,19,4283.0,4,,,13.0,True,False,False,False,False
1527,PARRUCCHIERE PER SIGNORA,VIA DEI CINQUECENTO N. 27 ; (z.d. 4),VIA,DEI CINQUECENTO,27,4283.0,4,,,22.0,True,False,False,False,False
1528,PARRUCCHIERE PER SIGNORA,VIA DEI CINQUECENTO N. 3 ; (z.d. 4),VIA,DEI CINQUECENTO,3,4283.0,4,,,34.0,True,False,False,False,False
1529,PARRUCCHIERE PER SIGNORA,VIA DEI FIORDALISI N. 4 ; (z.d. 6),VIA,DEI FIORDALISI,4,6710.0,6,,,21.0,True,False,False,False,False
1530,PARRUCCHIERE PER SIGNORA,VIA DEI GRIMANI N. 1 ; (z.d. 6),VIA,DEI GRIMANI,1,6097.0,6,,,,True,False,False,False,False
1531,PARRUCCHIERE PER SIGNORA,VIA DEI PANIGAROLA N. 2 ; (z.d. 4),VIA,DEI PANIGAROLA,2,4284.0,4,,,26.0,True,False,False,False,False
1532,PARRUCCHIERE PER SIGNORA,VIA DEL BOLLO num.002c; (z.d. 1),VIA,DEL BOLLO,,568.0,1,,,41.0,True,False,False,False,False
1533,PARRUCCHIERE PER SIGNORA,VIA DEL DON N. 2 ; (z.d. 1),VIA,DEL DON,2,596.0,1,,4.0,34.0,True,False,False,False,False
1534,PARRUCCHIERE PER SIGNORA,VIA DEL FUSARO N. 2 ; (z.d. 7),VIA,DEL FUSARO,2,6258.0,7,,,55.0,True,False,False,False,False
1551,PARRUCCHIERE PER SIGNORA,VIA DEL LIRI N. 3 ; (z.d. 4),VIA,DEL LIRI,3,3370.0,4,,,26.0,True,False,False,False,False
1553,PARRUCCHIERE PER SIGNORA,VIA DEL TORCHIO N. 3 ; (z.d. 1),VIA,DEL TORCHIO,3,556.0,1,,8.0,34.0,True,False,False,False,False
1554,PARRUCCHIERE PER SIGNORA,VIA DEL TORCHIO N. 4 ; (z.d. 1),VIA,DEL TORCHIO,4,556.0,1,,2.0,28.0,True,False,False,False,False
1555,PARRUCCHIERE PER SIGNORA,VIA DEL TORCHIO N. 7 ; (z.d. 1),VIA,DEL TORCHIO,7,556.0,1,,,92.0,True,False,False,False,False
1556,PARRUCCHIERE PER SIGNORA,VIA DEL TURCHINO N. 10 ; (z.d. 4),VIA,DEL TURCHINO,10,3337.0,4,,,,True,False,False,False,False
1557,PARRUCCHIERE PER SIGNORA,VIA DEL TURCHINO N. 15 ; (z.d. 4),VIA,DEL TURCHINO,15,3337.0,4,,,31.0,True,False,False,False,False
1558,PARRUCCHIERE PER SIGNORA,VIA DEL TURCHINO N. 4 ; (z.d. 4),VIA,DEL TURCHINO,4,3337.0,4,,,15.0,True,False,False,False,False
1537,PARRUCCHIERE PER SIGNORA,VIA DELL' ALLODOLA N. 16 ; (z.d. 6),VIA,DELL' ALLODOLA,16,6660.0,6,,21.0,27.0,True,False,False,False,False
1552,PARRUCCHIERE PER SIGNORA,VIA DELL' UNIONE N. 4 ; (z.d. 1),VIA,DELL' UNIONE,4,521.0,1,,,48.0,True,False,False,False,False
1535,PARRUCCHIERE PER SIGNORA,VIA DELLA CAPINERA N. 5 ; (z.d. 6),VIA,DELLA CAPINERA,5,6659.0,6,,,30.0,True,False,False,False,False
1536,PARRUCCHIERE PER SIGNORA,VIA DELLA COMMENDA N. 28 ; (z.d. 1),VIA,DELLA COMMENDA,28,3146.0,1,acconciatore,,,True,False,False,False,False
1538,PARRUCCHIERE PER SIGNORA,VIA DELLA PALLA N. 5 ; (z.d. 1),VIA,DELLA PALLA,5,586.0,1,,4.0,22.0,True,False,False,False,False
1539,PARRUCCHIERE PER SIGNORA,VIA DELLA SILA N. 4 ; (z.d. 3),VIA,DELLA SILA,4,2433.0,3,,,,True,False,False,False,False
1540,PARRUCCHIERE PER SIGNORA,VIA DELLA SPIGA N. 23 ; (z.d. 1),VIA,DELLA SPIGA,23,226.0,1,,,55.0,True,False,False,False,False
1541,PARRUCCHIERE PER SIGNORA,VIA DELLA TORRE N. 1 ; (z.d. 2),VIA,DELLA TORRE,1,2322.0,2,,,,True,False,False,False,False
1542,PARRUCCHIERE PER SIGNORA,VIA DELLA TORRE N. 9 ; (z.d. 2),VIA,DELLA TORRE,9,2322.0,2,,,26.0,True,False,False,False,False
1543,PARRUCCHIERE PER SIGNORA,VIA DELLE BETULLE num.008b; (z.d. 7),VIA,DELLE BETULLE,,6828.0,7,,,40.0,True,False,False,False,False
1544,PARRUCCHIERE PER SIGNORA,VIA DELLE ERBE N. 1 ; (z.d. 1),VIA,DELLE ERBE,1,713.0,1,ACCONCIATORE,,31.0,True,False,False,False,False
1545,PARRUCCHIERE PER SIGNORA,VIA DELLE FORZE ARMATE N. 105 ; (z.d. 7),VIA,DELLE FORZE ARMATE,105,6643.0,7,ACCONCIATORE,,,True,False,False,False,False
1546,PARRUCCHIERE PER SIGNORA,VIA DELLE FORZE ARMATE N. 376 ; (z.d. 7),VIA,DELLE FORZE ARMATE,376,6643.0,7,,,,True,False,False,False,False
1547,PARRUCCHIERE PER SIGNORA,VIA DELLE FORZE ARMATE N. 43 ; (z.d. 7),VIA,DELLE FORZE ARMATE,43,6643.0,7,,,24.0,True,False,False,False,False
1548,PARRUCCHIERE PER SIGNORA,VIA DELLE FORZE ARMATE num.393a; (z.d. 7),VIA,MILLELIRE DOMENICO,15,6620.0,7,,3.0,35.0,True,False,False,False,False
1549,PARRUCCHIERE PER SIGNORA,VIA DELLE PRIMULE N. 1 ; (z.d. 6),VIA,DELLE PRIMULE,1,6716.0,6,,3.0,40.0,True,False,False,False,False
1550,PARRUCCHIERE PER SIGNORA,VIA DELLE STELLINE N. 1 ; (z.d. 7),VIA,DELLE STELLINE,1,6337.0,7,,35.0,34.0,True,False,False,False,False
1560,PARRUCCHIERE PER SIGNORA,VIA DERNA N. 1 ; (z.d. 2),VIA,DERNA,1,2376.0,2,,,37.0,True,False,False,False,False
1564,PARRUCCHIERE PER SIGNORA,VIA DESIDERIO N. 28 ; (z.d. 3),VIA,DESIDERIO,28,2565.0,3,,,22.0,True,False,False,False,False
1565,PARRUCCHIERE PER SIGNORA,VIA DIOTTI BENEDETTO N. 59 ; (z.d. 7),VIA,DIOTTI BENEDETTO,59,6753.0,7,,4.0,12.0,True,False,False,False,False
1566,PARRUCCHIERE PER SIGNORA,VIA DOLCI CARLO N. 38 ; (z.d. 7),VIA,DOLCI CARLO,38,6555.0,7,,2.0,32.0,True,False,False,False,False
1567,PARRUCCHIERE PER SIGNORA,VIA DOLOMITI N. 11 ; (z.d. 2),VIA,DOLOMITI,11,2334.0,2,,,,True,False,False,False,False
1568,PARRUCCHIERE PER SIGNORA,VIA DOMENICHINO N. 2 ; (z.d. 7),VIA,DOMENICHINO,2,6383.0,7,,,40.0,True,False,False,False,False
1569,PARRUCCHIERE PER SIGNORA,VIA DOMENICHINO N. 3 ; (z.d. 7),VIA,DOMENICHINO,3,6383.0,7,,,55.0,True,False,False,False,False
1570,PARRUCCHIERE PER SIGNORA,VIA DOMOKOS N. 4 ; (z.d. 7),VIA,DOMOKOS,4,6630.0,7,,,26.0,True,False,False,False,False
1573,PARRUCCHIERE PER SIGNORA,VIA DON BOSCO N. 16 ; (z.d. 4),VIA,DON BOSCO,16,4144.0,4,,,22.0,True,False,False,False,False
1574,PARRUCCHIERE PER SIGNORA,VIA DON BOSCO N. 19 (z.d. 4),VIA,DON BOSCO,19,4144.0,4,,,35.0,True,False,False,False,False
1575,PARRUCCHIERE PER SIGNORA,VIA DON RODRIGO N. 2 ; (z.d. 5),VIA,DON RODRIGO,2,5416.0,5,,,,True,False,False,False,False
1571,PARRUCCHIERE PER SIGNORA,VIA DONATELLO N. 22 ; (z.d. 3),VIA,DONATELLO,22,2214.0,3,,,39.0,True,False,False,False,False
1572,PARRUCCHIERE PER SIGNORA,VIA DONATELLO N. 37 ; (z.d. 3),VIA,DONATELLO,37,2214.0,3,,,94.0,True,False,False,False,False
1576,PARRUCCHIERE PER SIGNORA,VIA DUGNANI ANTONIO N. 1 ; (z.d. 1),VIA,DUGNANI ANTONIO,1,6223.0,1,,,39.0,True,False,False,False,False
1577,PARRUCCHIERE PER SIGNORA,VIA EDOLO N. 3 ; (z.d. 2),VIA,EDOLO,3,1217.0,2,,7.0,11.0,True,False,False,False,False
1578,PARRUCCHIERE PER SIGNORA,VIA EDOLO N. 42 ; (z.d. 2),VIA,EDOLO,42,1217.0,2,,,58.0,True,False,False,False,False
1579,PARRUCCHIERE PER SIGNORA,VIA EDOLO num.002; (z.d. 2),VIA,EDOLO,,1217.0,2,,2.0,24.0,True,False,False,False,False
1580,PARRUCCHIERE PER SIGNORA,VIA ESTERLE CARLO N. 29 ; (z.d. 2),VIA,ESTERLE CARLO,29,2368.0,2,,,26.0,True,False,False,False,False
1581,PARRUCCHIERE PER SIGNORA,VIA EUSTACHI BARTOLOMEO N. 20 ; (z.d. 3),VIA,EUSTACHI BARTOLOMEO,20,2165.0,3,,,19.0,True,False,False,False,False
1582,PARRUCCHIERE PER SIGNORA,VIA EUSTACHI BARTOLOMEO N. 21 ; (z.d. 3),VIA,EUSTACHI BARTOLOMEO,21,2165.0,3,,,81.0,True,False,False,False,False
1599,PARRUCCHIERE PER SIGNORA,VIA F.LLI ANTONA TRAVERSI N. 20 con ingr. in via de roberto; (z.d. 8),VIA,F.LLI ANTONA TRAVERSI,20,7354.0,8,,,,True,False,False,False,False
1600,PARRUCCHIERE PER SIGNORA,VIA F.LLI ANTONA TRAVERSI N. 23 ; (z.d. 8),VIA,F.LLI ANTONA TRAVERSI,23,7354.0,8,,,43.0,True,False,False,False,False
1601,PARRUCCHIERE PER SIGNORA,VIA F.LLI BRONZETTI N. 16 ; (z.d. 4),VIA,F.LLI BRONZETTI,16,3089.0,4,,,25.0,True,False,False,False,False
1602,PARRUCCHIERE PER SIGNORA,VIA F.LLI LUMIERE N. 2 ; (z.d. 2),VIA,F.LLI LUMIERE,2,2308.0,2,,12.0,22.0,True,False,False,False,False
1603,PARRUCCHIERE PER SIGNORA,VIA F.LLI ZANZOTTERA N. 8 ; (z.d. 7),VIA,F.LLI ZANZOTTERA,8,6733.0,7,,,40.0,True,False,False,False,False
1604,PARRUCCHIERE PER SIGNORA,VIA F.LLI ZOIA N. 220 ; (z.d. 7),VIA,F.LLI ZOIA,220,6306.0,7,,7.0,17.0,True,False,False,False,False
1583,PARRUCCHIERE PER SIGNORA,VIA FAA' DI BRUNO EMILIO N. 2 ; (z.d. 4),VIA,FAA' DI BRUNO EMILIO,2,4095.0,4,,,,True,False,False,False,False
1584,PARRUCCHIERE PER SIGNORA,VIA FABRIANO N. 2 ; (z.d. 9),VIA,FABRIANO,2,1642.0,9,,,,True,False,False,False,False
1585,PARRUCCHIERE PER SIGNORA,VIA FACCHINETTI CIPRIANO N. 2 ; (z.d. 4),VIA,FACCHINETTI CIPRIANO,2,3365.0,4,,,,True,False,False,False,False
1586,PARRUCCHIERE PER SIGNORA,VIA FARINI CARLO N. 55 ; (z.d. 9),VIA,FARINI CARLO,55,1114.0,9,,,,True,False,False,False,False
1587,PARRUCCHIERE PER SIGNORA,VIA FARINI CARLO N. 61 ; (z.d. 9),VIA,FARINI CARLO,61,1114.0,9,,,17.0,True,False,False,False,False
1588,PARRUCCHIERE PER SIGNORA,VIA FARINI CARLO N. 70 interno; (z.d. 9),VIA,FARINI CARLO,70,1114.0,9,,,,True,False,False,False,False
1589,PARRUCCHIERE PER SIGNORA,VIA FARUFFINI FEDERICO N. 7 ; (z.d. 7),VIA,FARUFFINI FEDERICO,7,6286.0,7,,,39.0,True,False,False,False,False
1590,PARRUCCHIERE PER SIGNORA,VIA FAUCHE' GIOVANNI BATTISTA N. 8 ; (z.d. 8),VIA,FAUCHE' GIOVANNI BATTISTA,8,7192.0,8,,,17.0,True,False,False,False,False
1592,PARRUCCHIERE PER SIGNORA,VIA FELTRE N. 27 (z.d. 3),VIA,FELTRE,27,2652.0,3,,3.0,39.0,True,False,False,False,False
1591,PARRUCCHIERE PER SIGNORA,VIA FELTRE N. 27 ; (z.d. 3),VIA,FELTRE,27,2652.0,3,,,19.0,True,False,False,False,False
1593,PARRUCCHIERE PER SIGNORA,VIA FERRUCCI FRANCESCO N. 22 ; (z.d. 8),VIA,FERRUCCI FRANCESCO,22,7150.0,8,,,29.0,True,False,False,False,False
1594,PARRUCCHIERE PER SIGNORA,VIA FIAMMA GALVANO num.0151; (z.d. 4),VIA,NEGROLI,13,3279.0,4,,,25.0,True,False,False,False,False
1595,PARRUCCHIERE PER SIGNORA,VIA FILZI FABIO N. 23 ; (z.d. 2),VIA,FILZI FABIO,23,1190.0,2,,,28.0,True,False,False,False,False
1596,PARRUCCHIERE PER SIGNORA,VIA FILZI FABIO N. 4 ; (z.d. 2),VIA,FILZI FABIO,4,1190.0,2,,,17.0,True,False,False,False,False
1597,PARRUCCHIERE PER SIGNORA,VIA FIUGGI N. 56 ; (z.d. 9),VIA,FIUGGI,56,1328.0,9,,1.0,47.0,True,False,False,False,False
1598,PARRUCCHIERE PER SIGNORA,VIA FIUGGI num.0101; (z.d. 9),VIA,BELINZAGHI GIULIO,4,1318.0,9,,,26.0,True,False,False,False,False
1605,PARRUCCHIERE PER SIGNORA,VIA FOGAZZARO ANTONIO N. 14 ; (z.d. 4),VIA,FOGAZZARO ANTONIO,14,3187.0,4,,,19.0,True,False,False,False,False
1606,PARRUCCHIERE PER SIGNORA,VIA FONSECA PIMENTEL ELEONORA N. 18 ; (z.d. 2),VIA,FONSECA PIMENTEL ELEONORA,18,2325.0,2,,13.0,24.0,True,False,False,False,False
1607,PARRUCCHIERE PER SIGNORA,VIA FONTANA N. 5 ; (z.d. 1),VIA,FONTANA,5,3058.0,1,,,20.0,True,False,False,False,False
1608,PARRUCCHIERE PER SIGNORA,VIA FONTANELLI ACHILLE N. 10 ; (z.d. 9),VIA,FONTANELLI ACHILLE,10,1641.0,9,,4.0,54.0,True,False,False,False,False
1609,PARRUCCHIERE PER SIGNORA,VIA FOPPA VINCENZO N. 40 ; (z.d. 7),VIA,FOPPA VINCENZO,40,6109.0,7,,,,True,False,False,False,False
1610,PARRUCCHIERE PER SIGNORA,VIA FOPPA VINCENZO N. 55 ; (z.d. 6),VIA,FOPPA VINCENZO,55,6109.0,6,,18.0,20.0,True,False,False,False,False
1611,PARRUCCHIERE PER SIGNORA,VIA FOPPA VINCENZO N. 58 piano rialzato; (z.d. 6),VIA,FOPPA VINCENZO,58,6109.0,6,,,24.0,True,False,False,False,False
1612,PARRUCCHIERE PER SIGNORA,VIA FORNARI PASQUALE N. 44 ; (z.d. 7),VIA,FORNARI PASQUALE,44,6592.0,7,,,,True,False,False,False,False
1614,PARRUCCHIERE PER SIGNORA,VIA FRA' CRISTOFORO N. 12 ; (z.d. 5),VIA,FRA' CRISTOFORO,12,5413.0,5,,10.0,20.0,True,False,False,False,False
1613,PARRUCCHIERE PER SIGNORA,VIA FRACASTORO GIROLAMO N. 1 ; (z.d. 2),VIA,FRACASTORO GIROLAMO,1,2471.0,2,,,20.0,True,False,False,False,False
1615,PARRUCCHIERE PER SIGNORA,VIA FREIKOFEL N. 10 ; (z.d. 4),VIA,FREIKOFEL,10,4367.0,4,,,40.0,True,False,False,False,False
1616,PARRUCCHIERE PER SIGNORA,VIA FRISI PAOLO N. 10 ; (z.d. 3),VIA,FRISI PAOLO,10,2190.0,3,,,18.0,True,False,False,False,False
1618,PARRUCCHIERE PER SIGNORA,VIA FRIULI N. 1 ; (z.d. 4),VIA,FRIULI,1,3199.0,4,,,33.0,True,False,False,False,False
1617,PARRUCCHIERE PER SIGNORA,VIA FRIULI N. 15 ; (z.d. 4),VIA,FRIULI,15,3199.0,4,,19.0,19.0,True,False,False,False,False
1619,PARRUCCHIERE PER SIGNORA,VIA FRIULI N. 6 ; (z.d. 4),VIA,FRIULI,6,3199.0,4,,,,True,False,False,False,False
1620,PARRUCCHIERE PER SIGNORA,VIA GAFFURIO FRANCHINO N. 8 ; (z.d. 3),VIA,GAFFURIO FRANCHINO,8,2138.0,3,,,,True,False,False,False,False
1621,PARRUCCHIERE PER SIGNORA,VIA GALENO CLAUDIO N. 6 ; (z.d. 2),VIA,GALENO CLAUDIO,6,2447.0,2,,2.0,30.0,True,False,False,False,False
1622,PARRUCCHIERE PER SIGNORA,VIA GALLARATE N. 101 ; (z.d. 8),VIA,GALLARATE,101,7420.0,8,,,31.0,True,False,False,False,False
1623,PARRUCCHIERE PER SIGNORA,VIA GALLARATE N. 131 ; (z.d. 8),VIA,GALLARATE,131,7420.0,8,,,33.0,True,False,False,False,False
1624,PARRUCCHIERE PER SIGNORA,VIA GAMBOLOITA N. 7 ; (z.d. 4),VIA,GAMBOLOITA,7,4160.0,4,,,25.0,True,False,False,False,False
1625,PARRUCCHIERE PER SIGNORA,VIA GENTILI ALBERICO N. 1 ; (z.d. 7),VIA,GENTILI ALBERICO,1,6270.0,7,,,,True,False,False,False,False
1626,PARRUCCHIERE PER SIGNORA,VIA GESSI ROMOLO N. 48 ; (z.d. 6),VIA,GESSI ROMOLO,48,6121.0,6,,,33.0,True,False,False,False,False
1627,PARRUCCHIERE PER SIGNORA,VIA GIACOSA GIUSEPPE N. 50 ; (z.d. 2),VIA,GIACOSA GIUSEPPE,50,2310.0,2,,,16.0,True,False,False,False,False
1628,PARRUCCHIERE PER SIGNORA,VIA GIAMBELLINO num.041a; (z.d. 6),VIA,GIAMBELLINO,41,5136.0,6,,9.0,26.0,True,False,False,False,False
1629,PARRUCCHIERE PER SIGNORA,VIA GIAMBELLINO num.131; (z.d. 6),VIA,PRIMATICCIO FRANCESCO,34,6646.0,6,,,96.0,True,False,False,False,False
1630,PARRUCCHIERE PER SIGNORA,VIA GIOIA MELCHIORRE N. 123 ; (z.d. 2),VIA,GIOIA MELCHIORRE,123,1108.0,2,,,27.0,True,False,False,False,False
1631,PARRUCCHIERE PER SIGNORA,VIA GIOIA MELCHIORRE N. 139 ; (z.d. 2),VIA,GIOIA MELCHIORRE,139,1108.0,2,,,,True,False,False,False,False
1632,PARRUCCHIERE PER SIGNORA,VIA GIOIA MELCHIORRE N. 77 ; (z.d. 2),VIA,GIOIA MELCHIORRE,77,1108.0,2,,,32.0,True,False,False,False,False
1633,PARRUCCHIERE PER SIGNORA,VIA GIOIA MELCHIORRE num.055a; (z.d. 2),PZA,QUATTRO NOVEMBRE,6,1199.0,2,,2.0,16.0,True,False,False,False,False
1634,PARRUCCHIERE PER SIGNORA,VIA GIUBA N. 28 ; (z.d. 2),VIA,GIUBA,28,2387.0,2,,,28.0,True,False,False,False,False
1635,PARRUCCHIERE PER SIGNORA,VIA GOLA EMILIO N. 1 ; (z.d. 6),VIA,GOLA EMILIO,1,5154.0,6,,,16.0,True,False,False,False,False
1636,PARRUCCHIERE PER SIGNORA,VIA GOLDONI CARLO N. 77 ; (z.d. 6),VIA,GOLDONI CARLO,77,3183.0,3,,,39.0,True,False,False,False,False
1637,PARRUCCHIERE PER SIGNORA,VIA GOVONE GIUSEPPE N. 19 ; (z.d. 8),VIA,GOVONE GIUSEPPE,19,7222.0,8,,6.0,20.0,True,False,False,False,False
1638,PARRUCCHIERE PER SIGNORA,VIA GOVONE GIUSEPPE N. 94 ; (z.d. 8),VIA,GOVONE GIUSEPPE,94,7222.0,8,,,,True,False,False,False,False
1639,PARRUCCHIERE PER SIGNORA,VIA GOZZANO GUIDO N. 4 ; (z.d. 3),VIA,GOZZANO GUIDO,4,2563.0,3,,4.0,58.0,True,False,False,False,False
1640,PARRUCCHIERE PER SIGNORA,VIA GRAN SAN BERNARDO N. 4 ; (z.d. 8),VIA,GRAN SAN BERNARDO,4,7218.0,8,,3.0,51.0,True,False,False,False,False
1641,PARRUCCHIERE PER SIGNORA,VIA GRASSELLI ANNIBALE N. 19 ; (z.d. 4),VIA,GRASSELLI ANNIBALE,19,3268.0,4,,11.0,30.0,True,False,False,False,False
1642,PARRUCCHIERE PER SIGNORA,VIA GRATOSOGLIO N. 42 ; (z.d. 5),VIA,GRATOSOGLIO,42,5411.0,5,,,,True,False,False,False,False
1643,PARRUCCHIERE PER SIGNORA,VIA GRIOLI DON GIOVANNI N. 30 ; (z.d. 9),VIA,GRIOLI DON GIOVANNI,30,1478.0,9,,,,True,False,False,False,False
1644,PARRUCCHIERE PER SIGNORA,VIA GROSSICH ANTONIO N. 11 ; (z.d. 3),VIA,GROSSICH ANTONIO,11,2576.0,3,,,35.0,True,False,False,False,False
1645,PARRUCCHIERE PER SIGNORA,VIA GROSSICH ANTONIO N. 2 ; (z.d. 3),VIA,GROSSICH ANTONIO,2,2576.0,3,,,26.0,True,False,False,False,False
1646,PARRUCCHIERE PER SIGNORA,VIA GUINTELLINO GUGLIELMO N. 13 ; (z.d. 6),VIA,GUINTELLINO GUGLIELMO,13,5369.0,6,,6.0,22.0,True,False,False,False,False
1647,PARRUCCHIERE PER SIGNORA,VIA HAYEZ FRANCESCO N. 13 ; (z.d. 3),VIA,HAYEZ FRANCESCO,13,2172.0,3,,,35.0,True,False,False,False,False
1648,PARRUCCHIERE PER SIGNORA,VIA HERMADA N. 1 ; (z.d. 9),VIA,HERMADA,1,1588.0,9,,,29.0,True,False,False,False,False
1649,PARRUCCHIERE PER SIGNORA,VIA HERMADA N. 8 ; (z.d. 9),VIA,HERMADA,8,1588.0,9,,,39.0,True,False,False,False,False
1650,PARRUCCHIERE PER SIGNORA,VIA IMBONATI CARLO N. 89 ; (z.d. 9),VIA,IMBONATI CARLO,89,1311.0,9,,,19.0,True,False,False,False,False
1651,PARRUCCHIERE PER SIGNORA,VIA IMPERIA N. 11 ; (z.d. 5),VIA,IMPERIA,11,5266.0,5,,,17.0,True,False,False,False,False
1652,PARRUCCHIERE PER SIGNORA,VIA INAMA VIRGILIO N. 1 ; (z.d. 3),VIA,INAMA VIRGILIO,1,3169.0,3,,,,True,False,False,False,False
1653,PARRUCCHIERE PER SIGNORA,VIA INGANNI ANGELO N. 2 ; (z.d. 6),VIA,INGANNI ANGELO,2,6672.0,6,,,20.0,True,False,False,False,False
1654,PARRUCCHIERE PER SIGNORA,VIA INGANNI ANGELO N. 48 ; (z.d. 6),VIA,INGANNI ANGELO,48,6672.0,6,,,35.0,True,False,False,False,False
1655,PARRUCCHIERE PER SIGNORA,VIA INGANNI ANGELO N. 64 ; (z.d. 6),VIA,INGANNI ANGELO,64,6672.0,6,,,,True,False,False,False,False
1657,PARRUCCHIERE PER SIGNORA,VIA INGANNI ANGELO N. 7 ; (z.d. 6),VIA,INGANNI ANGELO,7,6672.0,6,,,18.0,True,False,False,False,False
1656,PARRUCCHIERE PER SIGNORA,VIA INGANNI ANGELO N. 77 ; (z.d. 6),VIA,INGANNI ANGELO,77,6672.0,6,,4.0,62.0,True,False,False,False,False
1658,PARRUCCHIERE PER SIGNORA,VIA INGEGNOLI FRANCESCO N. 2 ; (z.d. 3),VIA,INGEGNOLI FRANCESCO,2,2559.0,3,,,20.0,True,False,False,False,False
1659,PARRUCCHIERE PER SIGNORA,VIA ISIMBARDI INNOCENZO N. 4 ; (z.d. 5),VIA,ISIMBARDI INNOCENZO,4,5332.0,5,,,37.0,True,False,False,False,False
1660,PARRUCCHIERE PER SIGNORA,VIA JACOPINO DA TRADATE N. 13 ; (z.d. 8),VIA,JACOPINO DA TRADATE,13,7292.0,8,,,34.0,True,False,False,False,False
1661,PARRUCCHIERE PER SIGNORA,VIA JACOPINO DA TRADATE N. 16 ; (z.d. 8),VIA,JACOPINO DA TRADATE,16,7292.0,8,,,55.0,True,False,False,False,False
1662,PARRUCCHIERE PER SIGNORA,VIA JACOPO DAL VERME N. 5 ; (z.d. 9),VIA,JACOPO DAL VERME,5,1130.0,9,,,25.0,True,False,False,False,False
1663,PARRUCCHIERE PER SIGNORA,VIA KRAMER ANTONIO N. 33 piano i; (z.d. 3),VIA,KRAMER ANTONIO,33,3180.0,3,,,100.0,True,False,False,False,False
1664,PARRUCCHIERE PER SIGNORA,VIA LAGRANGE GIUSEPPE N. 15 ; (z.d. 5),VIA,LAGRANGE GIUSEPPE,15,5205.0,5,,8.0,24.0,True,False,False,False,False
1665,PARRUCCHIERE PER SIGNORA,VIA LAGRANGE GIUSEPPE N. 3 ; (z.d. 5),VIA,LAGRANGE GIUSEPPE,3,5205.0,5,,,20.0,True,False,False,False,False
1666,PARRUCCHIERE PER SIGNORA,VIA LAMARMORA ALFONSO N. 22 ; (z.d. 1),VIA,LAMARMORA ALFONSO,22,4103.0,1,,,27.0,True,False,False,False,False
1667,PARRUCCHIERE PER SIGNORA,VIA LAMBRATE N. 5 ; (z.d. 3),VIA,LAMBRATE,5,2421.0,3,,5.0,28.0,True,False,False,False,False
1668,PARRUCCHIERE PER SIGNORA,VIA LAMBRO N. 9 ; (z.d. 3),VIA,LAMBRO,9,2186.0,3,,,,True,False,False,False,False
1669,PARRUCCHIERE PER SIGNORA,VIA LANINO BERNARDINO N. 11 ; (z.d. 6),VIA,LANINO BERNARDINO,11,6105.0,6,,,,True,False,False,False,False
1670,PARRUCCHIERE PER SIGNORA,VIA LARIO N. 9 ; (z.d. 9),VIA,LARIO,9,1171.0,9,,,66.0,True,False,False,False,False
1671,PARRUCCHIERE PER SIGNORA,VIA LARIO num.013a; (z.d. 9),VIA,LARIO,,1171.0,9,,3.0,21.0,True,False,False,False,False
1672,PARRUCCHIERE PER SIGNORA,VIA LAZZARETTO N. 7 ; (z.d. 2),VIA,LAZZARETTO,7,2112.0,2,,22.0,20.0,True,False,False,False,False
1673,PARRUCCHIERE PER SIGNORA,VIA LAZZARONI GIUSEPPINA N. 10 ; (z.d. 2),VIA,LAZZARONI GIUSEPPINA,10,1196.0,2,,,64.0,True,False,False,False,False
1674,PARRUCCHIERE PER SIGNORA,VIA LEGNONE N. 45 ; (z.d. 9),VIA,LEGNONE,45,1298.0,9,,2.0,31.0,True,False,False,False,False
1675,PARRUCCHIERE PER SIGNORA,VIA LEGNONE N. 99 ; (z.d. 9),VIA,LEGNONE,99,1298.0,9,,4.0,12.0,True,False,False,False,False
1676,PARRUCCHIERE PER SIGNORA,VIA LEONCAVALLO RUGGERO N. 33 ; (z.d. 2),VIA,LEONCAVALLO RUGGERO,33,2389.0,2,,6.0,28.0,True,False,False,False,False
1677,PARRUCCHIERE PER SIGNORA,VIA LEPONTINA N. 12 ; (z.d. 9),VIA,LEPONTINA,12,1147.0,9,,,,True,False,False,False,False
1678,PARRUCCHIERE PER SIGNORA,VIA LESSONA MICHELE N. 1 ; (z.d. 8),VIA,LESSONA MICHELE,1,7490.0,8,,,,True,False,False,False,False
1679,PARRUCCHIERE PER SIGNORA,VIA LIPARI N. 4 ; (z.d. 7),VIA,LIPARI,4,6203.0,7,,,,True,False,False,False,False
1680,PARRUCCHIERE PER SIGNORA,VIA LIPPI FILIPPINO N. 10 ; (z.d. 3),VIA,LIPPI FILIPPINO,10,2196.0,3,,,,True,False,False,False,False
1681,PARRUCCHIERE PER SIGNORA,VIA LISCATE N. 2 ; (z.d. 2),VIA,LISCATE,2,2595.0,2,,,29.0,True,False,False,False,False
1682,PARRUCCHIERE PER SIGNORA,VIA LITTA MODIGNANI ALESSANDRO N. 7 ; (z.d. 9),VIA,LITTA MODIGNANI ALESSANDRO,7,1539.0,9,,,,True,False,False,False,False
1683,PARRUCCHIERE PER SIGNORA,VIA LIVIGNO N. 18 ; (z.d. 9),VIA,LIVIGNO,18,1296.0,9,,,30.0,True,False,False,False,False
1684,PARRUCCHIERE PER SIGNORA,VIA LODOVICO IL MORO N. 149 ; (z.d. 6),VIA,LODOVICO IL MORO,149,5290.0,6,,,30.0,True,False,False,False,False
1685,PARRUCCHIERE PER SIGNORA,VIA LODOVICO IL MORO N. 169 ; (z.d. 6),VIA,LODOVICO IL MORO,169,5290.0,6,,1.0,28.0,True,False,False,False,False
1686,PARRUCCHIERE PER SIGNORA,VIA LODOVICO IL MORO N. 59 ; (z.d. 6),VIA,LODOVICO IL MORO,59,5290.0,6,,,,True,False,False,False,False
1687,PARRUCCHIERE PER SIGNORA,VIA LODOVICO IL MORO N. 93 ; (z.d. 6),VIA,LODOVICO IL MORO,93,5290.0,6,,,,True,False,False,False,False
1688,PARRUCCHIERE PER SIGNORA,VIA LOMAZZO PAOLO N. 13 vedere rapp. ussl; (z.d. 8),VIA,LOMAZZO PAOLO,13,7079.0,8,,,37.0,True,False,False,False,False
1689,PARRUCCHIERE PER SIGNORA,VIA LOMAZZO PAOLO N. 2 ; (z.d. 1),VIA,LOMAZZO PAOLO,2,7079.0,1,,,,True,False,False,False,False
1690,PARRUCCHIERE PER SIGNORA,VIA LOMBARDINI ELIA N. 12 ; (z.d. 6),VIA,LOMBARDINI ELIA,12,5146.0,6,,,40.0,True,False,False,False,False
1691,PARRUCCHIERE PER SIGNORA,VIA LOMELLINA N. 48 ; (z.d. 4),VIA,LOMELLINA,48,3280.0,4,,,50.0,True,False,False,False,False
1692,PARRUCCHIERE PER SIGNORA,VIA LOMELLINA N. 56 ; (z.d. 4),VIA,LOMELLINA,56,3280.0,4,,,29.0,True,False,False,False,False
1693,PARRUCCHIERE PER SIGNORA,VIA LONGARONE num.018; (z.d. 8),VIA,KORISTKA FRANCESCO,17,7241.0,8,,,,True,False,False,False,False
1694,PARRUCCHIERE PER SIGNORA,VIA LOPEZ SABATINO N. 3 ; (z.d. 8),VIA,LOPEZ SABATINO,3,7369.0,8,,,25.0,True,False,False,False,False
1695,PARRUCCHIERE PER SIGNORA,VIA LORENTEGGIO N. 141 ; (z.d. 6),VIA,LORENTEGGIO,141,5132.0,6,,17.0,25.0,True,False,False,False,False
1696,PARRUCCHIERE PER SIGNORA,VIA LORENTEGGIO N. 157 ; (z.d. 6),VIA,LORENTEGGIO,157,5132.0,6,,,42.0,True,False,False,False,False
1697,PARRUCCHIERE PER SIGNORA,VIA LORENTEGGIO N. 181 ; (z.d. 6),VIA,LORENTEGGIO,181,5132.0,6,,,,True,False,False,False,False
1698,PARRUCCHIERE PER SIGNORA,VIA LORENTEGGIO N. 201 ; (z.d. 6),VIA,LORENTEGGIO,201,5132.0,6,,6.0,15.0,True,False,False,False,False
1699,PARRUCCHIERE PER SIGNORA,VIA LORENTEGGIO N. 236 ; (z.d. 6),VIA,LORENTEGGIO,236,5132.0,6,,3.0,30.0,True,False,False,False,False
1700,PARRUCCHIERE PER SIGNORA,VIA LORENTEGGIO N. 38 ; (z.d. 6),VIA,LORENTEGGIO,38,5132.0,6,,8.0,20.0,True,False,False,False,False
1701,PARRUCCHIERE PER SIGNORA,VIA LORIA MOISE' N. 34 ; (z.d. 6),VIA,LORIA MOISE',34,6100.0,6,,,17.0,True,False,False,False,False
1702,PARRUCCHIERE PER SIGNORA,VIA LOSANNA N. 36 ; (z.d. 8),VIA,LOSANNA,36,7190.0,8,,,34.0,True,False,False,False,False
1703,PARRUCCHIERE PER SIGNORA,VIA LULLI GIOVANNI N. 1 ; (z.d. 3),VIA,LULLI GIOVANNI,1,2253.0,3,,,35.0,True,False,False,False,False
1704,PARRUCCHIERE PER SIGNORA,VIA LUTERO MARTINO N. 4 ; (z.d. 2),VIA,LUTERO MARTINO,4,2613.0,2,,4.0,17.0,True,False,False,False,False
1705,PARRUCCHIERE PER SIGNORA,VIA MACCHI MAURO N. 4 ; (z.d. 2),VIA,MACCHI MAURO,4,2133.0,2,,,53.0,True,False,False,False,False
1706,PARRUCCHIERE PER SIGNORA,VIA MACCHI MAURO N. 72 ; (z.d. 2),VIA,MACCHI MAURO,72,2133.0,2,,,26.0,True,False,False,False,False
1707,PARRUCCHIERE PER SIGNORA,VIA MAFFI CARDINALE PIETRO N. 1 ; (z.d. 9),VIA,MAFFI CARDINALE PIETRO,1,7347.0,9,,4.0,70.0,True,False,False,False,False
1708,PARRUCCHIERE PER SIGNORA,VIA MAFFUCCI ANGIOLO N. 24 ; (z.d. 9),VIA,MAFFUCCI ANGIOLO,24,1276.0,9,,,,True,False,False,False,False
1709,PARRUCCHIERE PER SIGNORA,VIA MAFFUCCI ANGIOLO N. 70 ; (z.d. 9),VIA,MAFFUCCI ANGIOLO,70,1276.0,9,,,16.0,True,False,False,False,False
1710,PARRUCCHIERE PER SIGNORA,VIA MAGNASCO ALESSANDRO N. 1 ; (z.d. 7),VIA,MAGNASCO ALESSANDRO,1,6546.0,7,,,26.0,True,False,False,False,False
1711,PARRUCCHIERE PER SIGNORA,VIA MAIOCCHI ACHILLE N. 31 ; (z.d. 3),VIA,MAIOCCHI ACHILLE,31,2162.0,3,,,16.0,True,False,False,False,False
1712,PARRUCCHIERE PER SIGNORA,VIA MALPIGHI MARCELLO N. 3 ; (z.d. 3),VIA,MALPIGHI MARCELLO,3,2182.0,3,,,40.0,True,False,False,False,False
1713,PARRUCCHIERE PER SIGNORA,VIA MALPIGHI MARCELLO N. 8 ; (z.d. 3),VIA,MALPIGHI MARCELLO,8,2182.0,3,,,,True,False,False,False,False
1714,PARRUCCHIERE PER SIGNORA,VIA MAMBRETTI ANTONIO N. 40 ; (z.d. 8),VIA,MAMBRETTI ANTONIO,40,7455.0,8,,,60.0,True,False,False,False,False
1715,PARRUCCHIERE PER SIGNORA,VIA MAMBRETTI ANTONIO N. 5 ; (z.d. 8),VIA,MAMBRETTI ANTONIO,5,7455.0,8,,,21.0,True,False,False,False,False
1716,PARRUCCHIERE PER SIGNORA,VIA MAMIANI TERENZIO N. 10 ; (z.d. 2),VIA,MAMIANI TERENZIO,10,2338.0,2,,,,True,False,False,False,False
1717,PARRUCCHIERE PER SIGNORA,VIA MANGIAGALLI LUIGI N. 5 ; (z.d. 3),VIA,MANGIAGALLI LUIGI,5,3202.0,3,,3.0,23.0,True,False,False,False,False
1718,PARRUCCHIERE PER SIGNORA,VIA MANTEGNA ANDREA N. 2 ; (z.d. 8),VIA,MANTEGNA ANDREA,2,7203.0,8,,,27.0,True,False,False,False,False
1719,PARRUCCHIERE PER SIGNORA,VIA MARCELLO BENEDETTO N. 20 (z.d. 3),VIA,MARCELLO BENEDETTO,20,2128.0,3,acconciatore,,124.0,True,False,False,False,False
1720,PARRUCCHIERE PER SIGNORA,VIA MARCIANO N. 12 ; (z.d. 4),VIA,MARCIANO,12,3294.0,4,,,32.0,True,False,False,False,False
1721,PARRUCCHIERE PER SIGNORA,VIA MARCO D'AGRATE N. 15 ; (z.d. 5),VIA,MARCO D'AGRATE,15,4276.0,5,,,,True,False,False,False,False
1722,PARRUCCHIERE PER SIGNORA,VIA MARCO D'OGGIONO N. 2 ; (z.d. 1),VIA,MARCO D'OGGIONO,2,5166.0,1,,,31.0,True,False,False,False,False
1723,PARRUCCHIERE PER SIGNORA,VIA MARCONA N. 53 ; (z.d. 4),VIA,MARCONA,53,3080.0,4,,,25.0,True,False,False,False,False
1724,PARRUCCHIERE PER SIGNORA,VIA MARCONA N. 70 ; (z.d. 4),VIA,MARCONA,70,3080.0,4,,,42.0,True,False,False,False,False
1725,PARRUCCHIERE PER SIGNORA,VIA MARESCALCHI FERDINANDO N. 11 ; (z.d. 3),VIA,MARESCALCHI FERDINANDO,11,3315.0,3,,,44.0,True,False,False,False,False
1726,PARRUCCHIERE PER SIGNORA,VIA MARGHERA N. 10 ; (z.d. 7),VIA,MARGHERA,10,6280.0,7,,,23.0,True,False,False,False,False
1727,PARRUCCHIERE PER SIGNORA,VIA MARINETTI FILIPPO TOMMASO N. 2 ; (z.d. 2),VIA,MARINETTI FILIPPO TOMMASO,2,2223.0,2,,,29.0,True,False,False,False,False
1728,PARRUCCHIERE PER SIGNORA,VIA MAROCCO PIETRO N. 10 ; (z.d. 2),VIA,MAROCCO PIETRO,10,2265.0,2,,,35.0,True,False,False,False,False
1729,PARRUCCHIERE PER SIGNORA,VIA MAROCCO PIETRO N. 17 ; (z.d. 2),VIA,MAROCCO PIETRO,17,2265.0,2,,,19.0,True,False,False,False,False
1730,PARRUCCHIERE PER SIGNORA,VIA MAROCHETTI CARLO N. 21 ; (z.d. 4),VIA,MAROCHETTI CARLO,21,4185.0,4,,,21.0,True,False,False,False,False
1731,PARRUCCHIERE PER SIGNORA,VIA MAROCHETTI CARLO N. 9 ; (z.d. 4),VIA,MAROCHETTI CARLO,9,4185.0,4,,3.0,30.0,True,False,False,False,False
1732,PARRUCCHIERE PER SIGNORA,VIA MARONCELLI PIETRO N. 2 ; (z.d. 9),VIA,MARONCELLI PIETRO,2,1113.0,9,,,,True,False,False,False,False
1733,PARRUCCHIERE PER SIGNORA,VIA MARTINENGO FRANCESCO N. 2 ; (z.d. 4),VIA,MARTINENGO FRANCESCO,2,4183.0,4,,,,True,False,False,False,False
1734,PARRUCCHIERE PER SIGNORA,VIA MARTIRI OSCURI N. 3 ; (z.d. 2),VIA,MARTIRI OSCURI,3,2291.0,2,,,21.0,True,False,False,False,False
1735,PARRUCCHIERE PER SIGNORA,VIA MASCHERONI LORENZO N. 22 ; (z.d. 1),VIA,MASCHERONI LORENZO,22,6183.0,1,,,,True,False,False,False,False
1736,PARRUCCHIERE PER SIGNORA,VIA MASOLINO DA PANICALE N. 12 ; (z.d. 8),VIA,MASOLINO DA PANICALE,12,7264.0,8,,,40.0,True,False,False,False,False
1737,PARRUCCHIERE PER SIGNORA,VIA MASOTTO UMBERTO N. 20 ; (z.d. 4),VIA,MASOTTO UMBERTO,20,3283.0,4,,9.0,21.0,True,False,False,False,False
1738,PARRUCCHIERE PER SIGNORA,VIA MECENATE N. 38 ; (z.d. 4),VIA,MECENATE,38,3323.0,4,,2.0,25.0,True,False,False,False,False
1739,PARRUCCHIERE PER SIGNORA,VIA MECENATE N. 5 ; (z.d. 4),VIA,MECENATE,5,3323.0,4,,,45.0,True,False,False,False,False
1740,PARRUCCHIERE PER SIGNORA,VIA MECENATE N. 99 ; (z.d. 4),VIA,MECENATE,99,3323.0,4,,32.0,20.0,True,False,False,False,False
1741,PARRUCCHIERE PER SIGNORA,VIA MEDA GIUSEPPE N. 15 ; (z.d. 5),VIA,MEDA GIUSEPPE,15,5242.0,5,,,18.0,True,False,False,False,False
1742,PARRUCCHIERE PER SIGNORA,VIA MEDA GIUSEPPE num.033a; (z.d. 5),VIA,MEDA GIUSEPPE,,5242.0,5,,,29.0,True,False,False,False,False
1743,PARRUCCHIERE PER SIGNORA,VIA MEDEGHINO N. 15 ; (z.d. 5),VIA,MEDEGHINO,15,5335.0,5,,,31.0,True,False,False,False,False
1744,PARRUCCHIERE PER SIGNORA,VIA MEDEGHINO N. 32 ; (z.d. 5),VIA,MEDEGHINO,32,5335.0,5,,,30.0,True,False,False,False,False
1745,PARRUCCHIERE PER SIGNORA,VIA MEDEGHINO N. 4 ; (z.d. 5),VIA,MEDEGHINO,4,5335.0,5,,,48.0,True,False,False,False,False
1746,PARRUCCHIERE PER SIGNORA,VIA MELATO MARIA N. 10 ; (z.d. 8),VIA,MELATO MARIA,10,7366.0,8,,30.0,,True,False,False,False,False
1747,PARRUCCHIERE PER SIGNORA,VIA MELLONI MACEDONIO N. 32 ; (z.d. 4),VIA,MELLONI MACEDONIO,32,3085.0,4,,,,True,False,False,False,False
1748,PARRUCCHIERE PER SIGNORA,VIA MELZO N. 30 ; (z.d. 3),VIA,MELZO,30,2184.0,3,,,34.0,True,False,False,False,False
1749,PARRUCCHIERE PER SIGNORA,VIA MENABREA LUIGI FEDERICO N. 20 ; (z.d. 9),VIA,MENABREA LUIGI FEDERICO,20,1322.0,9,,,30.0,True,False,False,False,False
1750,PARRUCCHIERE PER SIGNORA,VIA MENOTTI CIRO N. 1 ; (z.d. 3),VIA,MENOTTI CIRO,1,3184.0,3,,,70.0,True,False,False,False,False
1751,PARRUCCHIERE PER SIGNORA,VIA MERAVIGLI N. 16 ; (z.d. 1),VIA,MERAVIGLI,16,614.0,1,,,,True,False,False,False,False
1752,PARRUCCHIERE PER SIGNORA,VIA MERCADANTE SAVERIO N. 10 ; (z.d. 3),VIA,MERCADANTE SAVERIO,10,2232.0,3,,,39.0,True,False,False,False,False
1753,PARRUCCHIERE PER SIGNORA,VIA MERCADANTE SAVERIO N. 17 ; (z.d. 3),VIA,MERCADANTE SAVERIO,17,2232.0,3,,,80.0,True,False,False,False,False
1754,PARRUCCHIERE PER SIGNORA,VIA MERCATO N. 10 ; (z.d. 1),VIA,MERCATO,10,717.0,1,,,25.0,True,False,False,False,False
1755,PARRUCCHIERE PER SIGNORA,VIA MEUCCI ANTONIO N. 2 ; (z.d. 2),VIA,MEUCCI ANTONIO,2,2497.0,2,,,34.0,True,False,False,False,False
1756,PARRUCCHIERE PER SIGNORA,VIA MICHELINO DA BESOZZO N. 10 ; (z.d. 8),VIA,MICHELINO DA BESOZZO,10,7263.0,8,,,27.0,True,False,False,False,False
1757,PARRUCCHIERE PER SIGNORA,VIA MILLELIRE DOMENICO N. 20 ; (z.d. 7),VIA,MILLELIRE DOMENICO,20,6620.0,7,,1.0,19.0,True,False,False,False,False
1758,PARRUCCHIERE PER SIGNORA,VIA MINCIO N. 12 ; (z.d. 4),VIA,MINCIO,12,4157.0,4,,,13.0,True,False,False,False,False
1759,PARRUCCHIERE PER SIGNORA,VIA MODENA GUSTAVO N. 21 ; (z.d. 3),VIA,MODENA GUSTAVO,21,3122.0,3,,,,True,False,False,False,False
1760,PARRUCCHIERE PER SIGNORA,VIA MODENA GUSTAVO N. 25 ; (z.d. 3),VIA,MODENA GUSTAVO,25,3122.0,3,,3.0,17.0,True,False,False,False,False
1761,PARRUCCHIERE PER SIGNORA,VIA MOLA PIER FRANCESCO N. 3 ; (z.d. 8),VIA,MOLA PIER FRANCESCO,3,7391.0,8,,,31.0,True,False,False,False,False
1762,PARRUCCHIERE PER SIGNORA,VIA MOLA PIER FRANCESCO N. 7 ; (z.d. 8),VIA,MOLA PIER FRANCESCO,7,7391.0,8,ACCONCIATORE,,56.0,True,False,False,False,False
1763,PARRUCCHIERE PER SIGNORA,VIA MOLINO DELLE ARMI N. 19 ; (z.d. 1),VIA,MOLINO DELLE ARMI,19,591.0,1,,,27.0,True,False,False,False,False
1764,PARRUCCHIERE PER SIGNORA,VIA MOLINO DELLE ARMI num.0035; (z.d. 1),VIA,MOLINO DELLE ARMI,,591.0,1,,26.0,32.0,True,False,False,False,False
1765,PARRUCCHIERE PER SIGNORA,VIA MONDOVI' N. 4 ; (z.d. 2),VIA,MONDOVI',4,2515.0,2,,,21.0,True,False,False,False,False
1766,PARRUCCHIERE PER SIGNORA,VIA MONFALCONE N. 34 ; (z.d. 3),VIA,MONFALCONE,34,2538.0,3,,,25.0,True,False,False,False,False
1770,PARRUCCHIERE PER SIGNORA,VIA MONTE NAPOLEONE N. 13 ; (z.d. 1),VIA,MONTE NAPOLEONE,13,219.0,1,,,110.0,True,False,False,False,False
1771,PARRUCCHIERE PER SIGNORA,VIA MONTE NAPOLEONE N. 17 piano ammezzato; (z.d. 1),VIA,MONTE NAPOLEONE,17,219.0,1,,,37.0,True,False,False,False,False
1772,PARRUCCHIERE PER SIGNORA,VIA MONTE PALOMBINO N. 8 ; (z.d. 4),VIA,MONTE PALOMBINO,8,4368.0,4,,,41.0,True,False,False,False,False
1773,PARRUCCHIERE PER SIGNORA,VIA MONTE POPERA N. 9 ; (z.d. 4),VIA,MONTE POPERA,9,4365.0,4,,,34.0,True,False,False,False,False
1774,PARRUCCHIERE PER SIGNORA,VIA MONTE ROSA N. 3 ; (z.d. 7),VIA,MONTE ROSA,3,6388.0,7,,,37.0,True,False,False,False,False
1775,PARRUCCHIERE PER SIGNORA,VIA MONTE ROSA num.019e; (z.d. 6),PZA,BAZZI GIOVANNI ANTONIO,2,6102.0,6,,,,True,False,False,False,False
1776,PARRUCCHIERE PER SIGNORA,VIA MONTE ROTONDO N. 3 ; (z.d. 9),VIA,MONTE ROTONDO,3,1449.0,9,,1.0,33.0,True,False,False,False,False
1777,PARRUCCHIERE PER SIGNORA,VIA MONTE SAN GABRIELE N. 10 ; (z.d. 2),VIA,MONTE SAN GABRIELE,10,2481.0,2,,,15.0,True,False,False,False,False
1778,PARRUCCHIERE PER SIGNORA,VIA MONTE SAN GENESIO N. 14 ; (z.d. 9),VIA,MONTE SAN GENESIO,14,1299.0,9,,,,True,False,False,False,False
1779,PARRUCCHIERE PER SIGNORA,VIA MONTE SAN GENESIO N. 20 ; (z.d. 9),VIA,MONTE SAN GENESIO,20,1299.0,9,,,,True,False,False,False,False
1780,PARRUCCHIERE PER SIGNORA,VIA MONTE SAN GENESIO N. 5 ; (z.d. 9),VIA,MONTE SAN GENESIO,5,1299.0,9,,,37.0,True,False,False,False,False
1767,PARRUCCHIERE PER SIGNORA,VIA MONTEGANI LODOVICO N. 13 ; (z.d. 5),VIA,MONTEGANI LODOVICO,13,5330.0,5,,4.0,30.0,True,False,False,False,False
1769,PARRUCCHIERE PER SIGNORA,VIA MONTEGANI LODOVICO N. 2 ; (z.d. 5),VIA,MONTEGANI LODOVICO,2,5330.0,5,,,29.0,True,False,False,False,False
1768,PARRUCCHIERE PER SIGNORA,VIA MONTEGANI LODOVICO N. 23 ; (z.d. 5),VIA,MONTEGANI LODOVICO,23,5330.0,5,,,19.0,True,False,False,False,False
1781,PARRUCCHIERE PER SIGNORA,VIA MONTI VINCENZO num.057a; (z.d. 1),VIA,S. GIOV. SUL MURO,14,609.0,1,,,44.0,True,False,False,False,False
1782,PARRUCCHIERE PER SIGNORA,VIA MORA GIAN GIACOMO N. 12 ; (z.d. 1),VIA,MORA GIAN GIACOMO,12,594.0,1,,15.0,55.0,True,False,False,False,False
1783,PARRUCCHIERE PER SIGNORA,VIA MORGAGNI GIOVANNI BATTISTA N. 14 ; (z.d. 3),VIA,MORGAGNI GIOVANNI BATTISTA,14,2158.0,3,,,,True,False,False,False,False
1784,PARRUCCHIERE PER SIGNORA,VIA MORGANTINI MARIO N. 25 ; (z.d. 7),VIA,MORGANTINI MARIO,25,6568.0,7,,,36.0,True,False,False,False,False
1785,PARRUCCHIERE PER SIGNORA,VIA MORONE GEROLAMO N. 3 ; (z.d. 1),VIA,MORONE GEROLAMO,3,200.0,1,,,,True,False,False,False,False
1786,PARRUCCHIERE PER SIGNORA,VIA MOROSINI EMILIO N. 12 ; (z.d. 4),VIA,MOROSINI EMILIO,12,3073.0,4,,,33.0,True,False,False,False,False
1787,PARRUCCHIERE PER SIGNORA,VIA MOROSINI EMILIO N. 33 ; (z.d. 4),VIA,MOROSINI EMILIO,33,3073.0,4,,,26.0,True,False,False,False,False
1788,PARRUCCHIERE PER SIGNORA,VIA MOSCA ANTONIO num.017; (z.d. 7),VIA,DELLE FORZE ARMATE,333,6643.0,7,,,,True,False,False,False,False
1789,PARRUCCHIERE PER SIGNORA,VIA MOSCATI PIETRO N. 20 ; (z.d. 1),VIA,MOSCATI PIETRO,20,7136.0,1,,,24.0,True,False,False,False,False
1790,PARRUCCHIERE PER SIGNORA,VIA MURAT GIOACCHINO N. 70 ; (z.d. 9),VIA,MURAT GIOACCHINO,70,1316.0,9,,,8.0,True,False,False,False,False
1791,PARRUCCHIERE PER SIGNORA,VIA MURAT GIOACCHINO N. 8 ; (z.d. 9),VIA,MURAT GIOACCHINO,8,1316.0,9,,5.0,16.0,True,False,False,False,False
1792,PARRUCCHIERE PER SIGNORA,VIA MURATORI LODOVICO N. 11 ; (z.d. 4),VIA,MURATORI LODOVICO,11,4076.0,4,,,,True,False,False,False,False
1793,PARRUCCHIERE PER SIGNORA,VIA MURATORI LODOVICO N. 26 ; (z.d. 4),VIA,MURATORI LODOVICO,26,4076.0,4,,,29.0,True,False,False,False,False
1794,PARRUCCHIERE PER SIGNORA,VIA MURATORI LODOVICO N. 42 ; (z.d. 4),VIA,MURATORI LODOVICO,42,4076.0,4,,,14.0,True,False,False,False,False
1795,PARRUCCHIERE PER SIGNORA,VIA MUSSI GIUSEPPE N. 15 ; (z.d. 8),VIA,MUSSI GIUSEPPE,15,7199.0,8,,,31.0,True,False,False,False,False
1796,PARRUCCHIERE PER SIGNORA,VIA NEERA ANNA num.0253; (z.d. 5),VIA,F.LLI FRASCHINI,2,4355.0,5,,10.0,26.0,True,False,False,False,False
1797,PARRUCCHIERE PER SIGNORA,VIA NEGROLI N. 11 ; (z.d. 4),VIA,NEGROLI,11,3279.0,4,,,37.0,True,False,False,False,False
1798,PARRUCCHIERE PER SIGNORA,VIA NICCODEMI DARIO N. 6 ; (z.d. 8),VIA,NICCODEMI DARIO,6,7380.0,8,,9.0,19.0,True,False,False,False,False
1799,PARRUCCHIERE PER SIGNORA,VIA NICCOLINI GIOVANNI BATTISTA N. 25 ; (z.d. 8),VIA,NICCOLINI GIOVANNI BATTISTA,25,7129.0,8,,16.0,18.0,True,False,False,False,False
1800,PARRUCCHIERE PER SIGNORA,VIA NOTA ALBERTO N. 46 ; (z.d. 9),VIA,NOTA ALBERTO,46,1624.0,9,,,31.0,True,False,False,False,False
1801,PARRUCCHIERE PER SIGNORA,VIA NOVARA N. 105 ; (z.d. 7),VIA,NOVARA,105,6624.0,7,,,18.0,True,False,False,False,False
1802,PARRUCCHIERE PER SIGNORA,VIA NOVARA N. 141 ; (z.d. 7),VIA,NOVARA,141,6624.0,7,,,18.0,True,False,False,False,False
1803,PARRUCCHIERE PER SIGNORA,VIA OGLIO N. 3 ; (z.d. 4),VIA,OGLIO,3,4105.0,4,,,23.0,True,False,False,False,False
1804,PARRUCCHIERE PER SIGNORA,VIA OLONA N. 12 ; (z.d. 1),VIA,OLONA,12,5090.0,1,,3.0,84.0,True,False,False,False,False
1805,PARRUCCHIERE PER SIGNORA,VIA ORIANI ALFREDO N. 2 ; (z.d. 1),VIA,ORIANI ALFREDO,2,4025.0,1,,,,True,False,False,False,False
1806,PARRUCCHIERE PER SIGNORA,VIA ORNATO LUIGI N. 7 ; (z.d. 9),VIA,ORNATO LUIGI,7,1591.0,9,,,,True,False,False,False,False
1807,PARRUCCHIERE PER SIGNORA,VIA OROBONI ANTONIO N. 13 ; (z.d. 9),VIA,OROBONI ANTONIO,13,1635.0,9,,,,True,False,False,False,False
1808,PARRUCCHIERE PER SIGNORA,VIA ORTICA N. 3 ; (z.d. 3),VIA,ORTICA,3,3242.0,3,,,29.0,True,False,False,False,False
1809,PARRUCCHIERE PER SIGNORA,VIA OVADA N. 1 ; (z.d. 6),VIA,OVADA,1,5352.0,6,,4.0,23.0,True,False,False,False,False
1810,PARRUCCHIERE PER SIGNORA,VIA PACINI GIOVANNI N. 22 ; (z.d. 3),VIA,PACINI GIOVANNI,22,2571.0,3,,,34.0,True,False,False,False,False
1811,PARRUCCHIERE PER SIGNORA,VIA PACINI GIOVANNI N. 50 ; (z.d. 3),VIA,PACINI GIOVANNI,50,2571.0,3,,6.0,40.0,True,False,False,False,False
1812,PARRUCCHIERE PER SIGNORA,VIA PACINI GIOVANNI N. 70 ; (z.d. 3),VIA,PACINI GIOVANNI,70,2571.0,3,,1.0,47.0,True,False,False,False,False
1813,PARRUCCHIERE PER SIGNORA,VIA PADOVA N. 142 ; (z.d. 2),VIA,PADOVA,142,2275.0,2,,,24.0,True,False,False,False,False
1814,PARRUCCHIERE PER SIGNORA,VIA PADOVA N. 182 ; (z.d. 2),VIA,PADOVA,182,2275.0,2,,,27.0,True,False,False,False,False
1815,PARRUCCHIERE PER SIGNORA,VIA PADOVA N. 186 ; (z.d. 2),VIA,PADOVA,186,2275.0,2,,,49.0,True,False,False,False,False
1816,PARRUCCHIERE PER SIGNORA,VIA PADOVA N. 217 ; (z.d. 2),VIA,PADOVA,217,2275.0,2,,3.0,24.0,True,False,False,False,False
1817,PARRUCCHIERE PER SIGNORA,VIA PADOVA N. 235 ; (z.d. 2),VIA,PADOVA,235,2275.0,2,,,40.0,True,False,False,False,False
1818,PARRUCCHIERE PER SIGNORA,VIA PADOVA N. 288 ; (z.d. 2),VIA,PADOVA,288,2275.0,2,,,,True,False,False,False,False
1819,PARRUCCHIERE PER SIGNORA,VIA PADOVA N. 310 ; (z.d. 2),VIA,PADOVA,310,2275.0,2,,,16.0,True,False,False,False,False
1820,PARRUCCHIERE PER SIGNORA,VIA PADOVA N. 40 ; (z.d. 2),VIA,PADOVA,40,2275.0,2,,3.0,52.0,True,False,False,False,False
1821,PARRUCCHIERE PER SIGNORA,VIA PALAZZI LAZZARO N. 15 ; (z.d. 3),VIA,PALAZZI LAZZARO,15,2171.0,3,,4.0,31.0,True,False,False,False,False
1823,PARRUCCHIERE PER SIGNORA,VIA PALERMO N. 1 ; (z.d. 1),VIA,PALERMO,1,1025.0,1,,,,True,False,False,False,False
1822,PARRUCCHIERE PER SIGNORA,VIA PALERMO N. 15 ; (z.d. 1),VIA,PALERMO,15,1025.0,1,,,47.0,True,False,False,False,False
1824,PARRUCCHIERE PER SIGNORA,VIA PALLADIO ANDREA num.003a; (z.d. 5),VIA,PALLADIO ANDREA,,4213.0,5,,2.0,30.0,True,False,False,False,False
1825,PARRUCCHIERE PER SIGNORA,VIA PALMA JACOPO N. 10 ; (z.d. 7),VIA,PALMA JACOPO,10,6605.0,7,,,24.0,True,False,False,False,False
1826,PARRUCCHIERE PER SIGNORA,VIA PALMANOVA N. 30 ; (z.d. 3),VIA,PALMANOVA,30,2390.0,3,,,33.0,True,False,False,False,False
1827,PARRUCCHIERE PER SIGNORA,VIA PALMANOVA N. 81 ; (z.d. 2),VIA,PALMANOVA,81,2390.0,2,,,,True,False,False,False,False
1828,PARRUCCHIERE PER SIGNORA,VIA PALMANOVA num.1551; (z.d. 2),VIA,BOSCHETTI ERASMO,7,1309.0,2,,3.0,28.0,True,False,False,False,False
1829,PARRUCCHIERE PER SIGNORA,VIA PALMIERI NICOLA N. 30 ; (z.d. 5),VIA,PALMIERI NICOLA,30,5323.0,5,,,,True,False,False,False,False
1830,PARRUCCHIERE PER SIGNORA,VIA PANIZZI ANTONIO N. 12 ; (z.d. 6),VIA,PANIZZI ANTONIO,12,6486.0,6,,5.0,45.0,True,False,False,False,False
1831,PARRUCCHIERE PER SIGNORA,VIA PANTIGLIATE N. 11 ; (z.d. 6),VIA,PANTIGLIATE,11,6651.0,6,,,32.0,True,False,False,False,False
1832,PARRUCCHIERE PER SIGNORA,VIA PAOLO DA CANNOBIO N. 8 ; (z.d. 1),VIA,PAOLO DA CANNOBIO,8,338.0,1,,,50.0,True,False,False,False,False
1833,PARRUCCHIERE PER SIGNORA,VIA PARENZO N. 6 ; (z.d. 6),VIA,PARENZO,6,5367.0,6,,,,True,False,False,False,False
1834,PARRUCCHIERE PER SIGNORA,VIA PARETO VILFREDO N. 11 ; (z.d. 8),VIA,PARETO VILFREDO,11,7440.0,8,,12.0,15.0,True,False,False,False,False
1835,PARRUCCHIERE PER SIGNORA,VIA PARINI GIUSEPPE N. 9 ; (z.d. 1),VIA,PARINI GIUSEPPE,9,1049.0,1,,,,True,False,False,False,False
1836,PARRUCCHIERE PER SIGNORA,VIA PARINI GIUSEPPE num.005a; (z.d. 1),VIA,PARINI GIUSEPPE,,1049.0,1,,3.0,70.0,True,False,False,False,False
1837,PARRUCCHIERE PER SIGNORA,VIA PASCARELLA CESARE N. 1 ; (z.d. 8),VIA,PASCARELLA CESARE,1,7349.0,8,,,27.0,True,False,False,False,False
1838,PARRUCCHIERE PER SIGNORA,VIA PASCOLI GIOVANNI N. 3 ; (z.d. 3),VIA,PASCOLI GIOVANNI,3,3132.0,3,,,,True,False,False,False,False
1839,PARRUCCHIERE PER SIGNORA,VIA PASSERONI GIAN CARLO N. 2 ; (z.d. 5),VIA,PASSERONI GIAN CARLO,2,4065.0,5,,,,True,False,False,False,False
1840,PARRUCCHIERE PER SIGNORA,VIA PAULLO N. 13 ; (z.d. 4),VIA,PAULLO,13,3177.0,4,,,27.0,True,False,False,False,False
1841,PARRUCCHIERE PER SIGNORA,VIA PELITTI GIUSEPPE N. 2 ; (z.d. 2),VIA,PELITTI GIUSEPPE,2,2412.0,2,,3.0,30.0,True,False,False,False,False
1842,PARRUCCHIERE PER SIGNORA,VIA PETROCCHI POLICARPO N. 2 ; (z.d. 2),VIA,PETROCCHI POLICARPO,2,2320.0,2,,2.0,36.0,True,False,False,False,False
1843,PARRUCCHIERE PER SIGNORA,VIA PIACENZA N. 1 ; (z.d. 5),VIA,PIACENZA,1,4064.0,5,,,,True,False,False,False,False
1844,PARRUCCHIERE PER SIGNORA,VIA PICCO MADRE ANNA EUGENIA N. 8 ingresso via celentano; (z.d. 2),VIA,PICCO MADRE ANNA EUGENIA,8,2386.0,2,,,22.0,True,False,False,False,False
1845,PARRUCCHIERE PER SIGNORA,VIA PIERLUIGI GIOVANNI DA PALESTRINA N. 36 ; (z.d. 2),VIA,PIERLUIGI GIOVANNI DA PALESTRINA,36,2235.0,2,,,39.0,True,False,False,False,False
1846,PARRUCCHIERE PER SIGNORA,VIA PIERLUIGI GIOVANNI DA PALESTRINA N. 4 ; (z.d. 3),VIA,PIERLUIGI GIOVANNI DA PALESTRINA,4,2235.0,3,,,31.0,True,False,False,False,False
1847,PARRUCCHIERE PER SIGNORA,VIA PIERO DELLA FRANCESCA N. 22 ; (z.d. 8),VIA,PIERO DELLA FRANCESCA,22,7188.0,8,,,,True,False,False,False,False
1848,PARRUCCHIERE PER SIGNORA,VIA PIERO DELLA FRANCESCA N. 38 ; (z.d. 8),VIA,PIERO DELLA FRANCESCA,38,7188.0,8,,,,True,False,False,False,False
1849,PARRUCCHIERE PER SIGNORA,VIA PIERO DELLA FRANCESCA N. 51 ; (z.d. 8),VIA,PIERO DELLA FRANCESCA,51,7188.0,8,,2.0,24.0,True,False,False,False,False
1850,PARRUCCHIERE PER SIGNORA,VIA PILO ROSOLINO N. 9 ; (z.d. 3),VIA,PILO ROSOLINO,9,2189.0,3,,,65.0,True,False,False,False,False
1851,PARRUCCHIERE PER SIGNORA,VIA PIO II N. 3 int. osp. s. carlo; (z.d. 7),VIA,PIO II,3,6832.0,7,,,61.0,True,False,False,False,False
1852,PARRUCCHIERE PER SIGNORA,VIA PISACANE CARLO N. 40 ; (z.d. 3),VIA,PISACANE CARLO,40,2188.0,3,,,,True,False,False,False,False
1853,PARRUCCHIERE PER SIGNORA,VIA PISANELLO N. 26 ; (z.d. 7),VIA,PISANELLO,26,6600.0,7,,,16.0,True,False,False,False,False
1854,PARRUCCHIERE PER SIGNORA,VIA PISANI VITTOR N. 5 piano rialzato; (z.d. 2),VIA,PISANI VITTOR,5,1201.0,2,,,72.0,True,False,False,False,False
1855,PARRUCCHIERE PER SIGNORA,VIA PISTRUCCI SCIPIONE N. 25 ; (z.d. 4),VIA,PISTRUCCI SCIPIONE,25,3215.0,4,,,21.0,True,False,False,False,False
1856,PARRUCCHIERE PER SIGNORA,VIA PLANA GIOVANNI ANTONIO N. 49 ; (z.d. 8),VIA,PLANA GIOVANNI ANTONIO,49,7177.0,8,,,38.0,True,False,False,False,False
1857,PARRUCCHIERE PER SIGNORA,VIA PLINIO CAIO SECONDO N. 39 ; (z.d. 3),VIA,PLINIO CAIO SECONDO,39,2144.0,3,,,,True,False,False,False,False
1858,PARRUCCHIERE PER SIGNORA,VIA PLINIO CAIO SECONDO N. 40 ; (z.d. 3),VIA,PLINIO CAIO SECONDO,40,2144.0,3,,,37.0,True,False,False,False,False
1859,PARRUCCHIERE PER SIGNORA,VIA PLINIO CAIO SECONDO N. 5 ; (z.d. 3),VIA,PLINIO CAIO SECONDO,5,2144.0,3,,3.0,46.0,True,False,False,False,False
1860,PARRUCCHIERE PER SIGNORA,VIA PLINIO CAIO SECONDO N. 63 ; (z.d. 3),VIA,PLINIO CAIO SECONDO,63,2144.0,3,,1.0,40.0,True,False,False,False,False
1861,PARRUCCHIERE PER SIGNORA,VIA POERIO CARLO num.04143; (z.d. 3),VIA,POERIO CARLO,,3181.0,3,,,,True,False,False,False,False
1862,PARRUCCHIERE PER SIGNORA,VIA POGGIBONSI N. 14 ; (z.d. 7),VIA,POGGIBONSI,14,6601.0,7,,,,True,False,False,False,False
1863,PARRUCCHIERE PER SIGNORA,VIA POLA N. 15 ; (z.d. 9),VIA,POLA,15,1156.0,9,,,33.0,True,False,False,False,False
1864,PARRUCCHIERE PER SIGNORA,VIA POLIZIANO num.005.; (z.d. 6),VIA,POLIZIANO,,7196.0,8,,,37.0,True,False,False,False,False
1865,PARRUCCHIERE PER SIGNORA,VIA POMA CARLO N. 18 ingr.via archimede; (z.d. 4),VIA,POMA CARLO,18,3090.0,4,,,,True,False,False,False,False
1866,PARRUCCHIERE PER SIGNORA,VIA POMPONAZZI PIETRO N. 4 ; (z.d. 5),VIA,POMPONAZZI PIETRO,4,5246.0,5,,,30.0,True,False,False,False,False
1868,PARRUCCHIERE PER SIGNORA,VIA PONALE N. 6 ; (z.d. 9),VIA,PONALE,6,1616.0,9,,,,True,False,False,False,False
1867,PARRUCCHIERE PER SIGNORA,VIA PONALE N. 66 ; (z.d. 9),VIA,PONALE,66,1616.0,9,,,39.0,True,False,False,False,False
1869,PARRUCCHIERE PER SIGNORA,VIA PONCHIELLI AMILCARE N. 1 ; (z.d. 3),VIA,PONCHIELLI AMILCARE,1,2142.0,3,,26.0,26.0,True,False,False,False,False
1870,PARRUCCHIERE PER SIGNORA,VIA PONTACCIO N. 2 ; (z.d. 1),VIA,PONTACCIO,2,143.0,1,,,30.0,True,False,False,False,False
1871,PARRUCCHIERE PER SIGNORA,VIA PONTACCIO N. 7 ; (z.d. 1),VIA,PONTACCIO,7,143.0,1,,4.0,17.0,True,False,False,False,False
1872,PARRUCCHIERE PER SIGNORA,VIA PONTE NUOVO N. 48 ; (z.d. 2),VIA,PONTE NUOVO,48,2494.0,2,,,,True,False,False,False,False
1873,PARRUCCHIERE PER SIGNORA,VIA PONTE SEVESO N. 28 ; (z.d. 2),VIA,PONTE SEVESO,28,1203.0,2,,4.0,35.0,True,False,False,False,False
1874,PARRUCCHIERE PER SIGNORA,VIA PONTE SEVESO N. 40 ; (z.d. 2),VIA,PONTE SEVESO,40,1203.0,2,,,40.0,True,False,False,False,False
1875,PARRUCCHIERE PER SIGNORA,VIA PONTE SEVESO N. 44 ; (z.d. 2),VIA,PONTE SEVESO,44,1203.0,2,,,,True,False,False,False,False
1876,PARRUCCHIERE PER SIGNORA,VIA PONTI ANDREA N. 1 ; (z.d. 6),VIA,PONTI ANDREA,1,5293.0,6,,2.0,32.0,True,False,False,False,False
1877,PARRUCCHIERE PER SIGNORA,VIA PONTI DELLA PRIULA N. 2 ; (z.d. 4),VIA,PONTI DELLA PRIULA,2,4170.0,4,,,22.0,True,False,False,False,False
1878,PARRUCCHIERE PER SIGNORA,VIA PONTI ETTORE N. 43 ; (z.d. 6),VIA,PONTI ETTORE,43,5297.0,6,,,30.0,True,False,False,False,False
1879,PARRUCCHIERE PER SIGNORA,VIA PONTI ETTORE N. 54 ; (z.d. 6),VIA,PONTI ETTORE,54,5297.0,6,,,33.0,True,False,False,False,False
1880,PARRUCCHIERE PER SIGNORA,VIA POPOLI UNITI N. 15 ; (z.d. 2),VIA,POPOLI UNITI,15,2293.0,2,,,36.0,True,False,False,False,False
1881,PARRUCCHIERE PER SIGNORA,VIA PORDENONE N. 13 ; (z.d. 3),VIA,PORDENONE,13,2650.0,3,,5.0,44.0,True,False,False,False,False
1882,PARRUCCHIERE PER SIGNORA,VIA PORDENONE N. 28 ; (z.d. 3),VIA,PORDENONE,28,2650.0,3,,,48.0,True,False,False,False,False
1883,PARRUCCHIERE PER SIGNORA,VIA PORPORA NICOLA ANTONIO N. 107 ; (z.d. 3),VIA,PORPORA NICOLA ANTONIO,107,2229.0,3,,11.0,22.0,True,False,False,False,False
1884,PARRUCCHIERE PER SIGNORA,VIA PORPORA NICOLA ANTONIO N. 126 ; (z.d. 3),VIA,PORPORA NICOLA ANTONIO,126,2229.0,3,,4.0,24.0,True,False,False,False,False
1885,PARRUCCHIERE PER SIGNORA,VIA PORPORA NICOLA ANTONIO N. 14 ; (z.d. 3),VIA,PORPORA NICOLA ANTONIO,14,2229.0,3,,2.0,18.0,True,False,False,False,False
1886,PARRUCCHIERE PER SIGNORA,VIA PORPORA NICOLA ANTONIO N. 167 ; (z.d. 3),VIA,PORPORA NICOLA ANTONIO,167,2229.0,3,,,43.0,True,False,False,False,False
1887,PARRUCCHIERE PER SIGNORA,VIA PORPORA NICOLA ANTONIO N. 89 ; (z.d. 3),VIA,PORPORA NICOLA ANTONIO,89,2229.0,3,,,37.0,True,False,False,False,False
1888,PARRUCCHIERE PER SIGNORA,VIA PORTINARI PIGELLO N. 1 ; (z.d. 2),VIA,PORTINARI PIGELLO,1,1408.0,2,,,25.0,True,False,False,False,False
1889,PARRUCCHIERE PER SIGNORA,VIA PREDA PIERO N. 2 ; (z.d. 5),VIA,PREDA PIERO,2,5245.0,5,,,,True,False,False,False,False
1890,PARRUCCHIERE PER SIGNORA,VIA PRESTINARI MARCELLO N. 5 ; (z.d. 9),VIA,PRESTINARI MARCELLO,5,1269.0,9,,,35.0,True,False,False,False,False
1891,PARRUCCHIERE PER SIGNORA,VIA PREVIATI GAETANO N. 72 ; (z.d. 7),VIA,PREVIATI GAETANO,72,6384.0,7,,,33.0,True,False,False,False,False
1892,PARRUCCHIERE PER SIGNORA,VIA PRIMATICCIO FRANCESCO N. 32 ; (z.d. 6),VIA,PRIMATICCIO FRANCESCO,32,6646.0,6,,7.0,24.0,True,False,False,False,False
1893,PARRUCCHIERE PER SIGNORA,VIA PRINA GIUSEPPE num.002a; (z.d. 8),VIA,PRINA GIUSEPPE,,7135.0,8,,,30.0,True,False,False,False,False
1894,PARRUCCHIERE PER SIGNORA,VIA PROCACCINI GIULIO CESARE N. 27 ; (z.d. 8),VIA,PROCACCINI GIULIO CESARE,27,7204.0,8,,,36.0,True,False,False,False,False
1895,PARRUCCHIERE PER SIGNORA,VIA PROCACCINI GIULIO CESARE N. 66 ; (z.d. 8),VIA,PROCACCINI GIULIO CESARE,66,7204.0,8,,,38.0,True,False,False,False,False
1896,PARRUCCHIERE PER SIGNORA,VIA PROCACCINI GIULIO CESARE N. 69 ; (z.d. 8),VIA,PROCACCINI GIULIO CESARE,69,7204.0,8,,,35.0,True,False,False,False,False
1897,PARRUCCHIERE PER SIGNORA,VIA PROCOPIO N. 5 ; (z.d. 6),VIA,PROCOPIO,5,6117.0,6,,4.0,14.0,True,False,False,False,False
1898,PARRUCCHIERE PER SIGNORA,VIA PULCI LUIGI N. 14 ; (z.d. 9),VIA,PULCI LUIGI,14,1622.0,9,,,,True,False,False,False,False
1899,PARRUCCHIERE PER SIGNORA,VIA QUADRONNO N. 34 ; (z.d. 1),VIA,QUADRONNO,34,4021.0,1,,,25.0,True,False,False,False,False
1900,PARRUCCHIERE PER SIGNORA,VIA QUARENGHI GIACOMO N. 34 ; (z.d. 8),VIA,QUARENGHI GIACOMO,34,7478.0,8,,,37.0,True,False,False,False,False
1901,PARRUCCHIERE PER SIGNORA,VIA QUINTO ROMANO N. 52 ; (z.d. 7),VIA,QUINTO ROMANO,52,6333.0,7,,7.0,27.0,True,False,False,False,False
1902,PARRUCCHIERE PER SIGNORA,VIA QUINTO ROMANO N. 70 ; (z.d. 7),VIA,QUINTO ROMANO,70,6333.0,7,,,24.0,True,False,False,False,False
1903,PARRUCCHIERE PER SIGNORA,VIA RASORI GIOVANNI N. 12 ; (z.d. 7),VIA,RASORI GIOVANNI,12,6190.0,7,,,22.0,True,False,False,False,False
1904,PARRUCCHIERE PER SIGNORA,VIA RASORI GIOVANNI N. 2 ; (z.d. 7),VIA,RASORI GIOVANNI,2,6190.0,7,,,59.0,True,False,False,False,False
1905,PARRUCCHIERE PER SIGNORA,VIA RASORI GIOVANNI N. 8 ; (z.d. 7),VIA,RASORI GIOVANNI,8,6190.0,7,,,32.0,True,False,False,False,False
1906,PARRUCCHIERE PER SIGNORA,VIA RAVIZZA CARLO N. 24 ; (z.d. 7),VIA,RAVIZZA CARLO,24,6285.0,7,,,,True,False,False,False,False
1907,PARRUCCHIERE PER SIGNORA,VIA REGALDI GIUSEPPE N. 21 ; (z.d. 9),VIA,REGALDI GIUSEPPE,21,1578.0,9,,,25.0,True,False,False,False,False
1908,PARRUCCHIERE PER SIGNORA,VIA REMBRANDT N. 12 ; (z.d. 7),VIA,REMBRANDT,12,6618.0,7,,,12.0,True,False,False,False,False
1909,PARRUCCHIERE PER SIGNORA,VIA REMBRANDT N. 22 ; (z.d. 7),VIA,REMBRANDT,22,6618.0,7,,5.0,40.0,True,False,False,False,False
1910,PARRUCCHIERE PER SIGNORA,VIA REMBRANDT N. 27 ; (z.d. 7),VIA,REMBRANDT,27,6618.0,7,,,20.0,True,False,False,False,False
1911,PARRUCCHIERE PER SIGNORA,VIA REMBRANDT N. 49 ; (z.d. 7),VIA,REMBRANDT,49,6618.0,7,,3.0,39.0,True,False,False,False,False
1912,PARRUCCHIERE PER SIGNORA,VIA REMBRANDT N. 58 ; (z.d. 7),VIA,REMBRANDT,58,6618.0,7,,4.0,45.0,True,False,False,False,False
1913,PARRUCCHIERE PER SIGNORA,VIA REMBRANDT N. 67 ; (z.d. 7),VIA,REMBRANDT,67,6618.0,7,,,24.0,True,False,False,False,False
1914,PARRUCCHIERE PER SIGNORA,VIA REMBRANDT N. 69 ; (z.d. 7),VIA,REMBRANDT,69,6618.0,7,,,28.0,True,False,False,False,False
1915,PARRUCCHIERE PER SIGNORA,VIA REZIA N. 8 ; (z.d. 4),VIA,REZIA,8,3200.0,4,,,23.0,True,False,False,False,False
1916,PARRUCCHIERE PER SIGNORA,VIA RICCIARELLI DANIELE N. 45 ; (z.d. 7),VIA,RICCIARELLI DANIELE,45,6553.0,7,,,29.0,True,False,False,False,False
1917,PARRUCCHIERE PER SIGNORA,VIA RICORDI GIOVANNI N. 2 ; (z.d. 3),VIA,RICORDI GIOVANNI,2,2251.0,3,,,,True,False,False,False,False
1918,PARRUCCHIERE PER SIGNORA,VIA RIMINI N. 23 ; (z.d. 6),VIA,RIMINI,23,5267.0,6,,,41.0,True,False,False,False,False
1919,PARRUCCHIERE PER SIGNORA,VIA RIMINI N. 5 ; (z.d. 5),VIA,RIMINI,5,5267.0,5,,,,True,False,False,False,False
1920,PARRUCCHIERE PER SIGNORA,VIA RIPAMONTI GIUSEPPE N. 113 ; (z.d. 5),VIA,RIPAMONTI GIUSEPPE,113,4066.0,5,,,,True,False,False,False,False
1921,PARRUCCHIERE PER SIGNORA,VIA RIPAMONTI GIUSEPPE N. 184 ; (z.d. 5),VIA,RIPAMONTI GIUSEPPE,184,4066.0,5,,,26.0,True,False,False,False,False
1922,PARRUCCHIERE PER SIGNORA,VIA RIPAMONTI GIUSEPPE N. 190 ; (z.d. 5),VIA,RIPAMONTI GIUSEPPE,190,4066.0,5,,,,True,False,False,False,False
1923,PARRUCCHIERE PER SIGNORA,VIA RIPAMONTI GIUSEPPE N. 193 ; (z.d. 5),VIA,RIPAMONTI GIUSEPPE,193,4066.0,5,,5.0,21.0,True,False,False,False,False
1924,PARRUCCHIERE PER SIGNORA,VIA RIPAMONTI GIUSEPPE N. 218 ; (z.d. 5),VIA,RIPAMONTI GIUSEPPE,218,4066.0,5,,,23.0,True,False,False,False,False
1925,PARRUCCHIERE PER SIGNORA,VIA RIPAMONTI GIUSEPPE N. 219 ; (z.d. 5),VIA,RIPAMONTI GIUSEPPE,219,4066.0,5,,,44.0,True,False,False,False,False
1926,PARRUCCHIERE PER SIGNORA,VIA RIPAMONTI GIUSEPPE N. 236 ; (z.d. 5),VIA,RIPAMONTI GIUSEPPE,236,4066.0,5,,,30.0,True,False,False,False,False
1927,PARRUCCHIERE PER SIGNORA,VIA RIPAMONTI GIUSEPPE N. 9 ; (z.d. 5),VIA,RIPAMONTI GIUSEPPE,9,4066.0,5,,1.0,42.0,True,False,False,False,False
1928,PARRUCCHIERE PER SIGNORA,VIA RIPAMONTI GIUSEPPE num.199.; (z.d. 5),VIA,VAL DI SOLE,22,4295.0,5,,,18.0,True,False,False,False,False
1929,PARRUCCHIERE PER SIGNORA,VIA RISMONDO FRANCESCO N. 2 ; (z.d. 7),VIA,RISMONDO FRANCESCO,2,6756.0,7,,,30.0,True,False,False,False,False
1930,PARRUCCHIERE PER SIGNORA,VIA RISMONDO FRANCESCO N. 30 ; (z.d. 7),VIA,RISMONDO FRANCESCO,30,6756.0,7,,6.0,36.0,True,False,False,False,False
1931,PARRUCCHIERE PER SIGNORA,VIA RISMONDO FRANCESCO N. 5 ; (z.d. 7),VIA,RISMONDO FRANCESCO,5,6756.0,7,,3.0,12.0,True,False,False,False,False
1932,PARRUCCHIERE PER SIGNORA,VIA RISMONDO FRANCESCO N. 9 ; (z.d. 7),VIA,RISMONDO FRANCESCO,9,6756.0,7,,,,True,False,False,False,False
1933,PARRUCCHIERE PER SIGNORA,VIA RIVA DI TRENTO N. 2 ; (z.d. 4),VIA,RIVA DI TRENTO,2,4155.0,4,,5.0,14.0,True,False,False,False,False
1934,PARRUCCHIERE PER SIGNORA,VIA ROCCA D'ANFO N. 4 ; (z.d. 9),VIA,ROCCA D'ANFO,4,1556.0,9,,,28.0,True,False,False,False,False
1935,PARRUCCHIERE PER SIGNORA,VIA ROMBON N. 29 ; (z.d. 3),VIA,ROMBON,29,2659.0,3,,38.0,30.0,True,False,False,False,False
1936,PARRUCCHIERE PER SIGNORA,VIA ROMBON N. 38 ; (z.d. 3),VIA,ROMBON,38,2659.0,3,,1.0,16.0,True,False,False,False,False
1937,PARRUCCHIERE PER SIGNORA,VIA ROMBON N. 44 ; (z.d. 3),VIA,ROMBON,44,2659.0,3,,2.0,37.0,True,False,False,False,False
1938,PARRUCCHIERE PER SIGNORA,VIA ROMEO NICOLA N. 6 ; (z.d. 5),VIA,ROMEO NICOLA,6,5479.0,5,,,57.0,True,False,False,False,False
1939,PARRUCCHIERE PER SIGNORA,VIA ROMILLI ARCIVESCOVO N. 24 ; (z.d. 5),VIA,ROMILLI ARCIVESCOVO,24,4154.0,5,,,20.0,True,False,False,False,False
1940,PARRUCCHIERE PER SIGNORA,VIA ROMILLI ARCIVESCOVO N. 29 ; (z.d. 4),VIA,ROMILLI ARCIVESCOVO,29,4154.0,4,,,39.0,True,False,False,False,False
1941,PARRUCCHIERE PER SIGNORA,VIA RONCAGLIA N. 35 ; (z.d. 6),VIA,RONCAGLIA,35,6122.0,6,,4.0,30.0,True,False,False,False,False
1942,PARRUCCHIERE PER SIGNORA,VIA RONCHI N. 35 ; (z.d. 3),VIA,RONCHI,35,2655.0,3,,,21.0,True,False,False,False,False
1943,PARRUCCHIERE PER SIGNORA,VIA RONCHI N. 35 ; (z.d. 3),VIA,RONCHI,35,2655.0,3,,,26.0,True,False,False,False,False
1944,PARRUCCHIERE PER SIGNORA,VIA RONCHI num.037; (z.d. 3),VIA,CARNIA,31,2395.0,3,,19.0,29.0,True,False,False,False,False
1945,PARRUCCHIERE PER SIGNORA,VIA ROSMINI ANTONIO N. 7 ; (z.d. 1),VIA,ROSMINI ANTONIO,7,7132.0,1,,,35.0,True,False,False,False,False
1946,PARRUCCHIERE PER SIGNORA,VIA ROSMINI ANTONIO num.001a; (z.d. 1),VIA,ROSMINI ANTONIO,,7132.0,1,,,20.0,True,False,False,False,False
1947,PARRUCCHIERE PER SIGNORA,VIA ROSSI PELLEGRINO N. 22 ; (z.d. 9),VIA,ROSSI PELLEGRINO,22,1510.0,9,,,,True,False,False,False,False
1948,PARRUCCHIERE PER SIGNORA,VIA ROSSI PELLEGRINO N. 59 ; (z.d. 9),VIA,ROSSI PELLEGRINO,59,1510.0,9,,,,True,False,False,False,False
1949,PARRUCCHIERE PER SIGNORA,VIA ROSSI PELLEGRINO N. 91 ingr.v.armellini; (z.d. 9),VIA,ROSSI PELLEGRINO,91,1510.0,9,,,,True,False,False,False,False
1950,PARRUCCHIERE PER SIGNORA,VIA ROVERETO N. 12 ; (z.d. 2),VIA,ROVERETO,12,2300.0,2,,,31.0,True,False,False,False,False
1951,PARRUCCHIERE PER SIGNORA,VIA RUBENS PIETRO N. 22 ; (z.d. 7),VIA,RUBENS PIETRO,22,6597.0,7,,4.0,16.0,True,False,False,False,False
1952,PARRUCCHIERE PER SIGNORA,VIA RUCELLAI BERNARDO N. 12 ; (z.d. 2),VIA,RUCELLAI BERNARDO,12,2345.0,2,,,24.0,True,False,False,False,False
1953,PARRUCCHIERE PER SIGNORA,VIA RUCELLAI BERNARDO N. 50 ; (z.d. 2),VIA,RUCELLAI BERNARDO,50,2345.0,2,,,,True,False,False,False,False
1954,PARRUCCHIERE PER SIGNORA,VIA RUGGERO DI LAURIA N. 20 ; (z.d. 8),VIA,RUGGERO DI LAURIA,20,7163.0,8,,,36.0,True,False,False,False,False
1955,PARRUCCHIERE PER SIGNORA,VIA RUSSO VINCENZO N. 8 ; (z.d. 2),VIA,RUSSO VINCENZO,8,2328.0,2,,,38.0,True,False,False,False,False
2011,PARRUCCHIERE PER SIGNORA,VIA S. GIOV. SUL MURO N. 15 ; (z.d. 1),VIA,S. GIOV. SUL MURO,15,609.0,1,,,,True,False,False,False,False
1956,PARRUCCHIERE PER SIGNORA,VIA SACCO LUIGI N. 3 ; (z.d. 7),VIA,SACCO LUIGI,3,6275.0,7,,,88.0,True,False,False,False,False
1957,PARRUCCHIERE PER SIGNORA,VIA SAINT BON SIMONE N. 2 ; (z.d. 7),VIA,SAINT BON SIMONE,2,6670.0,7,,,16.0,True,False,False,False,False
1958,PARRUCCHIERE PER SIGNORA,VIA SALVEMINI GAETANO N. 3 ; (z.d. 9),VIA,SALVEMINI GAETANO,3,1678.0,9,,,,True,False,False,False,False
1959,PARRUCCHIERE PER SIGNORA,VIA SALVINI TOMMASO N. 3 ; (z.d. 1),VIA,SALVINI TOMMASO,3,2175.0,1,,,47.0,True,False,False,False,False
1960,PARRUCCHIERE PER SIGNORA,VIA SAMBUCO piano rialzato num.0053; (z.d. 1),VIA,SANTA TECLA,5,321.0,1,,,,True,False,False,False,False
1961,PARRUCCHIERE PER SIGNORA,VIA SAMMARTINI GIOVANNI BATTISTA N. 41 ; (z.d. 2),VIA,SAMMARTINI GIOVANNI BATTISTA,41,1202.0,2,,,19.0,True,False,False,False,False
1962,PARRUCCHIERE PER SIGNORA,VIA SAN BERNARDO N. 32 ; (z.d. 5),VIA,SAN BERNARDO,32,4351.0,5,,,,True,False,False,False,False
1963,PARRUCCHIERE PER SIGNORA,VIA SAN FAUSTINO N. 8 ; (z.d. 3),VIA,SAN FAUSTINO,8,2681.0,3,,,53.0,True,False,False,False,False
1965,PARRUCCHIERE PER SIGNORA,VIA SAN GREGORIO N. 53 ; (z.d. 2),VIA,SAN GREGORIO,53,2123.0,2,,,,True,False,False,False,False
1966,PARRUCCHIERE PER SIGNORA,VIA SAN MAMETE N. 15 ; (z.d. 2),VIA,SAN MAMETE,15,2413.0,2,,,34.0,True,False,False,False,False
1967,PARRUCCHIERE PER SIGNORA,VIA SAN MARCO N. 28 ; (z.d. 1),VIA,SAN MARCO,28,1036.0,1,,,,True,False,False,False,False
1968,PARRUCCHIERE PER SIGNORA,VIA SAN MARTINO N. 15 ; (z.d. 1),VIA,SAN MARTINO,15,4016.0,1,,,,True,False,False,False,False
1969,PARRUCCHIERE PER SIGNORA,VIA SAN MAURILIO N. 1 ; (z.d. 1),VIA,SAN MAURILIO,1,563.0,1,,,28.0,True,False,False,False,False
1970,PARRUCCHIERE PER SIGNORA,VIA SAN PAOLINO N. 18 ; (z.d. 6),VIA,SAN PAOLINO,18,5425.0,6,,,,True,False,False,False,False
1971,PARRUCCHIERE PER SIGNORA,VIA SAN PIETRO ALL'ORTO N. 26 piano rialzato; (z.d. 1),VIA,SAN PIETRO ALL'ORTO,26,213.0,1,,,87.0,True,False,False,False,False
1972,PARRUCCHIERE PER SIGNORA,VIA SAN SIRO N. 16 ; (z.d. 7),VIA,SAN SIRO,16,6282.0,7,,15.0,40.0,True,False,False,False,False
1980,PARRUCCHIERE PER SIGNORA,VIA SAN TOMASO N. 6 ; (z.d. 1),VIA,SAN TOMASO,6,723.0,1,,,,True,False,False,False,False
1981,PARRUCCHIERE PER SIGNORA,VIA SAN TOMASO N. 8 ; (z.d. 1),VIA,SAN TOMASO,8,723.0,1,,,23.0,True,False,False,False,False
1964,PARRUCCHIERE PER SIGNORA,VIA SANFELICE LUISA N. 7 ; (z.d. 4),VIA,SANFELICE LUISA,7,3224.0,4,,,25.0,True,False,False,False,False
1974,PARRUCCHIERE PER SIGNORA,VIA SANT' AMPELLIO N. 16 ; (z.d. 5),VIA,SANT' AMPELLIO,16,5253.0,5,,10.0,16.0,True,False,False,False,False
1975,PARRUCCHIERE PER SIGNORA,VIA SANT' ANDREA N. 2 ; (z.d. 1),VIA,SANT' ANDREA,2,222.0,1,,,85.0,True,False,False,False,False
1982,PARRUCCHIERE PER SIGNORA,VIA SANT' UGUZZONE N. 21 ; (z.d. 2),VIA,SANT' UGUZZONE,21,2448.0,2,,,28.0,True,False,False,False,False
1973,PARRUCCHIERE PER SIGNORA,VIA SANTA MONICA N. 3 ; (z.d. 9),VIA,SANTA MONICA,3,1448.0,9,,,,True,False,False,False,False
1976,PARRUCCHIERE PER SIGNORA,VIA SANTA RADEGONDA N. 3 interno rinascente 8ø piano; (z.d. 1),VIA,SANTA RADEGONDA,3,208.0,1,,,,True,False,False,False,False
1977,PARRUCCHIERE PER SIGNORA,VIA SANTA RITA DA CASCIA N. 74 ; (z.d. 6),VIA,SANTA RITA DA CASCIA,74,5301.0,6,,,29.0,True,False,False,False,False
1978,PARRUCCHIERE PER SIGNORA,VIA SANTA SOFIA N. 24 ; (z.d. 1),VIA,SANTA SOFIA,24,408.0,1,,,49.0,True,False,False,False,False
1979,PARRUCCHIERE PER SIGNORA,VIA SANTA TERESA num.020a; (z.d. 5),VIA,SANTA TERESA,,5314.0,5,,,,True,False,False,False,False
1983,PARRUCCHIERE PER SIGNORA,VIA SANZIO RAFFAELLO N. 16 ; (z.d. 7),VIA,SANZIO RAFFAELLO,16,6283.0,7,,,32.0,True,False,False,False,False
1984,PARRUCCHIERE PER SIGNORA,VIA SANZIO RAFFAELLO N. 26 ; (z.d. 7),VIA,SANZIO RAFFAELLO,26,6283.0,7,,,,True,False,False,False,False
1985,PARRUCCHIERE PER SIGNORA,VIA SAPONARO MICHELE N. 36 ; (z.d. 5),VIA,SAPONARO MICHELE,36,5432.0,5,,,15.0,True,False,False,False,False
1986,PARRUCCHIERE PER SIGNORA,VIA SAPRI N. 89 ; (z.d. 8),VIA,SAPRI,89,7441.0,8,,,73.0,True,False,False,False,False
1987,PARRUCCHIERE PER SIGNORA,VIA SARDEGNA N. 31 ; (z.d. 7),VIA,SARDEGNA,31,6265.0,7,,,31.0,True,False,False,False,False
1988,PARRUCCHIERE PER SIGNORA,VIA SATTA SEBASTIANO N. 3 ; (z.d. 8),VIA,SATTA SEBASTIANO,3,7352.0,8,,,,True,False,False,False,False
1989,PARRUCCHIERE PER SIGNORA,VIA SAULI SANT' ALESSANDRO N. 9 ; (z.d. 2),VIA,SAULI SANT' ALESSANDRO,9,2273.0,2,,3.0,25.0,True,False,False,False,False
1990,PARRUCCHIERE PER SIGNORA,VIA SAVOLDO GIAN GIROLAMO N. 4 ; (z.d. 9),VIA,SAVOLDO GIAN GIROLAMO,4,1691.0,9,,,17.0,True,False,False,False,False
1991,PARRUCCHIERE PER SIGNORA,VIA SAVONA N. 45 ; (z.d. 6),VIA,SAVONA,45,5122.0,6,,,,True,False,False,False,False
1992,PARRUCCHIERE PER SIGNORA,VIA SAVONA N. 61 ; (z.d. 6),VIA,SAVONA,61,5122.0,6,,,60.0,True,False,False,False,False
1993,PARRUCCHIERE PER SIGNORA,VIA SAVONA N. 80 ; (z.d. 6),VIA,SAVONA,80,5122.0,6,,,,True,False,False,False,False
1994,PARRUCCHIERE PER SIGNORA,VIA SCALVINI GIOVITA N. 3 ; (z.d. 9),VIA,SCALVINI GIOVITA,3,1265.0,9,,,28.0,True,False,False,False,False
1995,PARRUCCHIERE PER SIGNORA,VIA SCANINI ALESSANDRO N. 15 ; (z.d. 7),VIA,SCANINI ALESSANDRO,15,6755.0,7,,10.0,30.0,True,False,False,False,False
1996,PARRUCCHIERE PER SIGNORA,VIA SCROSATI LUIGI N. 8 ; (z.d. 6),VIA,SCROSATI LUIGI,8,6488.0,6,,,21.0,True,False,False,False,False
1997,PARRUCCHIERE PER SIGNORA,VIA SEBASTIANO DEL PIOMBO N. 4 ; (z.d. 8),VIA,SEBASTIANO DEL PIOMBO,4,6397.0,8,,4.0,68.0,True,False,False,False,False
1998,PARRUCCHIERE PER SIGNORA,VIA SEBENICO N. 14 ; (z.d. 9),VIA,SEBENICO,14,1131.0,9,,,23.0,True,False,False,False,False
1999,PARRUCCHIERE PER SIGNORA,VIA SEBINO N. 19 ; (z.d. 4),VIA,SEBINO,19,4092.0,4,,,22.0,True,False,False,False,False
2000,PARRUCCHIERE PER SIGNORA,VIA SEBINO N. 8 ; (z.d. 4),VIA,SEBINO,8,4092.0,4,,,,True,False,False,False,False
2001,PARRUCCHIERE PER SIGNORA,VIA SENATO N. 2 ; (z.d. 1),VIA,SENATO,2,236.0,1,,,131.0,True,False,False,False,False
2002,PARRUCCHIERE PER SIGNORA,VIA SERAO MATILDE N. 7 ; (z.d. 7),VIA,SERAO MATILDE,7,6241.0,7,,,32.0,True,False,False,False,False
2003,PARRUCCHIERE PER SIGNORA,VIA SERCOGNANI GIUSEPPE N. 4 ; (z.d. 8),VIA,SERCOGNANI GIUSEPPE,4,7281.0,8,,,42.0,True,False,False,False,False
2004,PARRUCCHIERE PER SIGNORA,VIA SERLIO SEBASTIANO N. 11 ; (z.d. 4),VIA,SERLIO SEBASTIANO,11,4176.0,4,,,34.0,True,False,False,False,False
2005,PARRUCCHIERE PER SIGNORA,VIA SETTALA LODOVICO N. 20 ; (z.d. 3),VIA,SETTALA LODOVICO,20,2111.0,3,,,26.0,True,False,False,False,False
2006,PARRUCCHIERE PER SIGNORA,VIA SETTALA LODOVICO N. 9 ; (z.d. 3),VIA,SETTALA LODOVICO,9,2111.0,3,,5.0,31.0,True,False,False,False,False
2009,PARRUCCHIERE PER SIGNORA,VIA SETTEMBRINI LUIGI N. 2 ; (z.d. 3),VIA,SETTEMBRINI LUIGI,2,2127.0,3,,10.0,,True,False,False,False,False
2007,PARRUCCHIERE PER SIGNORA,VIA SETTEMBRINI LUIGI N. 29 ; (z.d. 2),VIA,SETTEMBRINI LUIGI,29,2127.0,2,,2.0,17.0,True,False,False,False,False
2008,PARRUCCHIERE PER SIGNORA,VIA SETTEMBRINI LUIGI N. 29 ; (z.d. 2),VIA,SETTEMBRINI LUIGI,29,2127.0,2,,,32.0,True,False,False,False,False
2010,PARRUCCHIERE PER SIGNORA,VIA SFORZA ASCANIO N. 81 ; (z.d. 5),VIA,SFORZA ASCANIO,81,5201.0,5,,,,True,False,False,False,False
2012,PARRUCCHIERE PER SIGNORA,VIA SIGIERI GOFFREDO N. 6 ; (z.d. 4),VIA,SIGIERI GOFFREDO,6,4080.0,4,,,,True,False,False,False,False
2013,PARRUCCHIERE PER SIGNORA,VIA SILVA GUGLIELMO N. 29 ; (z.d. 8),VIA,SILVA GUGLIELMO,29,6400.0,8,,,20.0,True,False,False,False,False
2014,PARRUCCHIERE PER SIGNORA,VIA SILVA GUGLIELMO N. 35 ; (z.d. 8),VIA,SILVA GUGLIELMO,35,6400.0,8,,,24.0,True,False,False,False,False
2015,PARRUCCHIERE PER SIGNORA,VIA SILVA GUGLIELMO N. 45 ; (z.d. 8),VIA,SILVA GUGLIELMO,45,6400.0,8,,,17.0,True,False,False,False,False
2016,PARRUCCHIERE PER SIGNORA,VIA SIMONETTA CICCO N. 17 ; (z.d. 1),VIA,SIMONETTA CICCO,17,5168.0,1,,,,True,False,False,False,False
2017,PARRUCCHIERE PER SIGNORA,VIA SIRTORI GIUSEPPE N. 13 ; (z.d. 3),VIA,SIRTORI GIUSEPPE,13,2180.0,3,,,,True,False,False,False,False
2018,PARRUCCHIERE PER SIGNORA,VIA SISMONDI GIANCARLO N. 36 ; (z.d. 4),VIA,SISMONDI GIANCARLO,36,3256.0,4,,,43.0,True,False,False,False,False
2019,PARRUCCHIERE PER SIGNORA,VIA SISMONDI GIANCARLO N. 48 ; (z.d. 4),VIA,SISMONDI GIANCARLO,48,3256.0,4,,,32.0,True,False,False,False,False
2020,PARRUCCHIERE PER SIGNORA,VIA SLATAPER SCIPIO N. 19 ; (z.d. 2),VIA,SLATAPER SCIPIO,19,1348.0,2,,,41.0,True,False,False,False,False
2021,PARRUCCHIERE PER SIGNORA,VIA SODERINI LUIGI N. 25 ; (z.d. 6),VIA,SODERINI LUIGI,25,6675.0,6,,3.0,25.0,True,False,False,False,False
2022,PARRUCCHIERE PER SIGNORA,VIA SODERINI LUIGI N. 9 ; (z.d. 6),VIA,SODERINI LUIGI,9,6675.0,6,,,31.0,True,False,False,False,False
2023,PARRUCCHIERE PER SIGNORA,VIA SOLARI ANDREA N. 1 ; (z.d. 6),VIA,SOLARI ANDREA,1,5111.0,6,,,50.0,True,False,False,False,False
2024,PARRUCCHIERE PER SIGNORA,VIA SOLARI ANDREA N. 23 ; (z.d. 6),VIA,SOLARI ANDREA,23,5111.0,6,,,24.0,True,False,False,False,False
2025,PARRUCCHIERE PER SIGNORA,VIA SOLARI ANDREA N. 3 ; (z.d. 6),VIA,SOLARI ANDREA,3,5111.0,6,,,30.0,True,False,False,False,False
2026,PARRUCCHIERE PER SIGNORA,VIA SOLARI ANDREA N. 40 ; (z.d. 6),VIA,SOLARI ANDREA,40,5111.0,6,,,,True,False,False,False,False
2027,PARRUCCHIERE PER SIGNORA,VIA SOLARI ANDREA N. 48 ; (z.d. 6),VIA,SOLARI ANDREA,48,5111.0,6,,,30.0,True,False,False,False,False
2028,PARRUCCHIERE PER SIGNORA,VIA SOLFERINO N. 25 ; (z.d. 1),VIA,SOLFERINO,25,1028.0,1,,,50.0,True,False,False,False,False
2029,PARRUCCHIERE PER SIGNORA,VIA SOTTOCORNO PASQUALE N. 2 ; (z.d. 4),VIA,SOTTOCORNO PASQUALE,2,3152.0,4,,,30.0,True,False,False,False,False
2030,PARRUCCHIERE PER SIGNORA,VIA SOTTOCORNO PASQUALE N. 3 ; (z.d. 4),VIA,SOTTOCORNO PASQUALE,3,3152.0,4,,7.0,24.0,True,False,False,False,False
2031,PARRUCCHIERE PER SIGNORA,VIA SPARTACO N. 38 ; (z.d. 4),VIA,SPARTACO,38,3186.0,4,,,43.0,True,False,False,False,False
2032,PARRUCCHIERE PER SIGNORA,VIA SPONTINI GASPARE N. 10 ; (z.d. 3),VIA,SPONTINI GASPARE,10,2141.0,3,,,68.0,True,False,False,False,False
2033,PARRUCCHIERE PER SIGNORA,VIA STAMPA N. 1 ; (z.d. 1),VIA,STAMPA,1,538.0,1,,4.0,17.0,True,False,False,False,False
2034,PARRUCCHIERE PER SIGNORA,VIA STAZIO CECILIO N. 11 ; (z.d. 2),VIA,STAZIO CECILIO,11,2280.0,2,,2.0,35.0,True,False,False,False,False
2035,PARRUCCHIERE PER SIGNORA,VIA STEPHENSON GIORGIO N. 4 ; (z.d. 8),VIA,STEPHENSON GIORGIO,4,7456.0,8,,,38.0,True,False,False,False,False
2036,PARRUCCHIERE PER SIGNORA,VIA STOPPANI ANTONIO N. 12 ; (z.d. 3),VIA,STOPPANI ANTONIO,12,2163.0,3,,,52.0,True,False,False,False,False
2037,PARRUCCHIERE PER SIGNORA,VIA STOPPANI ANTONIO N. 15 ; (z.d. 3),VIA,STOPPANI ANTONIO,15,2163.0,3,,3.0,21.0,True,False,False,False,False
2038,PARRUCCHIERE PER SIGNORA,VIA STRADELLA ALESSANDRO N. 1 ang.via eustachi; (z.d. 3),VIA,STRADELLA ALESSANDRO,1,2170.0,3,,,,True,False,False,False,False
2039,PARRUCCHIERE PER SIGNORA,VIA STRESA N. 16 ; (z.d. 2),VIA,STRESA,16,1396.0,2,,,,True,False,False,False,False
2040,PARRUCCHIERE PER SIGNORA,VIA SULMONA N. 23 ; (z.d. 4),VIA,SULMONA,23,4180.0,4,,,24.0,True,False,False,False,False
2041,PARRUCCHIERE PER SIGNORA,VIA TADINO ALESSANDRO N. 18 ; (z.d. 3),VIA,TADINO ALESSANDRO,18,2109.0,3,,,,True,False,False,False,False
2042,PARRUCCHIERE PER SIGNORA,VIA TAGIURA N. 10 ; (z.d. 6),VIA,TAGIURA,10,6125.0,6,,,38.0,True,False,False,False,False
2043,PARRUCCHIERE PER SIGNORA,VIA TAGLIAMENTO N. 5 ; (z.d. 4),VIA,TAGLIAMENTO,5,4147.0,4,,18.0,14.0,True,False,False,False,False
2044,PARRUCCHIERE PER SIGNORA,VIA TARRA GIULIO N. 6 ; (z.d. 2),VIA,TARRA GIULIO,6,1198.0,2,,,27.0,True,False,False,False,False
2045,PARRUCCHIERE PER SIGNORA,VIA TARTINI GIUSEPPE N. 37 ingresso da via candiani; (z.d. 9),VIA,TARTINI GIUSEPPE,37,1501.0,9,,,,True,False,False,False,False
2046,PARRUCCHIERE PER SIGNORA,VIA TAVAZZANO N. 10 ; (z.d. 8),VIA,TAVAZZANO,10,7335.0,8,,,,True,False,False,False,False
2047,PARRUCCHIERE PER SIGNORA,VIA TAVAZZANO N. 14 ; (z.d. 8),VIA,TAVAZZANO,14,7335.0,8,,,42.0,True,False,False,False,False
2049,PARRUCCHIERE PER SIGNORA,VIA TEANO N. 2 ; (z.d. 9),VIA,TEANO,2,1632.0,9,,2.0,48.0,True,False,False,False,False
2048,PARRUCCHIERE PER SIGNORA,VIA TEANO N. 28 ; (z.d. 9),VIA,TEANO,28,1632.0,9,,3.0,72.0,True,False,False,False,False
2050,PARRUCCHIERE PER SIGNORA,VIA TEODOSIO N. 20 ; (z.d. 3),VIA,TEODOSIO,20,2550.0,3,,3.0,30.0,True,False,False,False,False
2051,PARRUCCHIERE PER SIGNORA,VIA TEODOSIO N. 33 ; (z.d. 3),VIA,TEODOSIO,33,2550.0,3,ACCONCIATORE,,,True,False,False,False,False
2052,PARRUCCHIERE PER SIGNORA,VIA TEODOSIO N. 56 ; (z.d. 3),VIA,TEODOSIO,56,2550.0,3,,,,True,False,False,False,False
2053,PARRUCCHIERE PER SIGNORA,VIA TERAMO N. 31 ; (z.d. 6),VIA,TERAMO,31,5365.0,6,,,44.0,True,False,False,False,False
2054,PARRUCCHIERE PER SIGNORA,VIA TERTULLIANO N. 35 ; (z.d. 4),VIA,TERTULLIANO,35,4094.0,4,,,35.0,True,False,False,False,False
2055,PARRUCCHIERE PER SIGNORA,VIA TEULIE' PIETRO N. 5 ; (z.d. 5),VIA,TEULIE' PIETRO,5,4040.0,5,,,,True,False,False,False,False
2056,PARRUCCHIERE PER SIGNORA,VIA THAON DI REVEL GENOVA N. 10 ; (z.d. 9),VIA,THAON DI REVEL GENOVA,10,1172.0,9,,,,True,False,False,False,False
2057,PARRUCCHIERE PER SIGNORA,VIA TIEPOLO GIAN BATTISTA N. 1 ; (z.d. 3),VIA,TIEPOLO GIAN BATTISTA,1,3126.0,3,,4.0,19.0,True,False,False,False,False
2058,PARRUCCHIERE PER SIGNORA,VIA TIRABOSCHI GEROLAMO N. 6 ; (z.d. 4),VIA,TIRABOSCHI GEROLAMO,6,4072.0,4,,2.0,,True,False,False,False,False
2059,PARRUCCHIERE PER SIGNORA,VIA TIRSO N. 4 ; (z.d. 5),VIA,TIRSO,4,4230.0,5,,,,True,False,False,False,False
2060,PARRUCCHIERE PER SIGNORA,VIA TITO LIVIO N. 33 ; (z.d. 4),VIA,TITO LIVIO,33,4086.0,4,,,31.0,True,False,False,False,False
2061,PARRUCCHIERE PER SIGNORA,VIA TOLMEZZO num.005; (z.d. 3),VIA,PORDENONE,13,2650.0,3,,2.0,24.0,True,False,False,False,False
2062,PARRUCCHIERE PER SIGNORA,VIA TOLSTOI LEONE N. 31 ; (z.d. 6),VIA,TOLSTOI LEONE,31,5133.0,6,,,26.0,True,False,False,False,False
2063,PARRUCCHIERE PER SIGNORA,VIA TOLSTOI LEONE N. 40 ; (z.d. 6),VIA,TOLSTOI LEONE,40,5133.0,6,,,40.0,True,False,False,False,False
2064,PARRUCCHIERE PER SIGNORA,VIA TORRE CARLO N. 45 ; (z.d. 6),VIA,TORRE CARLO,45,5271.0,6,,,,True,False,False,False,False
2065,PARRUCCHIERE PER SIGNORA,VIA TORRICELLI EVANGELISTA N. 10 ; (z.d. 5),VIA,TORRICELLI EVANGELISTA,10,5240.0,5,,,26.0,True,False,False,False,False
2066,PARRUCCHIERE PER SIGNORA,VIA TOSCOLANO N. 1 ; (z.d. 4),VIA,TOSCOLANO,1,3362.0,4,,,,True,False,False,False,False
2067,PARRUCCHIERE PER SIGNORA,VIA TRAIANO MARCO ULPIO N. 11 ; (z.d. 9),VIA,TRAIANO MARCO ULPIO,11,7157.0,8,,,52.0,True,False,False,False,False
2068,PARRUCCHIERE PER SIGNORA,VIA TRAIANO MARCO ULPIO N. 62 ; (z.d. 9),VIA,TRAIANO MARCO ULPIO,62,7157.0,8,,,34.0,True,False,False,False,False
2069,PARRUCCHIERE PER SIGNORA,VIA TRAU' N. 2 piano terra; (z.d. 9),VIA,TRAU',2,1154.0,9,,14.0,73.0,True,False,False,False,False
2070,PARRUCCHIERE PER SIGNORA,VIA TRIESTE N. 15 ; (z.d. 7),VIA,TRIESTE,15,6261.0,7,,,60.0,True,False,False,False,False
2071,PARRUCCHIERE PER SIGNORA,VIA TRILUSSA N. 15 tras.stesso n. civico; (z.d. 8),VIA,TRILUSSA,15,7367.0,8,,,32.0,True,False,False,False,False
2072,PARRUCCHIERE PER SIGNORA,VIA TRIVULZIO ANTONIO TOLOMEO N. 4 ; (z.d. 7),VIA,TRIVULZIO ANTONIO TOLOMEO,4,6277.0,7,,,40.0,True,False,False,False,False
2073,PARRUCCHIERE PER SIGNORA,VIA UBERTI GIULIO N. 5 ; (z.d. 3),VIA,UBERTI GIULIO,5,3121.0,3,,6.0,24.0,True,False,False,False,False
2074,PARRUCCHIERE PER SIGNORA,VIA UGONI CAMILLO N. 6 ; (z.d. 9),VIA,UGONI CAMILLO,6,1282.0,9,,5.0,15.0,True,False,False,False,False
2075,PARRUCCHIERE PER SIGNORA,VIA VAL BAVONA N. 3 ; (z.d. 6),VIA,VAL BAVONA,3,6664.0,6,,2.0,29.0,True,False,False,False,False
2076,PARRUCCHIERE PER SIGNORA,VIA VAL CISMON N. 4 ; (z.d. 9),VIA,VAL CISMON,4,1666.0,9,,,,True,False,False,False,False
2078,PARRUCCHIERE PER SIGNORA,VIA VAL D'INTELVI N. 24 ; (z.d. 7),VIA,VAL D'INTELVI,24,6752.0,7,,,58.0,True,False,False,False,False
2077,PARRUCCHIERE PER SIGNORA,VIA VAL DI BONDO N. 6 ; (z.d. 9),VIA,VAL DI BONDO,6,1648.0,9,,4.0,40.0,True,False,False,False,False
2079,PARRUCCHIERE PER SIGNORA,VIA VAL DI SOLE N. 10 ; (z.d. 5),VIA,VAL DI SOLE,10,4295.0,5,,,35.0,True,False,False,False,False
2080,PARRUCCHIERE PER SIGNORA,VIA VAL DI SOLE N. 22 ; (z.d. 5),VIA,VAL DI SOLE,22,4295.0,5,,,85.0,True,False,False,False,False
2082,PARRUCCHIERE PER SIGNORA,VIA VAL GARDENA N. 25 ; (z.d. 2),VIA,VAL GARDENA,25,2304.0,2,,,38.0,True,False,False,False,False
2089,PARRUCCHIERE PER SIGNORA,VIA VAL LEVENTINA N. 3 ; (z.d. 7),VIA,VAL LEVENTINA,3,6507.0,7,,,49.0,True,False,False,False,False
2090,PARRUCCHIERE PER SIGNORA,VIA VAL MAIRA N. 4 (z.d. 9),VIA,VAL MAIRA,4,1098.0,9,,,53.0,True,False,False,False,False
2091,PARRUCCHIERE PER SIGNORA,VIA VAL MESOLCINA N. 2 ; (z.d. 4),VIA,VAL MESOLCINA,2,4194.0,4,,9.0,26.0,True,False,False,False,False
2094,PARRUCCHIERE PER SIGNORA,VIA VAL TROMPIA N. 15 ; (z.d. 8),VIA,VAL TROMPIA,15,7494.0,8,,,19.0,True,False,False,False,False
2095,PARRUCCHIERE PER SIGNORA,VIA VAL TROMPIA N. 33 ; (z.d. 8),VIA,VAL TROMPIA,33,7494.0,8,,,18.0,True,False,False,False,False
2096,PARRUCCHIERE PER SIGNORA,VIA VAL TROMPIA N. 49 ; (z.d. 8),VIA,VAL TROMPIA,49,7494.0,8,,,12.0,True,False,False,False,False
2081,PARRUCCHIERE PER SIGNORA,VIA VALFURVA N. 1 ; (z.d. 9),VIA,VALFURVA,1,1168.0,9,,25.0,32.0,True,False,False,False,False
2083,PARRUCCHIERE PER SIGNORA,VIA VALLA LORENZO N. 25 ; (z.d. 5),VIA,VALLA LORENZO,25,5336.0,5,,,26.0,True,False,False,False,False
2084,PARRUCCHIERE PER SIGNORA,VIA VALLA LORENZO num.02520; (z.d. 5),VIA,VALLA LORENZO,,5336.0,5,,4.0,52.0,True,False,False,False,False
2085,PARRUCCHIERE PER SIGNORA,VIA VALLARSA N. 1 ; (z.d. 5),VIA,VALLARSA,1,4142.0,5,,3.0,12.0,True,False,False,False,False
2086,PARRUCCHIERE PER SIGNORA,VIA VALLAZZE N. 101 ; (z.d. 3),VIA,VALLAZZE,101,2250.0,3,,8.0,15.0,True,False,False,False,False
2087,PARRUCCHIERE PER SIGNORA,VIA VALLAZZE N. 86 ; (z.d. 3),VIA,VALLAZZE,86,2250.0,3,,2.0,24.0,True,False,False,False,False
2088,PARRUCCHIERE PER SIGNORA,VIA VALLAZZE N. 89 ; (z.d. 3),VIA,VALLAZZE,89,2250.0,3,,,20.0,True,False,False,False,False
2092,PARRUCCHIERE PER SIGNORA,VIA VALPARAISO N. 9 ; (z.d. 6),VIA,VALPARAISO,9,6093.0,6,,,,True,False,False,False,False
2093,PARRUCCHIERE PER SIGNORA,VIA VALPARAISO num.007; (z.d. 6),VIA,VALPARAISO,,6093.0,6,,,27.0,True,False,False,False,False
2097,PARRUCCHIERE PER SIGNORA,VIA VANVITELLI LUIGI N. 1 ; (z.d. 3),VIA,VANVITELLI LUIGI,1,3108.0,3,,70.0,90.0,True,False,False,False,False
2098,PARRUCCHIERE PER SIGNORA,VIA VANVITELLI LUIGI num.006a; (z.d. 3),VIA,VANVITELLI LUIGI,,3108.0,3,,,35.0,True,False,False,False,False
2099,PARRUCCHIERE PER SIGNORA,VIA VARANINI LUIGI N. 12 ; (z.d. 2),VIA,VARANINI LUIGI,12,2288.0,2,,,35.0,True,False,False,False,False
2100,PARRUCCHIERE PER SIGNORA,VIA VARANINI LUIGI N. 26 ; (z.d. 2),VIA,VARANINI LUIGI,26,2288.0,2,,,46.0,True,False,False,False,False
2101,PARRUCCHIERE PER SIGNORA,VIA VARESE N. 1 ; (z.d. 1),VIA,VARESE,1,1031.0,1,,,29.0,True,False,False,False,False
2102,PARRUCCHIERE PER SIGNORA,VIA VARESE N. 20 ; (z.d. 1),VIA,VARESE,20,1031.0,1,,,30.0,True,False,False,False,False
2103,PARRUCCHIERE PER SIGNORA,VIA VENEZIANO DOMENICO N. 5 ; (z.d. 4),VIA,VENEZIANO DOMENICO,5,4190.0,4,,,15.0,True,False,False,False,False
2104,PARRUCCHIERE PER SIGNORA,VIA VENIERO SEBASTIANO N. 16 ; (z.d. 8),VIA,VENIERO SEBASTIANO,16,6423.0,8,,3.0,40.0,True,False,False,False,False
2105,PARRUCCHIERE PER SIGNORA,VIA VENINI GIULIO E CORRADO N. 1 ; (z.d. 2),VIA,VENINI GIULIO E CORRADO,1,2258.0,2,,4.0,47.0,True,False,False,False,False
2106,PARRUCCHIERE PER SIGNORA,VIA VENINI GIULIO E CORRADO N. 62 ; (z.d. 2),VIA,VENINI GIULIO E CORRADO,62,2258.0,2,,,37.0,True,False,False,False,False
2107,PARRUCCHIERE PER SIGNORA,VIA VENINI GIULIO E CORRADO N. 65 ; (z.d. 2),VIA,VENINI GIULIO E CORRADO,65,2258.0,2,,12.0,24.0,True,False,False,False,False
2108,PARRUCCHIERE PER SIGNORA,VIA VENINI GIULIO E CORRADO N. 70 ; (z.d. 2),VIA,VENINI GIULIO E CORRADO,70,2258.0,2,,,45.0,True,False,False,False,False
2109,PARRUCCHIERE PER SIGNORA,VIA VENINI GIULIO E CORRADO N. 91 ; (z.d. 2),VIA,VENINI GIULIO E CORRADO,91,2258.0,2,,4.0,21.0,True,False,False,False,False
2110,PARRUCCHIERE PER SIGNORA,VIA VENOSA N. 6 ; (z.d. 4),VIA,VENOSA,6,4097.0,4,,1.0,35.0,True,False,False,False,False
2111,PARRUCCHIERE PER SIGNORA,VIA VERATTI LUIGI N. 12 ; (z.d. 8),VIA,VERATTI LUIGI,12,7374.0,8,,,32.0,True,False,False,False,False
2112,PARRUCCHIERE PER SIGNORA,VIA VERGA ANDREA N. 22 ; (z.d. 7),VIA,VERGA ANDREA,22,6200.0,7,,,18.0,True,False,False,False,False
2113,PARRUCCHIERE PER SIGNORA,VIA VERITA' DON GIOVANNI N. 4 ; (z.d. 9),VIA,VERITA' DON GIOVANNI,4,1469.0,9,,,29.0,True,False,False,False,False
2114,PARRUCCHIERE PER SIGNORA,VIA VERRO BERNARDINO N. 45 ; (z.d. 5),VIA,VERRO BERNARDINO,45,4223.0,5,,6.0,18.0,True,False,False,False,False
2115,PARRUCCHIERE PER SIGNORA,VIA VERRO BERNARDINO N. 62 ; (z.d. 5),VIA,VERRO BERNARDINO,62,4223.0,5,,,68.0,True,False,False,False,False
2116,PARRUCCHIERE PER SIGNORA,VIA VESPRI SICILIANI N. 13 ; (z.d. 6),VIA,VESPRI SICILIANI,13,5137.0,6,,24.0,19.0,True,False,False,False,False
2117,PARRUCCHIERE PER SIGNORA,VIA VESPRI SICILIANI N. 30 ; (z.d. 6),VIA,VESPRI SICILIANI,30,5137.0,6,,,41.0,True,False,False,False,False
2118,PARRUCCHIERE PER SIGNORA,VIA VESPRI SICILIANI num.016; (z.d. 6),VIA,TOLSTOI LEONE,53,5133.0,6,,,,True,False,False,False,False
2119,PARRUCCHIERE PER SIGNORA,VIA VIGEVANO N. 45 ; (z.d. 6),VIA,VIGEVANO,45,5116.0,6,,,64.0,True,False,False,False,False
2120,PARRUCCHIERE PER SIGNORA,VIA VIGNA N. 5 ; (z.d. 1),VIA,VIGNA,5,636.0,1,,3.0,17.0,True,False,False,False,False
2121,PARRUCCHIERE PER SIGNORA,VIA VIGNATI CESARE N. 18 ; (z.d. 9),VIA,VIGNATI CESARE,18,1515.0,9,,,24.0,True,False,False,False,False
2122,PARRUCCHIERE PER SIGNORA,VIA VIGNOLA N. 2 ; (z.d. 5),VIA,VIGNOLA,2,4054.0,5,,2.0,20.0,True,False,False,False,False
2123,PARRUCCHIERE PER SIGNORA,VIA VIGNOLI TITO N. 42 ; (z.d. 6),VIA,VIGNOLI TITO,42,5134.0,6,,9.0,42.0,True,False,False,False,False
2124,PARRUCCHIERE PER SIGNORA,VIA VILLORESI EUGENIO N. 28 ; (z.d. 6),VIA,VILLORESI EUGENIO,28,5145.0,6,,,32.0,True,False,False,False,False
2125,PARRUCCHIERE PER SIGNORA,VIA VILLORESI EUGENIO N. 3 ; (z.d. 6),VIA,VILLORESI EUGENIO,3,5145.0,6,,,22.0,True,False,False,False,False
2126,PARRUCCHIERE PER SIGNORA,VIA VIPACCO N. 6 ; (z.d. 2),VIA,VIPACCO,6,2444.0,2,,4.0,32.0,True,False,False,False,False
2127,PARRUCCHIERE PER SIGNORA,VIA VISCONTI ALEX num.022b; (z.d. 8),VIA,VISCONTI ALEX,,7529.0,8,,,42.0,True,False,False,False,False
2128,PARRUCCHIERE PER SIGNORA,VIA VISCONTI D'ARAGONA ALESSANDRO N. 17 ; (z.d. 3),VIA,VISCONTI D'ARAGONA ALESSANDRO,17,3229.0,3,,4.0,30.0,True,False,False,False,False
2129,PARRUCCHIERE PER SIGNORA,VIA VISCONTI DI MODRONE UBERTO N. 4 ; (z.d. 1),VIA,VISCONTI DI MODRONE UBERTO,4,361.0,1,,,,True,False,False,False,False
2130,PARRUCCHIERE PER SIGNORA,VIA VITRUVIO N. 46 ; (z.d. 2),VIA,VITRUVIO,46,2134.0,2,,,27.0,True,False,False,False,False
2131,PARRUCCHIERE PER SIGNORA,VIA VIVAIO N. 14 ; (z.d. 1),VIA,VIVAIO,14,3041.0,1,,,,True,False,False,False,False
2132,PARRUCCHIERE PER SIGNORA,VIA VODICE N. 9 ; (z.d. 7),VIA,VODICE,9,6552.0,7,,2.0,21.0,True,False,False,False,False
2133,PARRUCCHIERE PER SIGNORA,VIA VOLTURNO N. 41 ; (z.d. 9),VIA,VOLTURNO,41,1135.0,9,,,14.0,True,False,False,False,False
2134,PARRUCCHIERE PER SIGNORA,VIA VOLVINIO N. 18 ; (z.d. 5),VIA,VOLVINIO,18,5333.0,5,,,34.0,True,False,False,False,False
2135,PARRUCCHIERE PER SIGNORA,VIA WASHINGTON GIORGIO N. 5 ; (z.d. 7),VIA,WASHINGTON GIORGIO,5,6111.0,7,,3.0,21.0,True,False,False,False,False
2136,PARRUCCHIERE PER SIGNORA,VIA WASHINGTON GIORGIO N. 74 ; (z.d. 7),VIA,WASHINGTON GIORGIO,74,6111.0,7,,,23.0,True,False,False,False,False
2137,PARRUCCHIERE PER SIGNORA,VIA WASHINGTON GIORGIO num.057a; (z.d. 7),VIA,DOLCI CARLO,16,6555.0,7,,19.0,36.0,True,False,False,False,False
2138,PARRUCCHIERE PER SIGNORA,VIA ZANOLI ALESSANDRO N. 10 ; (z.d. 9),VIA,ZANOLI ALESSANDRO,10,1548.0,9,,,43.0,True,False,False,False,False
2139,PARRUCCHIERE PER SIGNORA,VIA ZANOLI ALESSANDRO N. 30 ; (z.d. 9),VIA,ZANOLI ALESSANDRO,30,1548.0,9,,8.0,26.0,True,False,False,False,False
2140,PARRUCCHIERE PER SIGNORA,VIA ZANTE N. 30 ; (z.d. 4),VIA,ZANTE,30,3364.0,4,,,,True,False,False,False,False
2141,PARRUCCHIERE PER SIGNORA,VIA ZEZON ACHILLE N. 2 ; (z.d. 2),VIA,ZEZON ACHILLE,2,1194.0,2,,25.0,16.0,True,False,False,False,False
2142,PARRUCCHIERE PER SIGNORA,VIA ZURETTI GIANFRANCO N. 13 ; (z.d. 2),VIA,ZURETTI GIANFRANCO,13,1216.0,2,,1.0,37.0,True,False,False,False,False
2143,PARRUCCHIERE PER SIGNORA,VIA ZURETTI GIANFRANCO N. 25 ; (z.d. 2),VIA,ZURETTI GIANFRANCO,25,1216.0,2,,,25.0,True,False,False,False,False
2144,PARRUCCHIERE PER SIGNORA,VIA ZURETTI GIANFRANCO N. 42 ; (z.d. 2),VIA,ZURETTI GIANFRANCO,42,1216.0,2,,2.0,16.0,True,False,False,False,False
2145,PARRUCCHIERE PER SIGNORA,VIA ZURETTI GIANFRANCO N. 49 ; (z.d. 2),VIA,ZURETTI GIANFRANCO,49,1216.0,2,,6.0,20.0,True,False,False,False,False
2146,PARRUCCHIERE PER SIGNORA,VLE ABRUZZI N. 16 ; (z.d. 3),VLE,ABRUZZI,16,2177.0,3,,,,True,False,False,False,False
2147,PARRUCCHIERE PER SIGNORA,VLE ABRUZZI N. 25 ; (z.d. 3),VLE,ABRUZZI,25,2177.0,3,,12.0,22.0,True,False,False,False,False
2148,PARRUCCHIERE PER SIGNORA,VLE ABRUZZI N. 91 ; (z.d. 3),VLE,ABRUZZI,91,2177.0,3,,,41.0,True,False,False,False,False
2149,PARRUCCHIERE PER SIGNORA,VLE ABRUZZI N. 92 ; (z.d. 3),VLE,ABRUZZI,92,2177.0,3,,,25.0,True,False,False,False,False
2150,PARRUCCHIERE PER SIGNORA,VLE ARETUSA N. 20 ; (z.d. 7),VLE,ARETUSA,20,6565.0,7,,,59.0,True,False,False,False,False
2151,PARRUCCHIERE PER SIGNORA,VLE ARGONNE N. 11 ; (z.d. 3),VLE,ARGONNE,11,3254.0,3,,,19.0,True,False,False,False,False
2152,PARRUCCHIERE PER SIGNORA,VLE ARGONNE N. 52 ; (z.d. 4),VLE,ARGONNE,52,3254.0,4,,,60.0,True,False,False,False,False
2153,PARRUCCHIERE PER SIGNORA,VLE ARGONNE N. 53 ; (z.d. 3),VLE,ARGONNE,53,3254.0,3,,2.0,37.0,True,False,False,False,False
2154,PARRUCCHIERE PER SIGNORA,VLE BACCHIGLIONE N. 2 ; (z.d. 4),VLE,BACCHIGLIONE,2,4171.0,4,,3.0,15.0,True,False,False,False,False
2155,PARRUCCHIERE PER SIGNORA,VLE BEZZI ERGISTO N. 5 ; (z.d. 7),VLE,BEZZI ERGISTO,5,6272.0,7,,,25.0,True,False,False,False,False
2156,PARRUCCHIERE PER SIGNORA,VLE BLIGNY N. 26 viale; (z.d. 5),VLE,BLIGNY,26,4045.0,5,,,34.0,True,False,False,False,False
2157,PARRUCCHIERE PER SIGNORA,VLE BLIGNY N. 58 ; (z.d. 5),VLE,BLIGNY,58,4045.0,5,,,,True,False,False,False,False
2158,PARRUCCHIERE PER SIGNORA,VLE BODIO LUIGI N. 6 ; (z.d. 9),VLE,BODIO LUIGI,6,1237.0,9,,,,True,False,False,False,False
2159,PARRUCCHIERE PER SIGNORA,VLE BRENTA N. 39 ; (z.d. 4),VLE,BRENTA,39,4151.0,4,,,55.0,True,False,False,False,False
2160,PARRUCCHIERE PER SIGNORA,VLE BRENTA N. 8 ; (z.d. 4),VLE,BRENTA,8,4151.0,4,,13.0,24.0,True,False,False,False,False
2161,PARRUCCHIERE PER SIGNORA,VLE BRIANZA N. 23 ; (z.d. 2),VLE,BRIANZA,23,2263.0,2,,7.0,36.0,True,False,False,False,False
2162,PARRUCCHIERE PER SIGNORA,VLE BRIANZA N. 24 ; (z.d. 2),VLE,BRIANZA,24,2263.0,2,,,,True,False,False,False,False
2163,PARRUCCHIERE PER SIGNORA,VLE CA' GRANDA N. 2 ; (z.d. 9),VLE,CA' GRANDA,2,1443.0,9,,,,True,False,False,False,False
2164,PARRUCCHIERE PER SIGNORA,VLE CALDARA EMILIO N. 33 ; (z.d. 1),VLE,CALDARA EMILIO,33,4036.0,1,,,,True,False,False,False,False
2165,PARRUCCHIERE PER SIGNORA,VLE CAMPANIA N. 20 ; (z.d. 4),VLE,CAMPANIA,20,3100.0,4,,3.0,25.0,True,False,False,False,False
2166,PARRUCCHIERE PER SIGNORA,VLE CAMPANIA N. 40 ; (z.d. 4),VLE,CAMPANIA,40,3100.0,4,,18.0,37.0,True,False,False,False,False
2167,PARRUCCHIERE PER SIGNORA,VLE CATERINA DA FORLI' N. 1 ; (z.d. 6),VLE,CATERINA DA FORLI',1,6611.0,6,,6.0,36.0,True,False,False,False,False
2168,PARRUCCHIERE PER SIGNORA,VLE CATERINA DA FORLI' N. 34 ; (z.d. 7),VLE,CATERINA DA FORLI',34,6611.0,7,,,28.0,True,False,False,False,False
2169,PARRUCCHIERE PER SIGNORA,VLE CATERINA DA FORLI' N. 42 ; (z.d. 7),VLE,CATERINA DA FORLI',42,6611.0,7,,13.0,51.0,True,False,False,False,False
2170,PARRUCCHIERE PER SIGNORA,VLE CATERINA DA FORLI' N. 58 ; (z.d. 7),VLE,CATERINA DA FORLI',58,6611.0,7,,4.0,14.0,True,False,False,False,False
2171,PARRUCCHIERE PER SIGNORA,VLE CATERINA DA FORLI' N. 58 ; (z.d. 7),VLE,CATERINA DA FORLI',58,6611.0,7,,,,True,False,False,False,False
2172,PARRUCCHIERE PER SIGNORA,VLE CERTOSA N. 115 ; (z.d. 8),VLE,CERTOSA,115,7174.0,8,,,50.0,True,False,False,False,False
2173,PARRUCCHIERE PER SIGNORA,VLE CERTOSA N. 273 ; (z.d. 8),VLE,CERTOSA,273,7174.0,8,,,,True,False,False,False,False
2174,PARRUCCHIERE PER SIGNORA,VLE CERTOSA N. 277 ; (z.d. 8),VLE,CERTOSA,277,7174.0,8,,,,True,False,False,False,False
2175,PARRUCCHIERE PER SIGNORA,VLE CERTOSA N. 41 ; (z.d. 8),VLE,CERTOSA,41,7174.0,8,,,72.0,True,False,False,False,False
2176,PARRUCCHIERE PER SIGNORA,VLE CIRENE N. 15 ; (z.d. 4),VLE,CIRENE,15,4085.0,4,,,28.0,True,False,False,False,False
2177,PARRUCCHIERE PER SIGNORA,VLE COL DI LANA N. 1 ; (z.d. 5),VLE,COL DI LANA,1,5198.0,5,,,54.0,True,False,False,False,False
2178,PARRUCCHIERE PER SIGNORA,VLE CONI ZUGNA N. 37 ; (z.d. 1),VLE,CONI ZUGNA,37,5110.0,1,,,40.0,True,False,False,False,False
2179,PARRUCCHIERE PER SIGNORA,VLE CONI ZUGNA N. 58 ; (z.d. 6),VLE,CONI ZUGNA,58,5110.0,6,,4.0,70.0,True,False,False,False,False
2180,PARRUCCHIERE PER SIGNORA,VLE CORSICA N. 35 ; (z.d. 4),VLE,CORSICA,35,3262.0,4,,10.0,43.0,True,False,False,False,False
2181,PARRUCCHIERE PER SIGNORA,VLE CORSICA N. 42 ; (z.d. 4),VLE,CORSICA,42,3262.0,4,,2.0,58.0,True,False,False,False,False
2182,PARRUCCHIERE PER SIGNORA,VLE CORSICA N. 58 ; (z.d. 4),VLE,CORSICA,58,3262.0,4,,,46.0,True,False,False,False,False
2183,PARRUCCHIERE PER SIGNORA,VLE CORSICA N. 64 ; (z.d. 4),VLE,CORSICA,64,3262.0,4,,,20.0,True,False,False,False,False
2184,PARRUCCHIERE PER SIGNORA,VLE CRISPI FRANCESCO num.005a; (z.d. 1),VLE,CRISPI FRANCESCO,,1063.0,1,,,,True,False,False,False,False
2185,PARRUCCHIERE PER SIGNORA,VLE DEI MILLE N. 70 ; (z.d. 3),VLE,DEI MILLE,70,3115.0,3,,4.0,43.0,True,False,False,False,False
2186,PARRUCCHIERE PER SIGNORA,VLE DELLE RIMEMBRANZE DI GRECO num.00810; (z.d. 2),VLE,DELLE RIMEMBRANZE DI GRECO,,1412.0,2,,,25.0,True,False,False,False,False
2187,PARRUCCHIERE PER SIGNORA,VLE DORIA ANDREA N. 10 ; (z.d. 3),VLE,DORIA ANDREA,10,2230.0,2,,4.0,60.0,True,False,False,False,False
2188,PARRUCCHIERE PER SIGNORA,VLE DORIA ANDREA N. 14 ; (z.d. 3),VLE,DORIA ANDREA,14,2230.0,2,,,31.0,True,False,False,False,False
2189,PARRUCCHIERE PER SIGNORA,VLE DORIA ANDREA N. 16 ; (z.d. 3),VLE,DORIA ANDREA,16,2230.0,3,,,23.0,True,False,False,False,False
2190,PARRUCCHIERE PER SIGNORA,VLE ESPINASSE CARLO N. 30 angolo via casella; (z.d. 8),VLE,ESPINASSE CARLO,30,7390.0,8,,,,True,False,False,False,False
2192,PARRUCCHIERE PER SIGNORA,VLE FAENZA N. 2 ; (z.d. 6),VLE,FAENZA,2,5350.0,6,,,,True,False,False,False,False
2191,PARRUCCHIERE PER SIGNORA,VLE FAENZA N. 25 ; (z.d. 6),VLE,FAENZA,25,5350.0,6,,8.0,36.0,True,False,False,False,False
2193,PARRUCCHIERE PER SIGNORA,VLE GIOVANNI DA CERMENATE N. 37 piano rialzato; (z.d. 5),VLE,GIOVANNI DA CERMENATE,37,5261.0,5,,,,True,False,False,False,False
2194,PARRUCCHIERE PER SIGNORA,VLE GIOVANNI DA CERMENATE N. 45 ; (z.d. 5),VLE,GIOVANNI DA CERMENATE,45,5261.0,5,,,35.0,True,False,False,False,False
2195,PARRUCCHIERE PER SIGNORA,VLE GRAN SASSO N. 23 ; (z.d. 3),VLE,GRAN SASSO,23,2243.0,3,,,,True,False,False,False,False
2197,PARRUCCHIERE PER SIGNORA,VLE GRAN SASSO N. 3 ; (z.d. 3),VLE,GRAN SASSO,3,2243.0,3,,,,True,False,False,False,False
2196,PARRUCCHIERE PER SIGNORA,VLE GRAN SASSO N. 38 ; (z.d. 3),VLE,GRAN SASSO,38,2243.0,3,,,61.0,True,False,False,False,False
2198,PARRUCCHIERE PER SIGNORA,VLE JENNER EDOARDO N. 14 ; (z.d. 9),VLE,JENNER EDOARDO,14,1230.0,9,,2.0,30.0,True,False,False,False,False
2199,PARRUCCHIERE PER SIGNORA,VLE JENNER EDOARDO N. 46 ; (z.d. 9),VLE,JENNER EDOARDO,46,1230.0,9,,,21.0,True,False,False,False,False
2200,PARRUCCHIERE PER SIGNORA,VLE JENNER EDOARDO N. 49 ; (z.d. 9),VLE,JENNER EDOARDO,49,1230.0,9,,,38.0,True,False,False,False,False
2201,PARRUCCHIERE PER SIGNORA,VLE LANCETTI VINCENZO N. 39 ; (z.d. 9),VLE,LANCETTI VINCENZO,39,1221.0,9,,2.0,36.0,True,False,False,False,False
2202,PARRUCCHIERE PER SIGNORA,VLE LAZIO N. 6 ; (z.d. 4),VLE,LAZIO,6,4089.0,4,,,35.0,True,False,False,False,False
2203,PARRUCCHIERE PER SIGNORA,VLE LIGURIA N. 48 ; (z.d. 6),VLE,LIGURIA,48,5264.0,6,,,34.0,True,False,False,False,False
2204,PARRUCCHIERE PER SIGNORA,VLE LOMBARDIA N. 32 ; (z.d. 3),VLE,LOMBARDIA,32,2400.0,3,,,,True,False,False,False,False
2205,PARRUCCHIERE PER SIGNORA,VLE LUCANIA N. 30 ; (z.d. 4),VLE,LUCANIA,30,4173.0,4,,,26.0,True,False,False,False,False
2206,PARRUCCHIERE PER SIGNORA,VLE LUCANIA N. 8 ; (z.d. 4),VLE,LUCANIA,8,4173.0,4,,,31.0,True,False,False,False,False
2207,PARRUCCHIERE PER SIGNORA,VLE LUCANIA N. 9 ; (z.d. 4),VLE,LUCANIA,9,4173.0,4,,,31.0,True,False,False,False,False
2208,PARRUCCHIERE PER SIGNORA,VLE MOLISE N. 59 ; (z.d. 4),VLE,MOLISE,59,3178.0,4,,,,True,False,False,False,False
2209,PARRUCCHIERE PER SIGNORA,VLE MONTE CENERI N. 14 ; (z.d. 8),VLE,MONTE CENERI,14,7176.0,8,,,35.0,True,False,False,False,False
2210,PARRUCCHIERE PER SIGNORA,VLE MONTE NERO N. 33 ; (z.d. 1),VLE,MONTE NERO,33,3062.0,1,,,26.0,True,False,False,False,False
2211,PARRUCCHIERE PER SIGNORA,VLE MONTE NERO N. 63 ; (z.d. 1),VLE,MONTE NERO,63,3062.0,1,,,,True,False,False,False,False
2212,PARRUCCHIERE PER SIGNORA,VLE MONTE NERO N. 71 ; (z.d. 1),VLE,MONTE NERO,71,3062.0,1,,,,True,False,False,False,False
2213,PARRUCCHIERE PER SIGNORA,VLE MONZA N. 102 ; (z.d. 2),VLE,MONZA,102,2274.0,2,,,18.0,True,False,False,False,False
2214,PARRUCCHIERE PER SIGNORA,VLE MONZA N. 112 ; (z.d. 2),VLE,MONZA,112,2274.0,2,,,,True,False,False,False,False
2215,PARRUCCHIERE PER SIGNORA,VLE MONZA N. 309 ; (z.d. 2),VLE,MONZA,309,2274.0,2,,,,True,False,False,False,False
2216,PARRUCCHIERE PER SIGNORA,VLE MONZA N. 325 ; (z.d. 2),VLE,MONZA,325,2274.0,2,,3.0,22.0,True,False,False,False,False
2217,PARRUCCHIERE PER SIGNORA,VLE MONZA N. 55 ; (z.d. 2),VLE,MONZA,55,2274.0,2,,,71.0,True,False,False,False,False
2218,PARRUCCHIERE PER SIGNORA,VLE MONZA N. 78 ; (z.d. 2),VLE,MONZA,78,2274.0,2,,,16.0,True,False,False,False,False
2219,PARRUCCHIERE PER SIGNORA,VLE MONZA N. 83 ; (z.d. 2),VLE,MONZA,83,2274.0,2,,,14.0,True,False,False,False,False
2220,PARRUCCHIERE PER SIGNORA,VLE MONZA N. 9 ; (z.d. 2),VLE,MONZA,9,2274.0,2,,4.0,36.0,True,False,False,False,False
2221,PARRUCCHIERE PER SIGNORA,VLE MONZA num.1773; (z.d. 2),VIA,OXILIA NINO,11,2287.0,2,,,25.0,True,False,False,False,False
2222,PARRUCCHIERE PER SIGNORA,VLE MONZA num.345a; (z.d. 2),VLE,MONZA,117,2274.0,2,,2.0,31.0,True,False,False,False,False
2223,PARRUCCHIERE PER SIGNORA,VLE MONZA num.353; (z.d. 2),VIA,PADOVA,140,2275.0,2,,4.0,10.0,True,False,False,False,False
2224,PARRUCCHIERE PER SIGNORA,VLE MURILLO S.B. N. 1 ; (z.d. 7),VLE,MURILLO S.B.,1,6551.0,7,,,39.0,True,False,False,False,False
2225,PARRUCCHIERE PER SIGNORA,VLE ORIONE DON LUIGI N. 14 ; (z.d. 2),VLE,ORIONE DON LUIGI,14,2378.0,2,,,28.0,True,False,False,False,False
2226,PARRUCCHIERE PER SIGNORA,VLE ORIONE DON LUIGI N. 21 ; (z.d. 2),VLE,ORIONE DON LUIGI,21,2378.0,2,,3.0,45.0,True,False,False,False,False
2227,PARRUCCHIERE PER SIGNORA,VLE PAPINIANO N. 57 ; (z.d. 1),VLE,PAPINIANO,57,5097.0,1,,,,True,False,False,False,False
2228,PARRUCCHIERE PER SIGNORA,VLE PISA N. 47 ; (z.d. 7),VLE,PISA,47,6615.0,7,,3.0,41.0,True,False,False,False,False
2230,PARRUCCHIERE PER SIGNORA,VLE RANZONI DANIELE N. 2 ; (z.d. 7),VLE,RANZONI DANIELE,2,6297.0,7,,,17.0,True,False,False,False,False
2229,PARRUCCHIERE PER SIGNORA,VLE RANZONI DANIELE N. 27 ; (z.d. 7),VLE,RANZONI DANIELE,27,6297.0,7,,9.0,36.0,True,False,False,False,False
2231,PARRUCCHIERE PER SIGNORA,VLE RANZONI DANIELE N. 6 ; (z.d. 7),VLE,RANZONI DANIELE,6,6297.0,7,,,,True,False,False,False,False
2232,PARRUCCHIERE PER SIGNORA,VLE RANZONI DANIELE N. 7 ; (z.d. 7),VLE,RANZONI DANIELE,7,6297.0,7,,26.0,42.0,True,False,False,False,False
2233,PARRUCCHIERE PER SIGNORA,VLE REGINA GIOVANNA num.024b; (z.d. 3),VLE,REGINA GIOVANNA,,2157.0,3,,28.0,32.0,True,False,False,False,False
2234,PARRUCCHIERE PER SIGNORA,VLE RODI N. 91 ; (z.d. 9),VLE,RODI,91,1623.0,9,,6.0,49.0,True,False,False,False,False
2235,PARRUCCHIERE PER SIGNORA,VLE ROMAGNA N. 50 ; (z.d. 3),VLE,ROMAGNA,50,3102.0,3,,,26.0,True,False,False,False,False
2236,PARRUCCHIERE PER SIGNORA,VLE SABOTINO N. 9 ; (z.d. 5),VLE,SABOTINO,9,4046.0,5,,,39.0,True,False,False,False,False
2237,PARRUCCHIERE PER SIGNORA,VLE SAN GIMIGNANO N. 10 ; (z.d. 6),VLE,SAN GIMIGNANO,10,6613.0,6,,11.0,26.0,True,False,False,False,False
2238,PARRUCCHIERE PER SIGNORA,VLE SAN GIMIGNANO N. 13 ; (z.d. 6),VLE,SAN GIMIGNANO,13,6613.0,6,,,36.0,True,False,False,False,False
2239,PARRUCCHIERE PER SIGNORA,VLE SAN GIMIGNANO N. 39 ; (z.d. 6),VLE,SAN GIMIGNANO,39,6613.0,6,,6.0,42.0,True,False,False,False,False
2240,PARRUCCHIERE PER SIGNORA,VLE SAN GIMIGNANO num.03032; (z.d. 6),VLE,SAN GIMIGNANO,10,6613.0,6,,8.0,71.0,True,False,False,False,False
2241,PARRUCCHIERE PER SIGNORA,VLE SAN MICHELE DEL CARSO N. 6 ; (z.d. 7),VLE,SAN MICHELE DEL CARSO,6,6212.0,7,,,74.0,True,False,False,False,False
2242,PARRUCCHIERE PER SIGNORA,VLE SARCA N. 63 ; (z.d. 9),VLE,SARCA,63,1427.0,9,,,26.0,True,False,False,False,False
2243,PARRUCCHIERE PER SIGNORA,VLE SARCA N. 91 ; (z.d. 9),VLE,SARCA,91,1427.0,9,,5.0,29.0,True,False,False,False,False
2244,PARRUCCHIERE PER SIGNORA,VLE SAURO NAZARIO N. 5 ; (z.d. 2),VLE,SAURO NAZARIO,5,1175.0,2,,,,True,False,False,False,False
2245,PARRUCCHIERE PER SIGNORA,VLE STEFINI EVARISTO N. 3 ; (z.d. 2),VLE,STEFINI EVARISTO,3,1405.0,2,,11.0,60.0,True,False,False,False,False
2246,PARRUCCHIERE PER SIGNORA,VLE STELVIO N. 16 ; (z.d. 9),VLE,STELVIO,16,1227.0,9,,14.0,20.0,True,False,False,False,False
2247,PARRUCCHIERE PER SIGNORA,VLE STELVIO N. 41 ; (z.d. 9),VLE,STELVIO,41,1227.0,9,,,35.0,True,False,False,False,False
2248,PARRUCCHIERE PER SIGNORA,VLE STELVIO N. 44 ; (z.d. 9),VLE,STELVIO,44,1227.0,9,,,16.0,True,False,False,False,False
2249,PARRUCCHIERE PER SIGNORA,VLE STELVIO N. 53 ; (z.d. 9),VLE,STELVIO,53,1227.0,9,,,27.0,True,False,False,False,False
2250,PARRUCCHIERE PER SIGNORA,VLE SUZZANI GIOVANNI N. 12 ; (z.d. 9),VLE,SUZZANI GIOVANNI,12,1446.0,9,,4.0,46.0,True,False,False,False,False
2251,PARRUCCHIERE PER SIGNORA,VLE SUZZANI GIOVANNI N. 155 ; (z.d. 9),VLE,SUZZANI GIOVANNI,155,1446.0,9,,6.0,30.0,True,False,False,False,False
2252,PARRUCCHIERE PER SIGNORA,VLE SUZZANI GIOVANNI N. 283 ; (z.d. 9),VLE,SUZZANI GIOVANNI,283,1446.0,9,,4.0,45.0,True,False,False,False,False
2253,PARRUCCHIERE PER SIGNORA,VLE TESTI FULVIO N. 218 ; (z.d. 9),VLE,TESTI FULVIO,218,1441.0,9,,4.0,15.0,True,False,False,False,False
2254,PARRUCCHIERE PER SIGNORA,VLE TESTI FULVIO N. 5 ; (z.d. 9),VLE,TESTI FULVIO,5,1441.0,9,,,,True,False,False,False,False
2255,PARRUCCHIERE PER SIGNORA,VLE TESTI FULVIO N. 87 ; (z.d. 9),VLE,TESTI FULVIO,87,1441.0,9,,1.0,33.0,True,False,False,False,False
2256,PARRUCCHIERE PER SIGNORA,VLE TIBALDI N. 17 ; (z.d. 5),VLE,TIBALDI,17,5234.0,5,,2.0,26.0,True,False,False,False,False
2257,PARRUCCHIERE PER SIGNORA,VLE TIBALDI N. 48 ; (z.d. 5),VLE,TIBALDI,48,5234.0,5,,,53.0,True,False,False,False,False
2258,PARRUCCHIERE PER SIGNORA,VLE TROYA CARLO N. 2 ; (z.d. 6),VLE,TROYA CARLO,2,5140.0,6,,9.0,18.0,True,False,False,False,False
2259,PARRUCCHIERE PER SIGNORA,VLE TUNISIA N. 38 ; (z.d. 2),VLE,TUNISIA,38,2121.0,2,,13.0,27.0,True,False,False,False,False
2260,PARRUCCHIERE PER SIGNORA,VLE TUNISIA N. 41 con ingr. via franchetti 3; (z.d. 2),VLE,TUNISIA,41,2121.0,2,,,,True,False,False,False,False
2261,PARRUCCHIERE PER SIGNORA,VLE UMBRIA N. 66 ; (z.d. 4),VLE,UMBRIA,66,3145.0,4,,1.0,28.0,True,False,False,False,False
2262,PARRUCCHIERE PER SIGNORA,VLE UMBRIA N. 82 ; (z.d. 4),VLE,UMBRIA,82,3145.0,4,,,,True,False,False,False,False
2263,PARRUCCHIERE PER SIGNORA,VLE UMBRIA N. 94 ; (z.d. 4),VLE,UMBRIA,94,3145.0,4,,,,True,False,False,False,False
2264,PARRUCCHIERE PER SIGNORA,VLE ZARA N. 112 ; (z.d. 2),VLE,ZARA,112,1170.0,2,,,31.0,True,False,False,False,False
2265,PARRUCCHIERE PER SIGNORA,VLE ZARA N. 21 ; (z.d. 9),VLE,ZARA,21,1170.0,9,,,35.0,True,False,False,False,False
2266,PARRUCCHIERE PER SIGNORA,VLE ZARA N. 61 ; (z.d. 9),VLE,ZARA,61,1170.0,9,,,34.0,True,False,False,False,False
2267,PARRUCCHIERE PER SIGNORA,VLO GIARDINO N. 3 ; (z.d. 1),VLO,GIARDINO,3,148.0,1,,,49.0,True,False,False,False,False
2270,PARRUCCHIERE PER SIGNORA;ACCONCIATORE,VIA ALDINI ANTONIO N. 61 ; (z.d. 8),VIA,ALDINI ANTONIO,61,7461.0,8,,,,True,False,False,False,False
2271,PARRUCCHIERE PER SIGNORA;ACCONCIATORE;TIPO A - REG.2003;TIPO B CENTRO DI ABBRONZATURA,VIA PAVIA N. 3 ; (z.d. 5),VIA,PAVIA,3,5262.0,5,,,,True,True,True,False,False
2268,PARRUCCHIERE PER SIGNORA;ACCONCIATORE,VIA SOLARI ANDREA N. 4 ; (z.d. 6),VIA,SOLARI ANDREA,4,5111.0,6,ACCONCIATORE,,17.0,True,False,False,False,False
2269,PARRUCCHIERE PER SIGNORA;ACCONCIATORE,VLE MONZA N. 150 ; (z.d. 2),VLE,MONZA,150,2274.0,2,ACCONCIATORE,,35.0,True,False,False,False,False
2272,PARRUCCHIERE PER SIGNORA;PARRUCCHIERE PER SIGNORA,VIA GIOVIO PAOLO N. 8 ; (z.d. 7),VIA,GIOVIO PAOLO,8,6194.0,7,,8.0,42.0,True,False,False,False,False
2328,PARRUCCHIERE PER SIGNORA;TIPO A - REG.2003,CSO MAGENTA N. 79 ; (z.d. 1),CSO,MAGENTA,79,604.0,1,,,130.0,True,True,False,False,False
2329,PARRUCCHIERE PER SIGNORA;TIPO A - REG.2003,CSO MONFORTE N. 21 ingresso v.s.damiano 2; (z.d. 1),CSO,MONFORTE,21,348.0,1,,,,True,True,False,False,False
2330,PARRUCCHIERE PER SIGNORA;TIPO A - REG.2003,CSO MONFORTE N. 30 ; (z.d. 1),CSO,MONFORTE,30,348.0,1,,,34.0,True,True,False,False,False
2331,PARRUCCHIERE PER SIGNORA;TIPO A - REG.2003,LGO ZANDONAI RICCARDO N. 3 ; (z.d. 8),LGO,ZANDONAI RICCARDO,3,6485.0,8,,74.0,78.0,True,True,False,False,False
2332,PARRUCCHIERE PER SIGNORA;TIPO A - REG.2003,PLE SIENA N. 4 ; (z.d. 7),PLE,SIENA,4,6616.0,7,,5.0,68.0,True,True,False,False,False
2333,PARRUCCHIERE PER SIGNORA;TIPO A - REG.2003,VIA BAGAROTTI MAFFEO N. 38 ; (z.d. 7),VIA,BAGAROTTI MAFFEO,38,6585.0,7,,,,True,True,False,False,False
2334,PARRUCCHIERE PER SIGNORA;TIPO A - REG.2003,VIA BRONZINO N. 1 ; (z.d. 3),VIA,BRONZINO,1,2191.0,3,,,54.0,True,True,False,False,False
2335,PARRUCCHIERE PER SIGNORA;TIPO A - REG.2003,VIA BUGATTI ETTORE N. 1 ; (z.d. 5),VIA,BUGATTI ETTORE,1,4353.0,5,,,,True,True,False,False,False
2336,PARRUCCHIERE PER SIGNORA;TIPO A - REG.2003,VIA CASATI FELICE N. 12 ; (z.d. 3),VIA,CASATI FELICE,12,2122.0,3,,,51.0,True,True,False,False,False
2337,PARRUCCHIERE PER SIGNORA;TIPO A - REG.2003,VIA COMPAGNONI GIUSEPPE N. 33 ; (z.d. 4),VIA,COMPAGNONI GIUSEPPE,33,3096.0,4,,,,True,True,False,False,False
2338,PARRUCCHIERE PER SIGNORA;TIPO A - REG.2003,VIA MARCO D'AGRATE N. 6 ; (z.d. 5),VIA,MARCO D'AGRATE,6,4276.0,5,,,,True,True,False,False,False
2339,PARRUCCHIERE PER SIGNORA;TIPO A - REG.2003,VIA MILAZZO N. 6 ; (z.d. 1),VIA,MILAZZO,6,1034.0,1,,4.0,53.0,True,True,False,False,False
2340,PARRUCCHIERE PER SIGNORA;TIPO A - REG.2003,VIA MOROSINI EMILIO num.0511; (z.d. 4),VIA,ARCHIMEDE,83,3086.0,4,,,,True,True,False,False,False
2341,PARRUCCHIERE PER SIGNORA;TIPO A - REG.2003,VIA NOVARO MICHELE N. 25 con ingresso via taccioli; (z.d. 9),VIA,NOVARO MICHELE,25,1559.0,9,,,,True,True,False,False,False
2342,PARRUCCHIERE PER SIGNORA;TIPO A - REG.2003,VIA ORNATO LUIGI N. 113 altro locale; (z.d. 9),VIA,ORNATO LUIGI,113,1591.0,9,,,,True,True,False,False,False
2343,PARRUCCHIERE PER SIGNORA;TIPO A - REG.2003,VIA OZANAM FEDERICO N. 9 ; (z.d. 3),VIA,OZANAM FEDERICO,9,2143.0,3,,17.0,67.0,True,True,False,False,False
2344,PARRUCCHIERE PER SIGNORA;TIPO A - REG.2003,VIA PLINIO CAIO SECONDO N. 13 ; (z.d. 3),VIA,PLINIO CAIO SECONDO,13,2144.0,3,,,20.0,True,True,False,False,False
2345,PARRUCCHIERE PER SIGNORA;TIPO A - REG.2003,VIA PRIMATICCIO FRANCESCO N. 196 ; (z.d. 7),VIA,PRIMATICCIO FRANCESCO,196,6646.0,7,,,28.0,True,True,False,False,False
2346,PARRUCCHIERE PER SIGNORA;TIPO A - REG.2003,VIA SANT' ANDREA N. 8 ; (z.d. 1),VIA,SANT' ANDREA,8,222.0,1,,,116.0,True,True,False,False,False
2347,PARRUCCHIERE PER SIGNORA;TIPO A - REG.2003,VIA SENATO N. 13 ; (z.d. 1),VIA,SENATO,13,236.0,1,,,,True,True,False,False,False
2348,PARRUCCHIERE PER SIGNORA;TIPO A - REG.2003,VIA TEODOSIO N. 6 ; (z.d. 3),VIA,TEODOSIO,6,2550.0,3,,,23.0,True,True,False,False,False
2349,PARRUCCHIERE PER SIGNORA;TIPO A - REG.2003,VIA TOLSTOI LEONE N. 37 ; (z.d. 6),VIA,TOLSTOI LEONE,37,5133.0,6,,,38.0,True,True,False,False,False
2350,PARRUCCHIERE PER SIGNORA;TIPO A - REG.2003;TIPO B CENTRO DI ABBRONZATURA,CSO DI PORTA ROMANA N. 123 ; (z.d. 1),CSO,DI PORTA ROMANA,123,402.0,1,,18.0,40.0,True,True,True,False,False
2351,PARRUCCHIERE PER SIGNORA;TIPO A - REG.2003;TIPO B CENTRO DI ABBRONZATURA,CSO GENOVA N. 4 ; (z.d. 1),CSO,GENOVA,4,5164.0,1,,,,True,True,True,False,False
2352,PARRUCCHIERE PER SIGNORA;TIPO A - REG.2003;TIPO B CENTRO DI ABBRONZATURA,CSO SAN GOTTARDO N. 20 ; (z.d. 5),CSO,SAN GOTTARDO,20,5203.0,5,,,,True,True,True,False,False
2353,PARRUCCHIERE PER SIGNORA;TIPO A - REG.2003;TIPO B CENTRO DI ABBRONZATURA,PZA GRANDI GIUSEPPE N. 22 ; (z.d. 4),PZA,GRANDI GIUSEPPE,22,3112.0,4,,,27.0,True,True,True,False,False
2354,PARRUCCHIERE PER SIGNORA;TIPO A - REG.2003;TIPO B CENTRO DI ABBRONZATURA,VIA ACERBI ENRICO N. 34 con ingresso p.za alciato; (z.d. 9),VIA,ACERBI ENRICO,34,1651.0,9,,,,True,True,True,False,False
2355,PARRUCCHIERE PER SIGNORA;TIPO A - REG.2003;TIPO B CENTRO DI ABBRONZATURA,VIA ASELLI GASPARE N. 29 ; (z.d. 3),VIA,ASELLI GASPARE,29,3167.0,3,,,60.0,True,True,True,False,False
2356,PARRUCCHIERE PER SIGNORA;TIPO A - REG.2003;TIPO B CENTRO DI ABBRONZATURA,VIA BINDA AMBROGIO num.040; (z.d. 6),VIA,PICHI MARIO,3,5236.0,6,,,,True,True,True,False,False
2357,PARRUCCHIERE PER SIGNORA;TIPO A - REG.2003;TIPO B CENTRO DI ABBRONZATURA,VIA BOCCACCIO GIOVANNI N. 15 ; (z.d. 1),VIA,BOCCACCIO GIOVANNI,15,6158.0,1,,,54.0,True,True,True,False,False
2358,PARRUCCHIERE PER SIGNORA;TIPO A - REG.2003;TIPO B CENTRO DI ABBRONZATURA,VIA BONI GIACOMO N. 25 ; (z.d. 7),VIA,BONI GIACOMO,25,6098.0,7,,,,True,True,True,False,False
2359,PARRUCCHIERE PER SIGNORA;TIPO A - REG.2003;TIPO B CENTRO DI ABBRONZATURA,VIA CASORETTO N. 60 ; (z.d. 3),VIA,CASORETTO,60,2420.0,3,,,,True,True,True,False,False
2360,PARRUCCHIERE PER SIGNORA;TIPO A - REG.2003;TIPO B CENTRO DI ABBRONZATURA,VIA CASTEL MORRONE N. 9 ; (z.d. 3),VIA,CASTEL MORRONE,9,3185.0,3,,,,True,True,True,False,False
2361,PARRUCCHIERE PER SIGNORA;TIPO A - REG.2003;TIPO B CENTRO DI ABBRONZATURA,VIA COPERNICO NICOLO' num.030a; (z.d. 2),VIA,COPERNICO NICOLO',,1204.0,2,,,95.0,True,True,True,False,False
2362,PARRUCCHIERE PER SIGNORA;TIPO A - REG.2003;TIPO B CENTRO DI ABBRONZATURA,VIA CUSAGO N. 5 ; (z.d. 7),VIA,CUSAGO,5,6785.0,7,,,34.0,True,True,True,False,False
2363,PARRUCCHIERE PER SIGNORA;TIPO A - REG.2003;TIPO B CENTRO DI ABBRONZATURA,VIA DELLE ANDE num.015a; (z.d. 8),VIA,DELLE ANDE,,7496.0,8,,57.0,77.0,True,True,True,False,False
2364,PARRUCCHIERE PER SIGNORA;TIPO A - REG.2003;TIPO B CENTRO DI ABBRONZATURA,VIA DOGANA N. 3 ; (z.d. 1),VIA,DOGANA,3,341.0,1,,,114.0,True,True,True,False,False
2365,PARRUCCHIERE PER SIGNORA;TIPO A - REG.2003;TIPO B CENTRO DI ABBRONZATURA,VIA LAMPUGNANO N. 175 ; (z.d. 8),VIA,LAMPUGNANO,175,6737.0,8,,,58.0,True,True,True,False,False
2366,PARRUCCHIERE PER SIGNORA;TIPO A - REG.2003;TIPO B CENTRO DI ABBRONZATURA,VIA LATTANZIO N. 72 ; (z.d. 4),VIA,LATTANZIO,72,4091.0,4,,,39.0,True,True,True,False,False
2367,PARRUCCHIERE PER SIGNORA;TIPO A - REG.2003;TIPO B CENTRO DI ABBRONZATURA,VIA PAOLO DA CANNOBIO N. 37 ; (z.d. 1),VIA,PAOLO DA CANNOBIO,37,338.0,1,,15.0,35.0,True,True,True,False,False
2368,PARRUCCHIERE PER SIGNORA;TIPO A - REG.2003;TIPO B CENTRO DI ABBRONZATURA,VIA PLINIO CAIO SECONDO N. 63 ; (z.d. 3),VIA,PLINIO CAIO SECONDO,63,2144.0,3,,14.0,32.0,True,True,True,False,False
2369,PARRUCCHIERE PER SIGNORA;TIPO A - REG.2003;TIPO B CENTRO DI ABBRONZATURA,VIA PONTE NUOVO N. 5 ; (z.d. 2),VIA,PONTE NUOVO,5,2494.0,2,,,,True,True,True,False,False
2370,PARRUCCHIERE PER SIGNORA;TIPO A - REG.2003;TIPO B CENTRO DI ABBRONZATURA,VIA TAJANI FILIPPO N. 11 ; (z.d. 3),VIA,TAJANI FILIPPO,11,3235.0,3,,,,True,True,True,False,False
2371,PARRUCCHIERE PER SIGNORA;TIPO A - REG.2003;TIPO B CENTRO DI ABBRONZATURA,VIA UBERTI GIULIO N. 18 ; (z.d. 3),VIA,UBERTI GIULIO,18,3121.0,3,,,,True,True,True,False,False
2372,PARRUCCHIERE PER SIGNORA;TIPO A - REG.2003;TIPO B CENTRO DI ABBRONZATURA,VIA VITRUVIO N. 1 ; (z.d. 3),VIA,VITRUVIO,1,2134.0,3,,,,True,True,True,False,False
2284,PARRUCCHIERE PER SIGNORA;TIPO A ESTETICA MANUALE,CSO VITTORIO EMANUELE II N. 15 primo piano; (z.d. 1),CSO,VITTORIO EMANUELE II,15,214.0,1,,,,True,True,False,False,False
2285,PARRUCCHIERE PER SIGNORA;TIPO A ESTETICA MANUALE,PZA DEI MERCANTI num.021; (z.d. 1),PZA,DEI MERCANTI,,546.0,1,,,67.0,True,True,False,False,False
2286,PARRUCCHIERE PER SIGNORA;TIPO A ESTETICA MANUALE,VIA BOCCACCIO GIOVANNI N. 11 ; (z.d. 1),VIA,BOCCACCIO GIOVANNI,11,6158.0,1,,,,True,True,False,False,False
2287,PARRUCCHIERE PER SIGNORA;TIPO A ESTETICA MANUALE,VIA DEI CONTARINI N. 7 ; (z.d. 3),VIA,DEI CONTARINI,7,3172.0,3,,,37.0,True,True,False,False,False
2288,PARRUCCHIERE PER SIGNORA;TIPO A ESTETICA MANUALE,VIA LARGA N. 16 ; (z.d. 1),VIA,LARGA,16,318.0,1,,,,True,True,False,False,False
2289,PARRUCCHIERE PER SIGNORA;TIPO A ESTETICA MANUALE,VIA MECENATE N. 34 ; (z.d. 4),VIA,MECENATE,34,3323.0,4,,,20.0,True,True,False,False,False
2290,PARRUCCHIERE PER SIGNORA;TIPO A ESTETICA MANUALE,VIA MERLO CARLO GIUSEPPE N. 1 p.t. + soppalco; (z.d. 1),VIA,MERLO CARLO GIUSEPPE,1,329.0,1,,,32.0,True,True,False,False,False
2291,PARRUCCHIERE PER SIGNORA;TIPO A ESTETICA MANUALE,VIA PRINA GIUSEPPE N. 4 ; (z.d. 8),VIA,PRINA GIUSEPPE,4,7135.0,8,,,58.0,True,True,False,False,False
2292,PARRUCCHIERE PER SIGNORA;TIPO A ESTETICA MANUALE,VIA SANTA MARIA VALLE N. 1 ; (z.d. 1),VIA,SANTA MARIA VALLE,1,535.0,1,,,70.0,True,True,False,False,False
2293,PARRUCCHIERE PER SIGNORA;TIPO A ESTETICA MANUALE,VIA SPADARI N. 3 ; (z.d. 1),VIA,SPADARI,3,518.0,1,,,89.0,True,True,False,False,False
2294,PARRUCCHIERE PER SIGNORA;TIPO A ESTETICA MANUALE,VLE CORSICA N. 59 ; (z.d. 4),VLE,CORSICA,59,3262.0,4,,,28.0,True,True,False,False,False
2295,PARRUCCHIERE PER SIGNORA;TIPO A ESTETICA MANUALE;TIPO B CENTRO DI ABBRONZATURA,PZA SEI FEBBRAIO N. 16 ; (z.d. 8),PZA,SEI FEBBRAIO,16,6358.0,8,,2.0,40.0,True,True,True,False,False
2296,PARRUCCHIERE PER SIGNORA;TIPO A ESTETICA MANUALE;TIPO B CENTRO DI ABBRONZATURA,VIA ALBERTI LEON BATTISTA N. 8 ; (z.d. 8),VIA,ALBERTI LEON BATTISTA,8,7167.0,8,,,58.0,True,True,True,False,False
2297,PARRUCCHIERE PER SIGNORA;TIPO A ESTETICA MANUALE;TIPO B CENTRO DI ABBRONZATURA,VIA DEGLI OMENONI N. 2 ; (z.d. 1),VIA,DEGLI OMENONI,2,233.0,1,,,247.0,True,True,True,False,False
2298,PARRUCCHIERE PER SIGNORA;TIPO A ESTETICA MANUALE;TIPO B CENTRO DI ABBRONZATURA,VIA MANIN DANIELE N. 3 ; (z.d. 1),VIA,MANIN DANIELE,3,1052.0,1,,,,True,True,True,False,False
2299,PARRUCCHIERE PER SIGNORA;TIPO A ESTETICA MANUALE;TIPO B CENTRO DI ABBRONZATURA,VIA RICOTTI ERCOLE N. 22 p.t. e primo piano; (z.d. 9),VIA,RICOTTI ERCOLE,22,1248.0,9,,,,True,True,True,False,False
2300,PARRUCCHIERE PER SIGNORA;TIPO A ESTETICA MANUALE;TIPO B CENTRO DI ABBRONZATURA,VIA SENATO N. 15 ; (z.d. 1),VIA,SENATO,15,236.0,1,,,,True,True,True,False,False
2301,PARRUCCHIERE PER SIGNORA;TIPO A ESTETICA MANUALE;TIPO B CENTRO DI ABBRONZATURA,VLE BRIANZA N. 15 ; (z.d. 3),VLE,BRIANZA,15,2263.0,3,,,35.0,True,True,True,False,False
2302,PARRUCCHIERE PER SIGNORA;TIPO A ESTETICA MANUALE;TIPO B CENTRO DI ABBRONZATURA,VLE FAMAGOSTA N. 36 ; (z.d. 6),VLE,FAMAGOSTA,36,5353.0,6,,,54.0,True,True,True,False,False
2303,PARRUCCHIERE PER SIGNORA;TIPO A ESTETICA MANUALE;TIPO B CENTRO DI ABBRONZATURA,VLE ROMAGNA N. 2 ; (z.d. 3),VLE,ROMAGNA,2,3102.0,3,,,38.0,True,True,True,False,False
2304,PARRUCCHIERE PER SIGNORA;TIPO A ESTETICA MANUALE;TIPO C TRATT.ESTETICI DIMAGRIM,GLL SAN BABILA piano ammezzato num.004c; (z.d. 1),GLL,SAN BABILA,,360.0,1,,,,True,True,False,True,False
2305,PARRUCCHIERE PER SIGNORA;TIPO A ESTETICA MANUALE;TIPO C TRATT.ESTETICI DIMAGRIM,VIA F.LLI CAMPI N. 2 ; (z.d. 1),VIA,F.LLI CAMPI,2,3060.0,1,,,,True,True,False,True,False
2306,PARRUCCHIERE PER SIGNORA;TIPO A ESTETICA MANUALE;TIPO C TRATT.ESTETICI DIMAGRIM,VIA POLIBIO N. 1 ; (z.d. 7),VIA,POLIBIO,1,6195.0,7,,,,True,True,False,True,False
2307,PARRUCCHIERE PER SIGNORA;TIPO A ESTETICA MANUALE;TIPO C TRATT.ESTETICI DIMAGRIM,VIA ROMILLI ARCIVESCOVO N. 26 ; (z.d. 5),VIA,ROMILLI ARCIVESCOVO,26,4154.0,5,,,43.0,True,True,False,True,False
2308,PARRUCCHIERE PER SIGNORA;TIPO A ESTETICA MANUALE;TIPO C TRATT.ESTETICI DIMAGRIM,VIA TADINO ALESSANDRO N. 2 ; (z.d. 3),VIA,TADINO ALESSANDRO,2,2109.0,3,,,58.0,True,True,False,True,False
2309,PARRUCCHIERE PER SIGNORA;TIPO A ESTETICA MANUALE;TIPO C TRATT.ESTETICI DIMAGRIM,VIA TIZIANO VECELLIO N. 15 ; (z.d. 8),VIA,TIZIANO VECELLIO,15,6380.0,8,,,,True,True,False,True,False
2310,PARRUCCHIERE PER SIGNORA;TIPO A ESTETICA MANUALE;TIPO C TRATT.ESTETICI DIMAGRIM;TIPO B CENTRO DI ABBRONZATURA,VIA ANACREONTE N. 1 p.r.; (z.d. 2),VIA,ANACREONTE,1,2372.0,2,,,50.0,True,True,True,True,False
2311,PARRUCCHIERE PER SIGNORA;TIPO A ESTETICA MANUALE;TIPO C TRATT.ESTETICI DIMAGRIM;TIPO B CENTRO DI ABBRONZATURA,VIA BONNET NINO N. 3 ; (z.d. 9),VIA,BONNET NINO,3,1109.0,9,,4.0,35.0,True,True,True,True,False
2312,PARRUCCHIERE PER SIGNORA;TIPO A ESTETICA MANUALE;TIPO C TRATT.ESTETICI DIMAGRIM;TIPO B CENTRO DI ABBRONZATURA,VIA FARINI CARLO N. 93 ; (z.d. 9),VIA,FARINI CARLO,93,1114.0,9,,,,True,True,True,True,False
2313,PARRUCCHIERE PER SIGNORA;TIPO A ESTETICA MANUALE;TIPO C TRATT.ESTETICI DIMAGRIM;TIPO B CENTRO DI ABBRONZATURA,VIA MONTI VINCENZO N. 47 ; (z.d. 1),VIA,MONTI VINCENZO,47,6155.0,1,,,64.0,True,True,True,True,False
2314,PARRUCCHIERE PER SIGNORA;TIPO A ESTETICA MANUALE;TIPO C TRATT.ESTETICI DIMAGRIM;TIPO B CENTRO DI ABBRONZATURA,VIA ROTONDI GIOVANNI N. 8 ; (z.d. 8),VIA,ROTONDI GIOVANNI,8,6404.0,8,,,100.0,True,True,True,True,False
2315,PARRUCCHIERE PER SIGNORA;TIPO A ESTETICA MANUALE;TIPO C TRATT.ESTETICI DIMAGRIM;TIPO B CENTRO DI ABBRONZATURA,VIA VALLE ANTRONA N. 1 ; (z.d. 7),VIA,VALLE ANTRONA,1,6807.0,7,,,,True,True,True,True,False
2316,PARRUCCHIERE PER SIGNORA;TIPO A ESTETICA MANUALE;TIPO C TRATT.ESTETICI DIMAGRIM;TIPO B CENTRO DI ABBRONZATURA,VIA VITTANI GIOVANNI N. 1 ; (z.d. 8),VIA,VITTANI GIOVANNI,1,7350.0,8,,,36.0,True,True,True,True,False
2317,PARRUCCHIERE PER SIGNORA;TIPO A ESTETICA MANUALE;TIPO C TRATT.ESTETICI DIMAGRIM;TIPO B CENTRO DI ABBRONZATURA,VLE CERTOSA N. 27 ; (z.d. 8),VLE,CERTOSA,27,7174.0,8,,21.0,40.0,True,True,True,True,False
2318,PARRUCCHIERE PER SIGNORA;TIPO A ESTETICA MANUALE;TIPO C TRATT.ESTETICI DIMAGRIM;TIPO B CENTRO DI ABBRONZATURA,VLE CONI ZUGNA N. 52 ; (z.d. 6),VLE,CONI ZUGNA,52,5110.0,6,,,123.0,True,True,True,True,False
2319,PARRUCCHIERE PER SIGNORA;TIPO A ESTETICA MANUALE;TIPO D ESTET.APPAR.ELETTROMECC;TIPO B CENTRO DI ABBRONZATURA,VIA PISANI VITTOR N. 31 ; (z.d. 2),VIA,PISANI VITTOR,31,1201.0,2,,,,True,True,True,True,False
2320,PARRUCCHIERE PER SIGNORA;TIPO A ESTETICA MANUALE;TIPO D ESTET.APPAR.ELETTROMECC;TIPO B CENTRO DI ABBRONZATURA,VLE LEGIONI ROMANE N. 65 ; (z.d. 6),VLE,LEGIONI ROMANE,65,6649.0,6,,,,True,True,True,True,False
2321,PARRUCCHIERE PER SIGNORA;TIPO A ESTETICA MANUALE;TIPO D ESTET.APPAR.ELETTROMECC;TIPO C TRATT.ESTETICI DIMAGRIM,PZA ADIGRAT N. 3 ; (z.d. 4),PZA,ADIGRAT,3,3286.0,4,,8.0,45.0,True,True,False,True,False
2322,PARRUCCHIERE PER SIGNORA;TIPO A ESTETICA MANUALE;TIPO D ESTET.APPAR.ELETTROMECC;TIPO C TRATT.ESTETICI DIMAGRIM,VIA ANFOSSI AUGUSTO N. 19 p.t. e seminterrato; (z.d. 4),VIA,ANFOSSI AUGUSTO,19,3071.0,4,,,113.0,True,True,False,True,False
2323,PARRUCCHIERE PER SIGNORA;TIPO A ESTETICA MANUALE;TIPO D ESTET.APPAR.ELETTROMECC;TIPO C TRATT.ESTETICI DIMAGRIM,VIA RUTILIA N. 4 ; (z.d. 5),VIA,RUTILIA,4,4229.0,5,,,29.0,True,True,False,True,False
2324,PARRUCCHIERE PER SIGNORA;TIPO A ESTETICA MANUALE;TIPO D ESTET.APPAR.ELETTROMECC;TIPO C TRATT.ESTETICI DIMAGRIM;TIPO B CENTRO DI ABBRONZATURA,CSO MATTEOTTI GIACOMO N. 1 ; (z.d. 1),CSO,MATTEOTTI GIACOMO,1,218.0,1,,,,True,True,True,True,False
2325,PARRUCCHIERE PER SIGNORA;TIPO A ESTETICA MANUALE;TIPO D ESTET.APPAR.ELETTROMECC;TIPO C TRATT.ESTETICI DIMAGRIM;TIPO B CENTRO DI ABBRONZATURA,VIA BASSI UGO N. 18 ingr.p.za fidia; (z.d. 9),VIA,BASSI UGO,18,1143.0,9,,,,True,True,True,True,False
2326,PARRUCCHIERE PER SIGNORA;TIPO A ESTETICA MANUALE;TIPO D ESTET.APPAR.ELETTROMECC;TIPO C TRATT.ESTETICI DIMAGRIM;TIPO B CENTRO DI ABBRONZATURA,VIA CABELLA BARTOLOMEO num.004a; (z.d. 7),VIA,DELLE BETULLE,,6828.0,7,,,28.0,True,True,True,True,False
2327,PARRUCCHIERE PER SIGNORA;TIPO A ESTETICA MANUALE;TIPO D ESTET.APPAR.ELETTROMECC;TIPO C TRATT.ESTETICI DIMAGRIM;TIPO B CENTRO DI ABBRONZATURA,VLE SAN MICHELE DEL CARSO N. 16 ; (z.d. 7),VLE,SAN MICHELE DEL CARSO,16,6212.0,7,,,113.0,True,True,True,True,False
2273,PARRUCCHIERE PER SIGNORA;TIPO A-B-C-D,VIA AGUDIO TOMMASO N. 4 interno cortile; (z.d. 8),VIA,AGUDIO TOMMASO,4,7197.0,8,,,,True,True,True,True,False
2274,PARRUCCHIERE PER SIGNORA;TIPO A-B-C-D,VIA CANONICA LUIGI N. 39 ; (z.d. 1),VIA,CANONICA LUIGI,39,7121.0,1,,,122.0,True,True,True,True,False
2275,PARRUCCHIERE PER SIGNORA;TIPO A-B-C-D,VIA CARCANO FILIPPO N. 10 ; (z.d. 7),VIA,CARCANO FILIPPO,10,6389.0,7,,,80.0,True,True,True,True,False
2276,PARRUCCHIERE PER SIGNORA;TIPO A-B-C-D,VIA CONTE ROSSO N. 10 ; (z.d. 3),VIA,CONTE ROSSO,10,2667.0,3,,1.0,40.0,True,True,True,True,False
2277,PARRUCCHIERE PER SIGNORA;TIPO A-B-C-D,VIA FOPPA VINCENZO N. 52 ; (z.d. 6),VIA,FOPPA VINCENZO,52,6109.0,6,,,,True,True,True,True,False
2278,PARRUCCHIERE PER SIGNORA;TIPO A-B-C-D,VIA NATTA GIULIO N. 20 ; (z.d. 8),VIA,NATTA GIULIO,20,6860.0,8,,,50.0,True,True,True,True,False
2279,PARRUCCHIERE PER SIGNORA;TIPO A-B-C-D,VIA PELIZZA DA VOLPEDO N. 12 ; (z.d. 7),VIA,PELIZZA DA VOLPEDO,12,6391.0,7,,,38.0,True,True,True,True,False
2280,PARRUCCHIERE PER SIGNORA;TIPO A-B-C-D,VIA PURICELLI GIAN PIETRO N. 4 ; (z.d. 7),VIA,PURICELLI GIAN PIETRO,4,6636.0,7,,4.0,,True,True,True,True,False
2281,PARRUCCHIERE PER SIGNORA;TIPO A-B-C-D,VIA REMBRANDT N. 47 ; (z.d. 7),VIA,REMBRANDT,47,6618.0,7,,,,True,True,True,True,False
2282,PARRUCCHIERE PER SIGNORA;TIPO A-B-C-D,VIA SAFFI AURELIO N. 11 ; (z.d. 1),VIA,SAFFI AURELIO,11,6159.0,1,,33.0,74.0,True,True,True,True,False
2283,PARRUCCHIERE PER SIGNORA;TIPO A-B-C-D,VIA TORINO N. 23 ; (z.d. 1),VIA,TORINO,23,543.0,1,,,55.0,True,True,True,True,False
2373,PARRUCCHIERE PER SIGNORA;TIPO C TRATT.ESTETICI DIMAGRIM,VIA CANTONI GIOVANNI N. 11 ; (z.d. 7),VIA,CANTONI GIOVANNI,11,6206.0,7,,,,True,False,False,True,False
2374,PARRUCCHIERE PER SIGNORA;TIPO C TRATT.ESTETICI DIMAGRIM,VIA FOPPA VINCENZO N. 9 ; (z.d. 6),VIA,FOPPA VINCENZO,9,6109.0,6,,,66.0,True,False,False,True,False
2375,PARRUCCHIERE PER SIGNORA;TIPO D ESTET.APPAR.ELETTROMECC;TIPO C TRATT.ESTETICI DIMAGRIM,VIA MARCELLO BENEDETTO N. 20 (z.d. 3),VIA,MARCELLO BENEDETTO,20,2128.0,3,,,124.0,True,False,False,True,False
2376,PARRUCCHIERE PER UOMO,ALZ NAVIGLIO PAVESE N. 106 ; (z.d. 5),ALZ,NAVIGLIO PAVESE,106,5161.0,5,,,,True,False,False,False,False
2377,PARRUCCHIERE PER UOMO,ALZ NAVIGLIO PAVESE N. 8 ; (z.d. 6),ALZ,NAVIGLIO PAVESE,8,5161.0,6,,5.0,26.0,True,False,False,False,False
2378,PARRUCCHIERE PER UOMO,CSO COLOMBO CRISTOFORO N. 1 ; (z.d. 6),CSO,COLOMBO CRISTOFORO,1,5114.0,6,,6.0,20.0,True,False,False,False,False
2379,PARRUCCHIERE PER UOMO,CSO DI PORTA ROMANA N. 109 ; (z.d. 1),CSO,DI PORTA ROMANA,109,402.0,1,,1.0,24.0,True,False,False,False,False
2380,PARRUCCHIERE PER UOMO,CSO DI PORTA TICINESE N. 26 ; (z.d. 1),CSO,DI PORTA TICINESE,26,541.0,1,,,,True,False,False,False,False
2381,PARRUCCHIERE PER UOMO,CSO GENOVA N. 11 ; (z.d. 1),CSO,GENOVA,11,5164.0,1,,3.0,17.0,True,False,False,False,False
2382,PARRUCCHIERE PER UOMO,CSO LODI N. 113 ; (z.d. 4),CSO,LODI,113,4068.0,4,,6.0,14.0,True,False,False,False,False
2383,PARRUCCHIERE PER UOMO,CSO LODI N. 2 ; (z.d. 5),CSO,LODI,2,4068.0,5,,,,True,False,False,False,False
2384,PARRUCCHIERE PER UOMO,CSO LODI N. 59 ; (z.d. 4),CSO,LODI,59,4068.0,4,,14.0,18.0,True,False,False,False,False
2385,PARRUCCHIERE PER UOMO,CSO LODI N. 90 ; (z.d. 4),CSO,LODI,90,4068.0,4,,,30.0,True,False,False,False,False
2386,PARRUCCHIERE PER UOMO,CSO VENTIDUE MARZO N. 30 ; (z.d. 4),CSO,VENTIDUE MARZO,30,3074.0,4,,2.0,20.0,True,False,False,False,False
2387,PARRUCCHIERE PER UOMO,LGO SCALABRINI GIOVANNI BATTISTA N. 6 ; (z.d. 6),LGO,SCALABRINI GIOVANNI BATTISTA,6,5392.0,6,,2.0,18.0,True,False,False,False,False
2388,PARRUCCHIERE PER UOMO,LGO SCHUSTER ILDEFONSO N. 1 con ingresso  via santa tecla; (z.d. 1),LGO,SCHUSTER ILDEFONSO,1,311.0,1,,,,True,False,False,False,False
2389,PARRUCCHIERE PER UOMO,LGO SETTIMIO SEVERO N. 6 ; (z.d. 7),LGO,SETTIMIO SEVERO,6,6210.0,7,,2.0,13.0,True,False,False,False,False
2390,PARRUCCHIERE PER UOMO,LGO TEL AVIV N. 5 ; (z.d. 2),LGO,TEL AVIV,5,2639.0,2,,,24.0,True,False,False,False,False
2391,PARRUCCHIERE PER UOMO,LGO VULCI N. 7 ; (z.d. 9),LGO,VULCI,7,1339.0,9,,3.0,28.0,True,False,False,False,False
2392,PARRUCCHIERE PER UOMO,PLE CORVETTO LUIGI EMANUELE N. 3 ; (z.d. 4),PLE,CORVETTO LUIGI EMANUELE,3,4174.0,4,,,25.0,True,False,False,False,False
2393,PARRUCCHIERE PER UOMO,PLE DATEO N. 5 ; (z.d. 3),PLE,DATEO,5,3119.0,3,,,34.0,True,False,False,False,False
2394,PARRUCCHIERE PER UOMO,PLE FERRARA N. 4 ; (z.d. 4),PLE,FERRARA,4,4158.0,4,,8.0,23.0,True,False,False,False,False
2395,PARRUCCHIERE PER UOMO,PLE LUGANO N. 22 ; (z.d. 9),PLE,LUGANO,22,1238.0,9,,,,True,False,False,False,False
2396,PARRUCCHIERE PER UOMO,PLE MACIACHINI CARLO N. 18 ; (z.d. 9),PLE,MACIACHINI CARLO,18,1361.0,9,,,18.0,True,False,False,False,False
2397,PARRUCCHIERE PER UOMO,PLE SUSA N. 15 ; (z.d. 3),PLE,SUSA,15,3101.0,3,,,,True,False,False,False,False
2398,PARRUCCHIERE PER UOMO,PZA AMATI CARLO N. 1 ; (z.d. 7),PZA,AMATI CARLO,1,6629.0,7,,4.0,13.0,True,False,False,False,False
2399,PARRUCCHIERE PER UOMO,PZA BONOMELLI GEREMIA N. 4 ; (z.d. 5),PZA,BONOMELLI GEREMIA,4,4150.0,4,,,16.0,True,False,False,False,False
2400,PARRUCCHIERE PER UOMO,PZA CAIAZZO N. 2 uso escl. del serv. ig. ester.; (z.d. 3),PZA,CAIAZZO,2,2259.0,3,,,32.0,True,False,False,False,False
2401,PARRUCCHIERE PER UOMO,PZA CARRARA FRANCESCO N. 21 ; (z.d. 5),PZA,CARRARA FRANCESCO,21,5258.0,5,,,,True,False,False,False,False
2402,PARRUCCHIERE PER UOMO,PZA CASTELLI POMPEO N. 14 ; (z.d. 8),PZA,CASTELLI POMPEO,14,7277.0,8,,,,True,False,False,False,False
2403,PARRUCCHIERE PER UOMO,PZA DE ANGELI ERNESTO N. 3 ; (z.d. 7),PZA,DE ANGELI ERNESTO,3,6276.0,7,,6.0,27.0,True,False,False,False,False
2404,PARRUCCHIERE PER UOMO,PZA GRAMSCI ANTONIO N. 12 ; (z.d. 8),PZA,GRAMSCI ANTONIO,12,7205.0,8,,,23.0,True,False,False,False,False
2405,PARRUCCHIERE PER UOMO,PZA GRANDI GIUSEPPE N. 5 ; (z.d. 4),PZA,GRANDI GIUSEPPE,5,3112.0,4,,15.0,55.0,True,False,False,False,False
2406,PARRUCCHIERE PER UOMO,PZA GRECO N. 10 ; (z.d. 2),PZA,GRECO,10,1417.0,2,,,20.0,True,False,False,False,False
2407,PARRUCCHIERE PER UOMO,PZA LEGA LOMBARDA N. 5 ; (z.d. 1),PZA,LEGA LOMBARDA,5,7084.0,1,,,,True,False,False,False,False
2408,PARRUCCHIERE PER UOMO,PZA LUIGI DI SAVOIA N. 2 ; (z.d. 2),PZA,LUIGI DI SAVOIA,2,2260.0,2,,,,True,False,False,False,False
2409,PARRUCCHIERE PER UOMO,PZA MIANI GUGLIELMO N. 2 ; (z.d. 6),PZA,MIANI GUGLIELMO,2,5308.0,6,,,,True,False,False,False,False
2410,PARRUCCHIERE PER UOMO,PZA MINNITI TITO N. 6 ; (z.d. 9),PZA,MINNITI TITO,6,1133.0,9,,,22.0,True,False,False,False,False
2411,PARRUCCHIERE PER UOMO,PZA MONTE FALTERONA N. 2 ; (z.d. 7),PZA,MONTE FALTERONA,2,6558.0,7,,11.0,22.0,True,False,False,False,False
2412,PARRUCCHIERE PER UOMO,PZA MORBEGNO N. 5 ; (z.d. 2),PZA,MORBEGNO,5,2289.0,2,,,22.0,True,False,False,False,False
2413,PARRUCCHIERE PER UOMO,PZA OBERDAN GUGLIELMO num.000; (z.d. 3),VIA,MALPIGHI MARCELLO,3,2182.0,3,,,20.0,True,False,False,False,False
2414,PARRUCCHIERE PER UOMO,PZA PIO XI N. 1 secondo piano; (z.d. 1),PZA,PIO XI,1,572.0,1,,12.0,36.0,True,False,False,False,False
2415,PARRUCCHIERE PER UOMO,PZA SANTA MARIA DEL SUFFRAGIO N. 4 ; (z.d. 4),PZA,SANTA MARIA DEL SUFFRAGIO,4,3078.0,4,,,18.0,True,False,False,False,False
2416,PARRUCCHIERE PER UOMO,PZA SEI FEBBRAIO N. 26 ; (z.d. 8),PZA,SEI FEBBRAIO,26,6358.0,8,,,20.0,True,False,False,False,False
2417,PARRUCCHIERE PER UOMO,PZA SICILIA N. 7 ; (z.d. 7),PZA,SICILIA,7,6266.0,7,,20.0,17.0,True,False,False,False,False
2418,PARRUCCHIERE PER UOMO,RIP DI PTA TICINESE N. 27 ; (z.d. 6),RIP,DI PTA TICINESE,27,5150.0,6,,,16.0,True,False,False,False,False
2419,PARRUCCHIERE PER UOMO,VIA ABAMONTI GIUSEPPE N. 1 ; (z.d. 3),VIA,ABAMONTI GIUSEPPE,1,3135.0,3,,6.0,16.0,True,False,False,False,False
2420,PARRUCCHIERE PER UOMO,VIA ADIGE N. 10 ; (z.d. 5),VIA,ADIGE,10,4216.0,5,,,,True,False,False,False,False
2421,PARRUCCHIERE PER UOMO,VIA ALBRICCI ALBERICO N. 1 ; (z.d. 1),VIA,ALBRICCI ALBERICO,1,337.0,1,,2.0,12.0,True,False,False,False,False
2422,PARRUCCHIERE PER UOMO,VIA ALCUINO N. 16 ; (z.d. 8),VIA,ALCUINO,16,7165.0,8,,,28.0,True,False,False,False,False
2423,PARRUCCHIERE PER UOMO,VIA ALGAROTTI FRANCESCO N. 4 ; (z.d. 9),VIA,ALGAROTTI FRANCESCO,4,1161.0,9,,,77.0,True,False,False,False,False
2424,PARRUCCHIERE PER UOMO,VIA AMADEO GIAN ANTONIO N. 35 ; (z.d. 3),VIA,AMADEO GIAN ANTONIO,35,3228.0,3,,2.0,18.0,True,False,False,False,False
2425,PARRUCCHIERE PER UOMO,VIA AMADEO GIAN ANTONIO N. 54 ; (z.d. 3),VIA,AMADEO GIAN ANTONIO,54,3228.0,3,,9.0,16.0,True,False,False,False,False
2426,PARRUCCHIERE PER UOMO,VIA ANDO' FLAVIO num.0024; (z.d. 8),VIA,ANDO' FLAVIO,,7283.0,8,,10.0,18.0,True,False,False,False,False
2427,PARRUCCHIERE PER UOMO,VIA ANGERA N. 10 ; (z.d. 2),VIA,ANGERA,10,1395.0,2,,3.0,28.0,True,False,False,False,False
2428,PARRUCCHIERE PER UOMO,VIA ANGUISSOLA SOFONISBA N. 23 ; (z.d. 7),VIA,ANGUISSOLA SOFONISBA,23,6609.0,7,,,,True,False,False,False,False
2429,PARRUCCHIERE PER UOMO,VIA ANTONINI GIACOMO N. 62 ; (z.d. 5),VIA,ANTONINI GIACOMO,62,4250.0,5,,8.0,22.0,True,False,False,False,False
2430,PARRUCCHIERE PER UOMO,VIA ANZANI FRANCESCO N. 1 ; (z.d. 4),VIA,ANZANI FRANCESCO,1,3076.0,4,,,14.0,True,False,False,False,False
2431,PARRUCCHIERE PER UOMO,VIA ARCHIMEDE N. 43 ; (z.d. 4),VIA,ARCHIMEDE,43,3086.0,4,,,15.0,True,False,False,False,False
2432,PARRUCCHIERE PER UOMO,VIA ARENA N. 35 ; (z.d. 1),VIA,ARENA,35,5182.0,1,,11.0,17.0,True,False,False,False,False
2433,PARRUCCHIERE PER UOMO,VIA ARIBERTO DA INTIMIANO N. 19 ; (z.d. 1),VIA,ARIBERTO DA INTIMIANO,19,5092.0,1,,5.0,14.0,True,False,False,False,False
2434,PARRUCCHIERE PER UOMO,VIA ARICI CESARE N. 1 ; (z.d. 2),VIA,ARICI CESARE,1,2464.0,2,,5.0,18.0,True,False,False,False,False
2435,PARRUCCHIERE PER UOMO,VIA ASELLI GASPARE N. 24 ; (z.d. 3),VIA,ASELLI GASPARE,24,3167.0,3,,,,True,False,False,False,False
2436,PARRUCCHIERE PER UOMO,VIA ASELLI GASPARE N. 7 ; (z.d. 3),VIA,ASELLI GASPARE,7,3167.0,3,,4.0,21.0,True,False,False,False,False
2437,PARRUCCHIERE PER UOMO,VIA BALDINUCCI FILIPPO N. 6 ; (z.d. 9),VIA,BALDINUCCI FILIPPO,6,1267.0,9,,,,True,False,False,False,False
2438,PARRUCCHIERE PER UOMO,VIA BALDINUCCI FILIPPO N. 99 ; (z.d. 9),VIA,BALDINUCCI FILIPPO,99,1267.0,9,,,,True,False,False,False,False
2439,PARRUCCHIERE PER UOMO,VIA BALESTRIERI DOMENICO N. 8 ; (z.d. 1),VIA,BALESTRIERI DOMENICO,8,7116.0,1,,,10.0,True,False,False,False,False
2440,PARRUCCHIERE PER UOMO,VIA BARI N. 2 ; (z.d. 6),VIA,BARI,2,5218.0,6,,,20.0,True,False,False,False,False
2441,PARRUCCHIERE PER UOMO,VIA BARONI COSTANTINO N. 16 ; (z.d. 5),VIA,BARONI COSTANTINO,16,5422.0,5,,3.0,28.0,True,False,False,False,False
2444,PARRUCCHIERE PER UOMO,VIA BASSI UGO N. 30 ; (z.d. 9),VIA,BASSI UGO,30,1143.0,9,,,20.0,True,False,False,False,False
2442,PARRUCCHIERE PER UOMO,VIA BASSINI EDOARDO N. 41 ; (z.d. 3),VIA,BASSINI EDOARDO,41,2587.0,3,,,19.0,True,False,False,False,False
2443,PARRUCCHIERE PER UOMO,VIA BASSINI EDOARDO N. 45 ; (z.d. 3),VIA,BASSINI EDOARDO,45,2587.0,3,,,17.0,True,False,False,False,False
2445,PARRUCCHIERE PER UOMO,VIA BATTISTI CESARE N. 8 ; (z.d. 1),VIA,BATTISTI CESARE,8,3019.0,1,,,25.0,True,False,False,False,False
2446,PARRUCCHIERE PER UOMO,VIA BATTISTOTTI SASSI LUISA N. 2 ; (z.d. 4),VIA,BATTISTOTTI SASSI LUISA,2,3273.0,4,,,17.0,True,False,False,False,False
2447,PARRUCCHIERE PER UOMO,VIA BELLARMINO ROBERTO N. 17 ; (z.d. 5),VIA,BELLARMINO ROBERTO,17,5337.0,5,,,,True,False,False,False,False
2448,PARRUCCHIERE PER UOMO,VIA BELLOTTI FELICE N. 5 ; (z.d. 3),VIA,BELLOTTI FELICE,5,3070.0,3,,,18.0,True,False,False,False,False
2449,PARRUCCHIERE PER UOMO,VIA BENGASI N. 2 ingr.via padova; (z.d. 1),VIA,BENGASI,2,2375.0,2,,12.0,20.0,True,False,False,False,False
2450,PARRUCCHIERE PER UOMO,VIA BERGAMO N. 22 ; (z.d. 4),VIA,BERGAMO,22,3189.0,4,,,16.0,True,False,False,False,False
2451,PARRUCCHIERE PER UOMO,VIA BESSARIONE N. 12 ; (z.d. 4),VIA,BESSARIONE,12,4152.0,4,,9.0,17.0,True,False,False,False,False
2452,PARRUCCHIERE PER UOMO,VIA BIELLA N. 24 ; (z.d. 6),VIA,BIELLA,24,5305.0,6,,2.0,15.0,True,False,False,False,False
2453,PARRUCCHIERE PER UOMO,VIA BINDA AMBROGIO N. 9 ; (z.d. 6),VIA,BINDA AMBROGIO,9,5298.0,6,,5.0,15.0,True,False,False,False,False
2454,PARRUCCHIERE PER UOMO,VIA BIONDELLI BERNARDINO N. 1 ; (z.d. 5),VIA,BIONDELLI BERNARDINO,1,4236.0,5,,2.0,70.0,True,False,False,False,False
2455,PARRUCCHIERE PER UOMO,VIA BIUMI PAOLO GEROLAMO N. 16 ; (z.d. 2),VIA,BIUMI PAOLO GEROLAMO,16,2465.0,2,,,30.0,True,False,False,False,False
2456,PARRUCCHIERE PER UOMO,VIA BOCCACCIO GIOVANNI N. 9 ; (z.d. 1),VIA,BOCCACCIO GIOVANNI,9,6158.0,1,,5.0,15.0,True,False,False,False,False
2457,PARRUCCHIERE PER UOMO,VIA BONFADINI ROMUALDO num.256; (z.d. 4),VIA,BONFADINI ROMUALDO,,3341.0,4,,17.0,20.0,True,False,False,False,False
2458,PARRUCCHIERE PER UOMO,VIA BONI GIACOMO N. 10 ; (z.d. 7),VIA,BONI GIACOMO,10,6098.0,7,,,19.0,True,False,False,False,False
2459,PARRUCCHIERE PER UOMO,VIA BONI GIACOMO N. 33 ; (z.d. 7),VIA,BONI GIACOMO,33,6098.0,7,,2.0,18.0,True,False,False,False,False
2460,PARRUCCHIERE PER UOMO,VIA BONNET NINO N. 5 ; (z.d. 9),VIA,BONNET NINO,5,1109.0,9,,,18.0,True,False,False,False,False
2461,PARRUCCHIERE PER UOMO,VIA BORSIERI PIETRO num.041.; (z.d. 2),VIA,BORSIERI PIETRO,,1128.0,9,,,5.0,True,False,False,False,False
2462,PARRUCCHIERE PER UOMO,VIA BOSCOVICH RUGGERO N. 31 ; (z.d. 2),VIA,BOSCOVICH RUGGERO,31,2131.0,2,,,23.0,True,False,False,False,False
2463,PARRUCCHIERE PER UOMO,VIA BOTTA CARLO N. 4 ; (z.d. 4),VIA,BOTTA CARLO,4,4069.0,4,,,22.0,True,False,False,False,False
2464,PARRUCCHIERE PER UOMO,VIA BREDA ERNESTO N. 44 ; (z.d. 2),VIA,BREDA ERNESTO,44,2342.0,2,,,,True,False,False,False,False
2465,PARRUCCHIERE PER UOMO,VIA BRIOSCHI FRANCESCO N. 93 con ingresso in via pezzotti; (z.d. 5),VIA,BRIOSCHI FRANCESCO,93,5243.0,5,,,18.0,True,False,False,False,False
2466,PARRUCCHIERE PER UOMO,VIA BRIOSI GIOVANNI N. 8 ; (z.d. 3),VIA,BRIOSI GIOVANNI,8,3209.0,3,,,16.0,True,False,False,False,False
2467,PARRUCCHIERE PER UOMO,VIA BUSSETO N. 2 ; (z.d. 4),VIA,BUSSETO,2,4372.0,4,,,16.0,True,False,False,False,False
2468,PARRUCCHIERE PER UOMO,VIA CACCIALEPORI N. 36 ; (z.d. 7),VIA,CACCIALEPORI,36,6557.0,7,,,18.0,True,False,False,False,False
2469,PARRUCCHIERE PER UOMO,VIA CACCIATORI BENEDETTO N. 1 ; (z.d. 7),VIA,CACCIATORI BENEDETTO,1,6305.0,7,,,,True,False,False,False,False
2470,PARRUCCHIERE PER UOMO,VIA CADIBONA N. 10 ; (z.d. 4),VIA,CADIBONA,10,3339.0,4,,,20.0,True,False,False,False,False
2471,PARRUCCHIERE PER UOMO,VIA CADORE N. 30 ; (z.d. 4),VIA,CADORE,30,3077.0,4,,,12.0,True,False,False,False,False
2473,PARRUCCHIERE PER UOMO,VIA CALIFORNIA N. 1 ; (z.d. 7),VIA,CALIFORNIA,1,6101.0,7,,2.0,16.0,True,False,False,False,False
2472,PARRUCCHIERE PER UOMO,VIA CALIFORNIA N. 14 ; (z.d. 7),VIA,CALIFORNIA,14,6101.0,7,,3.0,14.0,True,False,False,False,False
2474,PARRUCCHIERE PER UOMO,VIA CALVAIRATE N. 1 ; (z.d. 4),VIA,CALVAIRATE,1,3225.0,4,,,16.0,True,False,False,False,False
2475,PARRUCCHIERE PER UOMO,VIA CAMOZZI GABRIELE N. 1 ; (z.d. 7),VIA,CAMOZZI GABRIELE,1,6769.0,7,,,18.0,True,False,False,False,False
2476,PARRUCCHIERE PER UOMO,VIA CANDIANI GIUSEPPE N. 117 ; (z.d. 9),VIA,CANDIANI GIUSEPPE,117,1242.0,9,,,,True,False,False,False,False
2477,PARRUCCHIERE PER UOMO,VIA CANONICA LUIGI N. 13 ; (z.d. 1),VIA,CANONICA LUIGI,13,7121.0,1,,8.0,26.0,True,False,False,False,False
2478,PARRUCCHIERE PER UOMO,VIA CAPECELATRO ALFONSO N. 29 ; (z.d. 7),VIA,CAPECELATRO ALFONSO,29,6575.0,7,,,24.0,True,False,False,False,False
2479,PARRUCCHIERE PER UOMO,VIA CASATI FELICE N. 12 ; (z.d. 3),VIA,CASATI FELICE,12,2122.0,3,,,17.0,True,False,False,False,False
2480,PARRUCCHIERE PER UOMO,VIA CASELLA GIOVANNI BATTISTA N. 10 ; (z.d. 8),VIA,CASELLA GIOVANNI BATTISTA,10,7382.0,8,,18.0,18.0,True,False,False,False,False
2481,PARRUCCHIERE PER UOMO,VIA CASORETTO N. 43 ; (z.d. 3),VIA,CASORETTO,43,2420.0,3,,,,True,False,False,False,False
2482,PARRUCCHIERE PER UOMO,VIA CASORETTO N. 5 ; (z.d. 3),VIA,CASORETTO,5,2420.0,3,,6.0,22.0,True,False,False,False,False
2483,PARRUCCHIERE PER UOMO,VIA CASTALDI PANFILO N. 29 ; (z.d. 3),VIA,CASTALDI PANFILO,29,2119.0,3,,,16.0,True,False,False,False,False
2484,PARRUCCHIERE PER UOMO,VIA CASTALDI PANFILO N. 32 ; (z.d. 3),VIA,CASTALDI PANFILO,32,2119.0,3,,,16.0,True,False,False,False,False
2485,PARRUCCHIERE PER UOMO,VIA CAVALERI LUDOVICO N. 1 ; (z.d. 6),VIA,CAVALERI LUDOVICO,1,6845.0,6,,11.0,17.0,True,False,False,False,False
2486,PARRUCCHIERE PER UOMO,VIA CELESTINO IV N. 9 ; (z.d. 1),VIA,CELESTINO IV,9,540.0,1,,4.0,13.0,True,False,False,False,False
2487,PARRUCCHIERE PER UOMO,VIA CENISIO N. 40 ; (z.d. 8),VIA,CENISIO,40,7184.0,8,,6.0,16.0,True,False,False,False,False
2488,PARRUCCHIERE PER UOMO,VIA CENISIO N. 8 ; (z.d. 8),VIA,CENISIO,8,7184.0,8,,6.0,26.0,True,False,False,False,False
2489,PARRUCCHIERE PER UOMO,VIA CIAIA IGNAZIO N. 2 ; (z.d. 9),VIA,CIAIA IGNAZIO,2,1294.0,9,,,,True,False,False,False,False
2490,PARRUCCHIERE PER UOMO,VIA CICERONE  MARCO TULLIO num.014; (z.d. 9),VIA,CIAIA IGNAZIO,2,1294.0,9,,,,True,False,False,False,False
2491,PARRUCCHIERE PER UOMO,VIA CILEA FRANCESCO num.0102; (z.d. 8),VIA,CILEA FRANCESCO,,7526.0,8,,,,True,False,False,False,False
2492,PARRUCCHIERE PER UOMO,VIA CIMAROSA DOMENICO N. 5 ; (z.d. 7),VIA,CIMAROSA DOMENICO,5,6291.0,7,,5.0,13.0,True,False,False,False,False
2493,PARRUCCHIERE PER UOMO,VIA CINO DA PISTOIA N. 18 ; (z.d. 9),VIA,CINO DA PISTOIA,18,1445.0,9,,1.0,34.0,True,False,False,False,False
2494,PARRUCCHIERE PER UOMO,VIA CIVITALI MATTEO N. 40 ; (z.d. 7),VIA,CIVITALI MATTEO,40,6569.0,7,,,20.0,True,False,False,False,False
2495,PARRUCCHIERE PER UOMO,VIA CODARA GIUSEPPE N. 1 con ingr. v.le gorizia; (z.d. 6),VIA,CODARA GIUSEPPE,1,5174.0,6,,,,True,False,False,False,False
2497,PARRUCCHIERE PER UOMO,VIA COLA DI RIENZO N. 2 ; (z.d. 6),VIA,COLA DI RIENZO,2,6094.0,6,,2.0,15.0,True,False,False,False,False
2496,PARRUCCHIERE PER UOMO,VIA COLA DI RIENZO N. 28 ; (z.d. 6),VIA,COLA DI RIENZO,28,6094.0,6,,6.0,20.0,True,False,False,False,False
2498,PARRUCCHIERE PER UOMO,VIA CONCILIO VATICANO II N. 1 ; (z.d. 8),VIA,CONCILIO VATICANO II,1,7356.0,8,,10.0,25.0,True,False,False,False,False
2499,PARRUCCHIERE PER UOMO,VIA CONSOLE MARCELLO N. 10 ; (z.d. 8),VIA,CONSOLE MARCELLO,10,7278.0,8,,,17.0,True,False,False,False,False
2500,PARRUCCHIERE PER UOMO,VIA CONTE ROSSO N. 22 ; (z.d. 3),VIA,CONTE ROSSO,22,2667.0,3,,9.0,16.0,True,False,False,False,False
2501,PARRUCCHIERE PER UOMO,VIA CORREGGIO N. 69 ; (z.d. 7),VIA,CORREGGIO,69,6287.0,7,,14.0,23.0,True,False,False,False,False
2502,PARRUCCHIERE PER UOMO,VIA COSSERIA N. 1 ; (z.d. 5),VIA,COSSERIA,1,5197.0,5,,,16.0,True,False,False,False,False
2503,PARRUCCHIERE PER UOMO,VIA CREMA N. 23 ; (z.d. 5),VIA,CREMA,23,4061.0,5,,,24.0,True,False,False,False,False
2504,PARRUCCHIERE PER UOMO,VIA CURTATONE N. 6 ; (z.d. 1),VIA,CURTATONE,6,4034.0,1,,,15.0,True,False,False,False,False
2505,PARRUCCHIERE PER UOMO,VIA D'ADDA CARLO N. 1 ; (z.d. 6),VIA,D'ADDA CARLO,1,5272.0,6,,2.0,16.0,True,False,False,False,False
2506,PARRUCCHIERE PER UOMO,VIA DAL POZZO TOSCANELLI PAOLO N. 1 ; (z.d. 2),VIA,DAL POZZO TOSCANELLI PAOLO,1,2516.0,2,,10.0,18.0,True,False,False,False,False
2526,PARRUCCHIERE PER UOMO,VIA DE RUGGIERO GUIDO N. 4 ; (z.d. 5),VIA,DE RUGGIERO GUIDO,4,5442.0,5,,,30.0,True,False,False,False,False
2507,PARRUCCHIERE PER UOMO,VIA DEGLI IMBRIANI N. 27 ; (z.d. 9),VIA,DEGLI IMBRIANI,27,1266.0,9,,1.0,15.0,True,False,False,False,False
2508,PARRUCCHIERE PER UOMO,VIA DEGLI IMBRIANI N. 40 ; (z.d. 9),VIA,DEGLI IMBRIANI,40,1266.0,9,,2.0,19.0,True,False,False,False,False
2509,PARRUCCHIERE PER UOMO,VIA DEGLI IMBRIANI num.055a; (z.d. 9),VIA,DEGLI IMBRIANI,,1266.0,9,,4.0,24.0,True,False,False,False,False
2510,PARRUCCHIERE PER UOMO,VIA DEGLI ZUCCARO N. 2 ; (z.d. 6),VIA,DEGLI ZUCCARO,2,5390.0,6,,2.0,18.0,True,False,False,False,False
2511,PARRUCCHIERE PER UOMO,VIA DEI CARAFA N. 14 ; (z.d. 9),VIA,DEI CARAFA,14,1504.0,9,,,70.0,True,False,False,False,False
2512,PARRUCCHIERE PER UOMO,VIA DEI FIORDALISI N. 4 ; (z.d. 6),VIA,DEI FIORDALISI,4,6710.0,6,,4.0,32.0,True,False,False,False,False
2513,PARRUCCHIERE PER UOMO,VIA DEL BOLLO N. 3 ; (z.d. 1),VIA,DEL BOLLO,3,568.0,1,,4.0,18.0,True,False,False,False,False
2514,PARRUCCHIERE PER UOMO,VIA DEL DON N. 2 ; (z.d. 1),VIA,DEL DON,2,596.0,1,,,,True,False,False,False,False
2522,PARRUCCHIERE PER UOMO,VIA DEL MAINO GIASONE N. 31 ; (z.d. 7),VIA,DEL MAINO GIASONE,31,6262.0,7,,,36.0,True,False,False,False,False
2523,PARRUCCHIERE PER UOMO,VIA DEL MELLA N. 5 ; (z.d. 7),VIA,DEL MELLA,5,6416.0,7,,4.0,17.0,True,False,False,False,False
2524,PARRUCCHIERE PER UOMO,VIA DEL TORCHIO N. 8 ; (z.d. 1),VIA,DEL TORCHIO,8,556.0,1,,8.0,18.0,True,False,False,False,False
2525,PARRUCCHIERE PER UOMO,VIA DEL TURCHINO N. 10 ; (z.d. 4),VIA,DEL TURCHINO,10,3337.0,4,,,,True,False,False,False,False
2515,PARRUCCHIERE PER UOMO,VIA DELLA MOSCOVA N. 19 ; (z.d. 1),VIA,DELLA MOSCOVA,19,1016.0,1,,,,True,False,False,False,False
2516,PARRUCCHIERE PER UOMO,VIA DELLA MOSCOVA N. 66 ; (z.d. 1),VIA,DELLA MOSCOVA,66,1016.0,1,,,,True,False,False,False,False
2517,PARRUCCHIERE PER UOMO,VIA DELLE BETULLE num.006a; (z.d. 7),VIA,DELLE BETULLE,,6828.0,7,,,23.0,True,False,False,False,False
2518,PARRUCCHIERE PER UOMO,VIA DELLE FORZE ARMATE N. 165 ; (z.d. 7),VIA,DELLE FORZE ARMATE,165,6643.0,7,,,,True,False,False,False,False
2519,PARRUCCHIERE PER UOMO,VIA DELLE FORZE ARMATE N. 196 ; (z.d. 7),VIA,DELLE FORZE ARMATE,196,6643.0,7,,,12.0,True,False,False,False,False
2520,PARRUCCHIERE PER UOMO,VIA DELLE FORZE ARMATE N. 246 ; (z.d. 7),VIA,DELLE FORZE ARMATE,246,6643.0,7,,14.0,19.0,True,False,False,False,False
2521,PARRUCCHIERE PER UOMO,VIA DELLE FORZE ARMATE N. 328 ; (z.d. 7),VIA,DELLE FORZE ARMATE,328,6643.0,7,,,15.0,True,False,False,False,False
2527,PARRUCCHIERE PER UOMO,VIA DOLCI CARLO N. 16 ; (z.d. 7),VIA,DOLCI CARLO,16,6555.0,7,,3.0,19.0,True,False,False,False,False
2528,PARRUCCHIERE PER UOMO,VIA DONIZETTI GAETANO N. 2 ; (z.d. 1),VIA,DONIZETTI GAETANO,2,3030.0,1,,,40.0,True,False,False,False,False
2529,PARRUCCHIERE PER UOMO,VIA DUE GIUGNO num.006; (z.d. 7),VIA,DUE GIUGNO,,6787.0,7,,,13.0,True,False,False,False,False
2530,PARRUCCHIERE PER UOMO,VIA EDOLO N. 27 ; (z.d. 2),VIA,EDOLO,27,1217.0,2,,2.0,21.0,True,False,False,False,False
2531,PARRUCCHIERE PER UOMO,VIA ELBA N. 8 ; (z.d. 7),VIA,ELBA,8,6243.0,7,,,15.0,True,False,False,False,False
2532,PARRUCCHIERE PER UOMO,VIA EMANUELE FILIBERTO N. 4 ; (z.d. 8),VIA,EMANUELE FILIBERTO,4,7168.0,8,,,35.0,True,False,False,False,False
2533,PARRUCCHIERE PER UOMO,VIA EUSTACHI BARTOLOMEO N. 32 ; (z.d. 3),VIA,EUSTACHI BARTOLOMEO,32,2165.0,3,,,15.0,True,False,False,False,False
2545,PARRUCCHIERE PER UOMO,VIA F.LLI ANTONA TRAVERSI N. 20 ; (z.d. 8),VIA,F.LLI ANTONA TRAVERSI,20,7354.0,8,,,,True,False,False,False,False
2546,PARRUCCHIERE PER UOMO,VIA F.LLI INDUNO N. 28 ; (z.d. 8),VIA,F.LLI INDUNO,28,7217.0,8,,9.0,20.0,True,False,False,False,False
2534,PARRUCCHIERE PER UOMO,VIA FALCONE N. 7 ; (z.d. 1),VIA,FALCONE,7,520.0,1,,,,True,False,False,False,False
2535,PARRUCCHIERE PER UOMO,VIA FARA GUSTAVO N. 9 ; (z.d. 9),VIA,FARA GUSTAVO,9,1183.0,9,,,20.0,True,False,False,False,False
2536,PARRUCCHIERE PER UOMO,VIA FARINI CARLO N. 44 ; (z.d. 9),VIA,FARINI CARLO,44,1114.0,9,,,,True,False,False,False,False
2537,PARRUCCHIERE PER UOMO,VIA FATEBENEFRATELLI N. 15 ; (z.d. 1),VIA,FATEBENEFRATELLI,15,144.0,1,,4.0,17.0,True,False,False,False,False
2538,PARRUCCHIERE PER UOMO,VIA FAUCHE' GIOVANNI BATTISTA N. 9 ; (z.d. 8),VIA,FAUCHE' GIOVANNI BATTISTA,9,7192.0,8,,18.0,20.0,True,False,False,False,False
2539,PARRUCCHIERE PER UOMO,VIA FERRIERI ENZO N. 12 ; (z.d. 7),VIA,FERRIERI ENZO,12,6367.0,7,,,,True,False,False,False,False
2540,PARRUCCHIERE PER UOMO,VIA FEZZAN N. 2 ; (z.d. 6),VIA,FEZZAN,2,6677.0,6,,8.0,21.0,True,False,False,False,False
2541,PARRUCCHIERE PER UOMO,VIA FIAMMA GALVANO N. 6 ; (z.d. 4),VIA,FIAMMA GALVANO,6,3079.0,4,,,,True,False,False,False,False
2542,PARRUCCHIERE PER UOMO,VIA FILZI FABIO N. 33 ; (z.d. 2),VIA,FILZI FABIO,33,1190.0,2,,,33.0,True,False,False,False,False
2543,PARRUCCHIERE PER UOMO,VIA FILZI FABIO N. 42 int.cas.g.f.; (z.d. 2),VIA,FILZI FABIO,42,1190.0,2,,,15.0,True,False,False,False,False
2544,PARRUCCHIERE PER UOMO,VIA FILZI FABIO N. 9 ; (z.d. 2),VIA,FILZI FABIO,9,1190.0,2,,,41.0,True,False,False,False,False
2547,PARRUCCHIERE PER UOMO,VIA FORNARI PASQUALE N. 4 ; (z.d. 7),VIA,FORNARI PASQUALE,4,6592.0,7,,,,True,False,False,False,False
2548,PARRUCCHIERE PER UOMO,VIA GALLINA GIACINTO N. 1 ; (z.d. 3),VIA,GALLINA GIACINTO,1,3105.0,3,,,26.0,True,False,False,False,False
2550,PARRUCCHIERE PER UOMO,VIA GALLURA N. 1 ; (z.d. 5),VIA,GALLURA,1,4256.0,5,,6.0,30.0,True,False,False,False,False
2549,PARRUCCHIERE PER UOMO,VIA GALLURA N. 15 ; (z.d. 5),VIA,GALLURA,15,4256.0,5,,,16.0,True,False,False,False,False
2551,PARRUCCHIERE PER UOMO,VIA GHERARDINI GIOVANNI N. 2 ; (z.d. 1),VIA,GHERARDINI GIOVANNI,2,7140.0,1,,2.0,27.0,True,False,False,False,False
2552,PARRUCCHIERE PER UOMO,VIA GIOIA MELCHIORRE N. 43 ; (z.d. 9),VIA,GIOIA MELCHIORRE,43,1108.0,9,,,16.0,True,False,False,False,False
2553,PARRUCCHIERE PER UOMO,VIA GIOIA MELCHIORRE N. 63 ; (z.d. 2),VIA,GIOIA MELCHIORRE,63,1108.0,2,,,16.0,True,False,False,False,False
2554,PARRUCCHIERE PER UOMO,VIA GIOVIO PAOLO N. 8 ; (z.d. 7),VIA,GIOVIO PAOLO,8,6194.0,7,,,36.0,True,False,False,False,False
2555,PARRUCCHIERE PER UOMO,VIA GIUSTI GIUSEPPE N. 28 ; (z.d. 1),VIA,GIUSTI GIUSEPPE,28,7127.0,1,,5.0,20.0,True,False,False,False,False
2556,PARRUCCHIERE PER UOMO,VIA GLUCK CRISTOFORO N. 5 ; (z.d. 2),VIA,GLUCK CRISTOFORO,5,1215.0,2,,4.0,28.0,True,False,False,False,False
2557,PARRUCCHIERE PER UOMO,VIA GOVONE GIUSEPPE N. 28 ; (z.d. 8),VIA,GOVONE GIUSEPPE,28,7222.0,8,,,18.0,True,False,False,False,False
2558,PARRUCCHIERE PER UOMO,VIA GOVONE GIUSEPPE N. 56 ; (z.d. 8),VIA,GOVONE GIUSEPPE,56,7222.0,8,,1.0,23.0,True,False,False,False,False
2559,PARRUCCHIERE PER UOMO,VIA GRAZIANO IMPERATORE N. 41 ; (z.d. 9),VIA,GRAZIANO IMPERATORE,41,1524.0,9,,,20.0,True,False,False,False,False
2560,PARRUCCHIERE PER UOMO,VIA GREPPI MARCO N. 8 ; (z.d. 4),VIA,GREPPI MARCO,8,3213.0,4,,,,True,False,False,False,False
2561,PARRUCCHIERE PER UOMO,VIA GROSSICH ANTONIO N. 17 ; (z.d. 3),VIA,GROSSICH ANTONIO,17,2576.0,3,,1.0,25.0,True,False,False,False,False
2562,PARRUCCHIERE PER UOMO,VIA GROSSICH ANTONIO N. 2 ingresso via bassini; (z.d. 3),VIA,GROSSICH ANTONIO,2,2576.0,3,,,16.0,True,False,False,False,False
2563,PARRUCCHIERE PER UOMO,VIA HAYEZ FRANCESCO N. 13 ; (z.d. 3),VIA,HAYEZ FRANCESCO,13,2172.0,3,,,15.0,True,False,False,False,False
2564,PARRUCCHIERE PER UOMO,VIA ILLIRICO N. 6 ; (z.d. 3),VIA,ILLIRICO,6,3245.0,3,,2.0,17.0,True,False,False,False,False
2565,PARRUCCHIERE PER UOMO,VIA IMBONATI CARLO N. 75 ; (z.d. 9),VIA,IMBONATI CARLO,75,1311.0,9,,,19.0,True,False,False,False,False
2566,PARRUCCHIERE PER UOMO,VIA INGANNI ANGELO N. 2 ; (z.d. 6),VIA,INGANNI ANGELO,2,6672.0,6,,,15.0,True,False,False,False,False
2567,PARRUCCHIERE PER UOMO,VIA JACOPO DAL VERME N. 5 ; (z.d. 9),VIA,JACOPO DAL VERME,5,1130.0,9,,,22.0,True,False,False,False,False
2568,PARRUCCHIERE PER UOMO,VIA JAN GIORGIO N. 3 ; (z.d. 3),VIA,JAN GIORGIO,3,2154.0,3,,2.0,17.0,True,False,False,False,False
2569,PARRUCCHIERE PER UOMO,VIA LAGRANGE GIUSEPPE N. 13 ; (z.d. 5),VIA,LAGRANGE GIUSEPPE,13,5205.0,5,,,13.0,True,False,False,False,False
2570,PARRUCCHIERE PER UOMO,VIA LEPONTINA N. 11 ; (z.d. 9),VIA,LEPONTINA,11,1147.0,9,,10.0,16.0,True,False,False,False,False
2571,PARRUCCHIERE PER UOMO,VIA LEPONTINA N. 12 ; (z.d. 9),VIA,LEPONTINA,12,1147.0,9,,,,True,False,False,False,False
2572,PARRUCCHIERE PER UOMO,VIA LESSONA MICHELE N. 1 ; (z.d. 8),VIA,LESSONA MICHELE,1,7490.0,8,,,,True,False,False,False,False
2573,PARRUCCHIERE PER UOMO,VIA LODOVICO IL MORO N. 13 1 locale; (z.d. 6),VIA,LODOVICO IL MORO,13,5290.0,6,,,30.0,True,False,False,False,False
2574,PARRUCCHIERE PER UOMO,VIA LODOVICO IL MORO N. 59 ; (z.d. 6),VIA,LODOVICO IL MORO,59,5290.0,6,,,,True,False,False,False,False
2575,PARRUCCHIERE PER UOMO,VIA LODOVICO IL MORO num.093a; (z.d. 6),VIA,LORENTEGGIO,143,5132.0,6,,,,True,False,False,False,False
2576,PARRUCCHIERE PER UOMO,VIA LOMAZZO PAOLO N. 16 ; (z.d. 8),VIA,LOMAZZO PAOLO,16,7079.0,8,,,18.0,True,False,False,False,False
2577,PARRUCCHIERE PER UOMO,VIA LOMBROSO CESARE N. 20 ; (z.d. 4),VIA,LOMBROSO CESARE,20,3334.0,4,,,,True,False,False,False,False
2578,PARRUCCHIERE PER UOMO,VIA LOMBROSO CESARE N. 54 ; (z.d. 4),VIA,LOMBROSO CESARE,54,3334.0,4,,,,True,False,False,False,False
2579,PARRUCCHIERE PER UOMO,VIA LORENTEGGIO N. 124 ; (z.d. 6),VIA,LORENTEGGIO,124,5132.0,6,,3.0,18.0,True,False,False,False,False
2580,PARRUCCHIERE PER UOMO,VIA LORENTEGGIO N. 234 ; (z.d. 6),VIA,LORENTEGGIO,234,5132.0,6,,13.0,19.0,True,False,False,False,False
2581,PARRUCCHIERE PER UOMO,VIA LORENTEGGIO N. 30 ; (z.d. 6),VIA,LORENTEGGIO,30,5132.0,6,,3.0,14.0,True,False,False,False,False
2582,PARRUCCHIERE PER UOMO,VIA LORENTEGGIO N. 38 ; (z.d. 6),VIA,LORENTEGGIO,38,5132.0,6,,6.0,20.0,True,False,False,False,False
2583,PARRUCCHIERE PER UOMO,VIA LOSANNA N. 36 ; (z.d. 8),VIA,LOSANNA,36,7190.0,8,,5.0,18.0,True,False,False,False,False
2584,PARRUCCHIERE PER UOMO,VIA LUINI BERNARDINO N. 7 ; (z.d. 1),VIA,LUINI BERNARDINO,7,638.0,1,,,24.0,True,False,False,False,False
2585,PARRUCCHIERE PER UOMO,VIA MAC MAHON N. 111 ; (z.d. 8),VIA,MAC MAHON,111,7221.0,8,,,,True,False,False,False,False
2586,PARRUCCHIERE PER UOMO,VIA MALPIGHI MARCELLO N. 3 ; (z.d. 3),VIA,MALPIGHI MARCELLO,3,2182.0,3,,6.0,31.0,True,False,False,False,False
2587,PARRUCCHIERE PER UOMO,VIA MALPIGHI MARCELLO N. 8 ; (z.d. 3),VIA,MALPIGHI MARCELLO,8,2182.0,3,,11.0,21.0,True,False,False,False,False
2588,PARRUCCHIERE PER UOMO,VIA MANTOVA N. 2 ; (z.d. 5),VIA,MANTOVA,2,4217.0,5,,,22.0,True,False,False,False,False
2589,PARRUCCHIERE PER UOMO,VIA MARCHIONNI CARLOTTA N. 23 ; (z.d. 9),VIA,MARCHIONNI CARLOTTA,23,1658.0,9,,1.0,14.0,True,False,False,False,False
2590,PARRUCCHIERE PER UOMO,VIA MARCHIONNI CARLOTTA N. 3 ; (z.d. 9),VIA,MARCHIONNI CARLOTTA,3,1658.0,9,,8.0,25.0,True,False,False,False,False
2591,PARRUCCHIERE PER UOMO,VIA MARCO D'AGRATE N. 15 ; (z.d. 5),VIA,MARCO D'AGRATE,15,4276.0,5,,,20.0,True,False,False,False,False
2592,PARRUCCHIERE PER UOMO,VIA MARCONA N. 90 ; (z.d. 4),VIA,MARCONA,90,3080.0,4,,,,True,False,False,False,False
2593,PARRUCCHIERE PER UOMO,VIA MAROCHETTI CARLO N. 19 ; (z.d. 4),VIA,MAROCHETTI CARLO,19,4185.0,4,,,33.0,True,False,False,False,False
2594,PARRUCCHIERE PER UOMO,VIA MAROCHETTI CARLO N. 9 ; (z.d. 4),VIA,MAROCHETTI CARLO,9,4185.0,4,,5.0,16.0,True,False,False,False,False
2595,PARRUCCHIERE PER UOMO,VIA MARTINETTI PIERO N. 31 ; (z.d. 7),VIA,MARTINETTI PIERO,31,6339.0,7,,,,True,False,False,False,False
2596,PARRUCCHIERE PER UOMO,VIA MAZZOLARI DON PRIMO N. 33 ; (z.d. 6),VIA,MAZZOLARI DON PRIMO,33,5457.0,6,,,27.0,True,False,False,False,False
2597,PARRUCCHIERE PER UOMO,VIA MECENATE N. 107 ; (z.d. 4),VIA,MECENATE,107,3323.0,4,,,44.0,True,False,False,False,False
2598,PARRUCCHIERE PER UOMO,VIA MELZO N. 22 ; (z.d. 3),VIA,MELZO,22,2184.0,3,,3.0,24.0,True,False,False,False,False
2599,PARRUCCHIERE PER UOMO,VIA MICHELINO DA BESOZZO N. 6 ; (z.d. 8),VIA,MICHELINO DA BESOZZO,6,7263.0,8,,,21.0,True,False,False,False,False
2600,PARRUCCHIERE PER UOMO,VIA MINCIO N. 3 ; (z.d. 4),VIA,MINCIO,3,4157.0,4,,,,True,False,False,False,False
2601,PARRUCCHIERE PER UOMO,VIA MOMIGLIANO ATTILIO N. 3 ; (z.d. 5),VIA,MOMIGLIANO ATTILIO,3,5401.0,5,,,23.0,True,False,False,False,False
2602,PARRUCCHIERE PER UOMO,VIA MONDOVI' N. 4 ; (z.d. 2),VIA,MONDOVI',4,2515.0,2,,10.0,23.0,True,False,False,False,False
2604,PARRUCCHIERE PER UOMO,VIA MONTE OLIVETO N. 10 ; (z.d. 4),VIA,MONTE OLIVETO,10,3345.0,4,,,,True,False,False,False,False
2605,PARRUCCHIERE PER UOMO,VIA MONTE PALOMBINO N. 4 ; (z.d. 4),VIA,MONTE PALOMBINO,4,4368.0,4,,,14.0,True,False,False,False,False
2603,PARRUCCHIERE PER UOMO,VIA MONTEGANI LODOVICO N. 66 ; (z.d. 5),VIA,MONTEGANI LODOVICO,66,5330.0,5,,3.0,33.0,True,False,False,False,False
2606,PARRUCCHIERE PER UOMO,VIA MONTI VINCENZO N. 15 ; (z.d. 1),VIA,MONTI VINCENZO,15,6155.0,1,,,19.0,True,False,False,False,False
2607,PARRUCCHIERE PER UOMO,VIA MONTI VINCENZO N. 32 ; (z.d. 1),VIA,MONTI VINCENZO,32,6155.0,1,,6.0,17.0,True,False,False,False,False
2608,PARRUCCHIERE PER UOMO,VIA MONTI VINCENZO num.057a; (z.d. 1),VIA,VISCONTI DI MODRONE UBERTO,38,361.0,1,,,29.0,True,False,False,False,False
2609,PARRUCCHIERE PER UOMO,VIA MORA GIAN GIACOMO N. 5 ; (z.d. 1),VIA,MORA GIAN GIACOMO,5,594.0,1,,,17.0,True,False,False,False,False
2610,PARRUCCHIERE PER UOMO,VIA MORGAGNI GIOVANNI BATTISTA N. 2 ; (z.d. 3),VIA,MORGAGNI GIOVANNI BATTISTA,2,2158.0,3,,3.0,22.0,True,False,False,False,False
2611,PARRUCCHIERE PER UOMO,VIA MORGAGNI GIOVANNI BATTISTA N. 38 ; (z.d. 3),VIA,MORGAGNI GIOVANNI BATTISTA,38,2158.0,3,,3.0,39.0,True,False,False,False,False
2612,PARRUCCHIERE PER UOMO,VIA MORONE GEROLAMO N. 3 ; (z.d. 1),VIA,MORONE GEROLAMO,3,200.0,1,,,52.0,True,False,False,False,False
2613,PARRUCCHIERE PER UOMO,VIA MOROSINI EMILIO N. 23 ; (z.d. 4),VIA,MOROSINI EMILIO,23,3073.0,4,,,33.0,True,False,False,False,False
2614,PARRUCCHIERE PER UOMO,VIA MUSSI GIUSEPPE N. 9 ; (z.d. 8),VIA,MUSSI GIUSEPPE,9,7199.0,8,,,21.0,True,False,False,False,False
2615,PARRUCCHIERE PER UOMO,VIA NEERA ANNA N. 22 ; (z.d. 5),VIA,NEERA ANNA,22,5326.0,5,,4.0,22.0,True,False,False,False,False
2616,PARRUCCHIERE PER UOMO,VIA NEGROLI N. 13 ; (z.d. 4),VIA,NEGROLI,13,3279.0,4,,10.0,19.0,True,False,False,False,False
2617,PARRUCCHIERE PER UOMO,VIA NERI POMPEO N. 2 ; (z.d. 6),VIA,NERI POMPEO,2,6817.0,6,,,,True,False,False,False,False
2618,PARRUCCHIERE PER UOMO,VIA NOVARO MICHELE N. 25 ; (z.d. 9),VIA,NOVARO MICHELE,25,1559.0,9,,,33.0,True,False,False,False,False
2619,PARRUCCHIERE PER UOMO,VIA OLMETTO N. 21 ; (z.d. 1),VIA,OLMETTO,21,553.0,1,,1.0,20.0,True,False,False,False,False
2620,PARRUCCHIERE PER UOMO,VIA ORNATO LUIGI N. 113 ; (z.d. 9),VIA,ORNATO LUIGI,113,1591.0,9,,8.0,18.0,True,False,False,False,False
2621,PARRUCCHIERE PER UOMO,VIA ORNATO LUIGI N. 60 ; (z.d. 9),VIA,ORNATO LUIGI,60,1591.0,9,,1.0,22.0,True,False,False,False,False
2622,PARRUCCHIERE PER UOMO,VIA ORSINI VINCENZO GIORDANO N. 16 ; (z.d. 7),VIA,ORSINI VINCENZO GIORDANO,16,6648.0,7,,10.0,22.0,True,False,False,False,False
2623,PARRUCCHIERE PER UOMO,VIA ORTICA N. 1 ; (z.d. 3),VIA,ORTICA,1,3242.0,3,,8.0,15.0,True,False,False,False,False
2624,PARRUCCHIERE PER UOMO,VIA PACINI GIOVANNI N. 33 ; (z.d. 3),VIA,PACINI GIOVANNI,33,2571.0,3,,,17.0,True,False,False,False,False
2625,PARRUCCHIERE PER UOMO,VIA PADOVA N. 140 ; (z.d. 2),VIA,PADOVA,140,2275.0,2,,,,True,False,False,False,False
2626,PARRUCCHIERE PER UOMO,VIA PADOVA N. 167 ; (z.d. 2),VIA,PADOVA,167,2275.0,2,,,15.0,True,False,False,False,False
2627,PARRUCCHIERE PER UOMO,VIA PADOVA N. 92 ; (z.d. 2),VIA,PADOVA,92,2275.0,2,,,16.0,True,False,False,False,False
2628,PARRUCCHIERE PER UOMO,VIA PADOVA N. 95 ; (z.d. 2),VIA,PADOVA,95,2275.0,2,,3.0,28.0,True,False,False,False,False
2629,PARRUCCHIERE PER UOMO,VIA PAGLIANO ELEUTERIO N. 35 ; (z.d. 7),VIA,PAGLIANO ELEUTERIO,35,6390.0,7,,3.0,15.0,True,False,False,False,False
2630,PARRUCCHIERE PER UOMO,VIA PALAZZI LAZZARO N. 4 ; (z.d. 3),VIA,PALAZZI LAZZARO,4,2171.0,3,,,,True,False,False,False,False
2631,PARRUCCHIERE PER UOMO,VIA PALMANOVA N. 147 ; (z.d. 2),VIA,PALMANOVA,147,2390.0,2,,10.0,22.0,True,False,False,False,False
2632,PARRUCCHIERE PER UOMO,VIA PALMANOVA N. 56 ; (z.d. 3),VIA,PALMANOVA,56,2390.0,3,,19.0,22.0,True,False,False,False,False
2633,PARRUCCHIERE PER UOMO,VIA PAOLO DA CANNOBIO N. 16 ; (z.d. 1),VIA,PAOLO DA CANNOBIO,16,338.0,1,,,16.0,True,False,False,False,False
2634,PARRUCCHIERE PER UOMO,VIA PAPI LAZZARO N. 22 ; (z.d. 4),VIA,PAPI LAZZARO,22,4071.0,4,,,15.0,True,False,False,False,False
2635,PARRUCCHIERE PER UOMO,VIA PARENZO N. 8 ; (z.d. 6),VIA,PARENZO,8,5367.0,6,,16.0,19.0,True,False,False,False,False
2636,PARRUCCHIERE PER UOMO,VIA PARETO VILFREDO N. 7 ; (z.d. 8),VIA,PARETO VILFREDO,7,7440.0,8,,13.0,20.0,True,False,False,False,False
2637,PARRUCCHIERE PER UOMO,VIA PASCARELLA CESARE N. 1 ; (z.d. 8),VIA,PASCARELLA CESARE,1,7349.0,8,,,,True,False,False,False,False
2638,PARRUCCHIERE PER UOMO,VIA PASCOLI GIOVANNI N. 56 ; (z.d. 3),VIA,PASCOLI GIOVANNI,56,3132.0,3,,6.0,29.0,True,False,False,False,False
2639,PARRUCCHIERE PER UOMO,VIA PECCHIO GIUSEPPE N. 3 ; (z.d. 3),VIA,PECCHIO GIUSEPPE,3,2240.0,3,,2.0,18.0,True,False,False,False,False
2640,PARRUCCHIERE PER UOMO,VIA PERGOLESI GIOVANNI BATTISTA N. 19 ; (z.d. 3),VIA,PERGOLESI GIOVANNI BATTISTA,19,2231.0,3,,,25.0,True,False,False,False,False
2641,PARRUCCHIERE PER UOMO,VIA PERUGINO N. 32 ; (z.d. 4),VIA,PERUGINO,32,3198.0,4,,,18.0,True,False,False,False,False
2642,PARRUCCHIERE PER UOMO,VIA PEZZOTTI GIOVANNI N. 46 ; (z.d. 5),VIA,PEZZOTTI GIOVANNI,46,5244.0,5,,6.0,27.0,True,False,False,False,False
2643,PARRUCCHIERE PER UOMO,VIA PIACENZA N. 1 ; (z.d. 5),VIA,PIACENZA,1,4064.0,5,,3.0,15.0,True,False,False,False,False
2644,PARRUCCHIERE PER UOMO,VIA PIERI MARIO N. 2 ; (z.d. 2),VIA,PIERI MARIO,2,2513.0,2,,5.0,24.0,True,False,False,False,False
2645,PARRUCCHIERE PER UOMO,VIA PIERO DELLA FRANCESCA N. 74 ; (z.d. 8),VIA,PIERO DELLA FRANCESCA,74,7188.0,8,,,24.0,True,False,False,False,False
2646,PARRUCCHIERE PER UOMO,VIA PILO ROSOLINO N. 8 ; (z.d. 3),VIA,PILO ROSOLINO,8,2189.0,3,,8.0,20.0,True,False,False,False,False
2647,PARRUCCHIERE PER UOMO,VIA PISANELLO N. 8 ; (z.d. 7),VIA,PISANELLO,8,6600.0,7,,12.0,27.0,True,False,False,False,False
2648,PARRUCCHIERE PER UOMO,VIA PISANI VITTOR N. 19 ; (z.d. 2),VIA,PISANI VITTOR,19,1201.0,2,,3.0,18.0,True,False,False,False,False
2649,PARRUCCHIERE PER UOMO,VIA PISANI VITTOR N. 7 ; (z.d. 2),VIA,PISANI VITTOR,7,1201.0,2,,,60.0,True,False,False,False,False
2650,PARRUCCHIERE PER UOMO,VIA PISTRUCCI SCIPIONE N. 10 ; (z.d. 4),VIA,PISTRUCCI SCIPIONE,10,3215.0,4,,,,True,False,False,False,False
2651,PARRUCCHIERE PER UOMO,VIA PITTERI RICCARDO N. 3 ; (z.d. 3),VIA,PITTERI RICCARDO,3,2674.0,3,,,29.0,True,False,False,False,False
2652,PARRUCCHIERE PER UOMO,VIA PLINIO CAIO SECONDO N. 48 ; (z.d. 3),VIA,PLINIO CAIO SECONDO,48,2144.0,3,,,,True,False,False,False,False
2653,PARRUCCHIERE PER UOMO,VIA PLINIO CAIO SECONDO N. 63 ang.p.za erba; (z.d. 3),VIA,PLINIO CAIO SECONDO,63,2144.0,3,,,22.0,True,False,False,False,False
2654,PARRUCCHIERE PER UOMO,VIA PONALE N. 66 ; (z.d. 9),VIA,PONALE,66,1616.0,9,,,38.0,True,False,False,False,False
2655,PARRUCCHIERE PER UOMO,VIA PONCHIELLI AMILCARE N. 1 ; (z.d. 3),VIA,PONCHIELLI AMILCARE,1,2142.0,3,,2.0,21.0,True,False,False,False,False
2656,PARRUCCHIERE PER UOMO,VIA PONTE NUOVO N. 26 ; (z.d. 2),VIA,PONTE NUOVO,26,2494.0,2,,4.0,14.0,True,False,False,False,False
2657,PARRUCCHIERE PER UOMO,VIA PONTE NUOVO N. 48 ; (z.d. 2),VIA,PONTE NUOVO,48,2494.0,2,,,24.0,True,False,False,False,False
2658,PARRUCCHIERE PER UOMO,VIA PONTE SEVESO N. 26 ; (z.d. 2),VIA,PONTE SEVESO,26,1203.0,2,,,15.0,True,False,False,False,False
2659,PARRUCCHIERE PER UOMO,VIA POPULONIA N. 8 ; (z.d. 9),VIA,POPULONIA,8,1315.0,9,,,,True,False,False,False,False
2660,PARRUCCHIERE PER UOMO,VIA PORPORA NICOLA ANTONIO N. 109 ; (z.d. 3),VIA,PORPORA NICOLA ANTONIO,109,2229.0,3,,,18.0,True,False,False,False,False
2661,PARRUCCHIERE PER UOMO,VIA PORPORA NICOLA ANTONIO N. 151 ; (z.d. 3),VIA,PORPORA NICOLA ANTONIO,151,2229.0,3,,,,True,False,False,False,False
2662,PARRUCCHIERE PER UOMO,VIA PRIMATICCIO FRANCESCO N. 182 ; (z.d. 6),VIA,PRIMATICCIO FRANCESCO,182,6646.0,6,,5.0,15.0,True,False,False,False,False
2663,PARRUCCHIERE PER UOMO,VIA PROCACCINI GIULIO CESARE N. 26 ; (z.d. 8),VIA,PROCACCINI GIULIO CESARE,26,7204.0,8,,,20.0,True,False,False,False,False
2664,PARRUCCHIERE PER UOMO,VIA QUINTO ROMANO N. 14 ; (z.d. 7),VIA,QUINTO ROMANO,14,6333.0,7,,,16.0,True,False,False,False,False
2665,PARRUCCHIERE PER UOMO,VIA RAVIZZA CARLO N. 24 ; (z.d. 7),VIA,RAVIZZA CARLO,24,6285.0,7,,,,True,False,False,False,False
2666,PARRUCCHIERE PER UOMO,VIA REMBRANDT N. 56 ; (z.d. 7),VIA,REMBRANDT,56,6618.0,7,,16.0,17.0,True,False,False,False,False
2668,PARRUCCHIERE PER UOMO,VIA RIPAMONTI GIUSEPPE N. 19 ; (z.d. 5),VIA,RIPAMONTI GIUSEPPE,19,4066.0,5,,2.0,20.0,True,False,False,False,False
2667,PARRUCCHIERE PER UOMO,VIA RIPAMONTI GIUSEPPE N. 191 ; (z.d. 5),VIA,RIPAMONTI GIUSEPPE,191,4066.0,5,,,24.0,True,False,False,False,False
2669,PARRUCCHIERE PER UOMO,VIA RIPAMONTI GIUSEPPE N. 212 ; (z.d. 5),VIA,RIPAMONTI GIUSEPPE,212,4066.0,5,,14.0,15.0,True,False,False,False,False
2670,PARRUCCHIERE PER UOMO,VIA RIPAMONTI GIUSEPPE N. 219 ; (z.d. 5),VIA,RIPAMONTI GIUSEPPE,219,4066.0,5,,,24.0,True,False,False,False,False
2671,PARRUCCHIERE PER UOMO,VIA RISMONDO FRANCESCO N. 1 ; (z.d. 7),VIA,RISMONDO FRANCESCO,1,6756.0,7,,23.0,25.0,True,False,False,False,False
2672,PARRUCCHIERE PER UOMO,VIA RISMONDO FRANCESCO N. 72 ; (z.d. 7),VIA,RISMONDO FRANCESCO,72,6756.0,7,,,,True,False,False,False,False
2673,PARRUCCHIERE PER UOMO,VIA RIVA DI TRENTO N. 2 ; (z.d. 4),VIA,RIVA DI TRENTO,2,4155.0,4,,,,True,False,False,False,False
2674,PARRUCCHIERE PER UOMO,VIA ROMEO NICOLA N. 5 ; (z.d. 5),VIA,ROMEO NICOLA,5,5479.0,5,,,,True,False,False,False,False
2675,PARRUCCHIERE PER UOMO,VIA RONCAGLIA N. 35 ; (z.d. 6),VIA,RONCAGLIA,35,6122.0,6,,8.0,15.0,True,False,False,False,False
2676,PARRUCCHIERE PER UOMO,VIA RONCHI N. 11 ; (z.d. 3),VIA,RONCHI,11,2655.0,3,,3.0,18.0,True,False,False,False,False
2677,PARRUCCHIERE PER UOMO,VIA ROSSI PELLEGRINO N. 13 ; (z.d. 9),VIA,ROSSI PELLEGRINO,13,1510.0,9,,,40.0,True,False,False,False,False
2678,PARRUCCHIERE PER UOMO,VIA ROVELLO N. 18 ; (z.d. 1),VIA,ROVELLO,18,722.0,1,,,27.0,True,False,False,False,False
2679,PARRUCCHIERE PER UOMO,VIA ROVERETO N. 11 ; (z.d. 2),VIA,ROVERETO,11,2300.0,2,,,36.0,True,False,False,False,False
2680,PARRUCCHIERE PER UOMO,VIA ROVETTA GEROLAMO N. 19 ; (z.d. 2),VIA,ROVETTA GEROLAMO,19,2333.0,2,,6.0,18.0,True,False,False,False,False
2681,PARRUCCHIERE PER UOMO,VIA RUBENS PIETRO N. 10 ; (z.d. 7),VIA,RUBENS PIETRO,10,6597.0,7,,4.0,18.0,True,False,False,False,False
2682,PARRUCCHIERE PER UOMO,VIA RUGGERO DI LAURIA N. 15 ; (z.d. 8),VIA,RUGGERO DI LAURIA,15,7163.0,8,,10.0,17.0,True,False,False,False,False
2683,PARRUCCHIERE PER UOMO,VIA RUSSO VINCENZO N. 17 ; (z.d. 2),VIA,RUSSO VINCENZO,17,2328.0,2,,,,True,False,False,False,False
2684,PARRUCCHIERE PER UOMO,VIA RUTILIA N. 4 ; (z.d. 5),VIA,RUTILIA,4,4229.0,5,,2.0,15.0,True,False,False,False,False
2709,PARRUCCHIERE PER UOMO,VIA S. GIOV. SUL MURO N. 9 ; (z.d. 1),VIA,S. GIOV. SUL MURO,9,609.0,1,,,16.0,True,False,False,False,False
2685,PARRUCCHIERE PER UOMO,VIA SAINT BON SIMONE N. 2 ; (z.d. 7),VIA,SAINT BON SIMONE,2,6670.0,7,,,,True,False,False,False,False
2686,PARRUCCHIERE PER UOMO,VIA SAINT BON SIMONE N. 5 ospedale militare; (z.d. 7),VIA,SAINT BON SIMONE,5,6670.0,7,,,23.0,True,False,False,False,False
2687,PARRUCCHIERE PER UOMO,VIA SALASCO N. 32 ; (z.d. 5),VIA,SALASCO,32,4051.0,5,,2.0,18.0,True,False,False,False,False
2688,PARRUCCHIERE PER UOMO,VIA SALO' N. 1 ; (z.d. 4),VIA,SALO',1,4117.0,4,,,19.0,True,False,False,False,False
2689,PARRUCCHIERE PER UOMO,VIA SAMMARTINI GIOVANNI BATTISTA N. 39 ; (z.d. 2),VIA,SAMMARTINI GIOVANNI BATTISTA,39,1202.0,2,,,22.0,True,False,False,False,False
2691,PARRUCCHIERE PER UOMO,VIA SAN FERMO N. 1 ; (z.d. 1),VIA,SAN FERMO,1,1042.0,1,,,21.0,True,False,False,False,False
2693,PARRUCCHIERE PER UOMO,VIA SAN MAMETE N. 15 ; (z.d. 2),VIA,SAN MAMETE,15,2413.0,2,,21.0,22.0,True,False,False,False,False
2694,PARRUCCHIERE PER UOMO,VIA SAN MAMETE N. 3 ; (z.d. 2),VIA,SAN MAMETE,3,2413.0,2,,4.0,25.0,True,False,False,False,False
2695,PARRUCCHIERE PER UOMO,VIA SAN MAURILIO N. 1 ; (z.d. 1),VIA,SAN MAURILIO,1,563.0,1,,,17.0,True,False,False,False,False
2696,PARRUCCHIERE PER UOMO,VIA SAN SIRO N. 7 ; (z.d. 7),VIA,SAN SIRO,7,6282.0,7,,11.0,30.0,True,False,False,False,False
2690,PARRUCCHIERE PER UOMO,VIA SAND GEORGE N. 1 ; (z.d. 9),VIA,SAND GEORGE,1,1554.0,9,,,18.0,True,False,False,False,False
2692,PARRUCCHIERE PER UOMO,VIA SANGALLO N. 31 ; (z.d. 3),VIA,SANGALLO,31,3208.0,3,,19.0,18.0,True,False,False,False,False
2697,PARRUCCHIERE PER UOMO,VIA SANSOVINO N. 28 ; (z.d. 3),VIA,SANSOVINO,28,2213.0,3,,,,True,False,False,False,False
2700,PARRUCCHIERE PER UOMO,VIA SANT' ANATALONE N. 6 ; (z.d. 6),VIA,SANT' ANATALONE,6,6587.0,6,,3.0,15.0,True,False,False,False,False
2698,PARRUCCHIERE PER UOMO,VIA SANTA MARIA FULCORINA N. 13 ; (z.d. 1),VIA,SANTA MARIA FULCORINA,13,630.0,1,,,17.0,True,False,False,False,False
2699,PARRUCCHIERE PER UOMO,VIA SANTA MARIA VALLE N. 1 ; (z.d. 1),VIA,SANTA MARIA VALLE,1,535.0,1,,,,True,False,False,False,False
2701,PARRUCCHIERE PER UOMO,VIA SANZIO RAFFAELLO N. 27 ; (z.d. 7),VIA,SANZIO RAFFAELLO,27,6283.0,7,,,22.0,True,False,False,False,False
2702,PARRUCCHIERE PER UOMO,VIA SANZIO RAFFAELLO num.002a; (z.d. 7),VIA,SANZIO RAFFAELLO,,6283.0,7,,,16.0,True,False,False,False,False
2703,PARRUCCHIERE PER UOMO,VIA SAVONA N. 61 ; (z.d. 6),VIA,SAVONA,61,5122.0,6,,,,True,False,False,False,False
2704,PARRUCCHIERE PER UOMO,VIA SCHIAPARELLI GIOVANNI N. 8 ; (z.d. 2),VIA,SCHIAPARELLI GIOVANNI,8,1211.0,2,,,,True,False,False,False,False
2705,PARRUCCHIERE PER UOMO,VIA SCIESA AMATORE N. 18 ; (z.d. 4),VIA,SCIESA AMATORE,18,3072.0,4,,,,True,False,False,False,False
2706,PARRUCCHIERE PER UOMO,VIA SEBASTIANO DEL PIOMBO N. 12 ; (z.d. 8),VIA,SEBASTIANO DEL PIOMBO,12,6397.0,8,,,41.0,True,False,False,False,False
2707,PARRUCCHIERE PER UOMO,VIA SEBASTIANO DEL PIOMBO N. 3 altri locali; (z.d. 8),VIA,SEBASTIANO DEL PIOMBO,3,6397.0,8,,,,True,False,False,False,False
2708,PARRUCCHIERE PER UOMO,VIA SEBETO N. 1 con ingr. p.za giovine italia; (z.d. 1),VIA,SEBETO,1,6167.0,1,,,,True,False,False,False,False
2710,PARRUCCHIERE PER UOMO,VIA SILVA GUGLIELMO N. 49 ; (z.d. 8),VIA,SILVA GUGLIELMO,49,6400.0,8,,3.0,45.0,True,False,False,False,False
2711,PARRUCCHIERE PER UOMO,VIA SISMONDI GIANCARLO N. 1 ; (z.d. 4),VIA,SISMONDI GIANCARLO,1,3256.0,4,,6.0,20.0,True,False,False,False,False
2712,PARRUCCHIERE PER UOMO,VIA SODERINI LUIGI N. 55 ; (z.d. 6),VIA,SODERINI LUIGI,55,6675.0,6,,20.0,22.0,True,False,False,False,False
2713,PARRUCCHIERE PER UOMO,VIA SODERINI LUIGI N. 9 ; (z.d. 6),VIA,SODERINI LUIGI,9,6675.0,6,,,,True,False,False,False,False
2714,PARRUCCHIERE PER UOMO,VIA SOLARI ANDREA N. 23 ; (z.d. 6),VIA,SOLARI ANDREA,23,5111.0,6,,,21.0,True,False,False,False,False
2715,PARRUCCHIERE PER UOMO,VIA SOLARI ANDREA N. 41 ; (z.d. 6),VIA,SOLARI ANDREA,41,5111.0,6,,,32.0,True,False,False,False,False
2716,PARRUCCHIERE PER UOMO,VIA SOPERGA N. 52 ; (z.d. 2),VIA,SOPERGA,52,2262.0,2,,2.0,14.0,True,False,False,False,False
2717,PARRUCCHIERE PER UOMO,VIA SOTTOCORNO PASQUALE N. 3 ; (z.d. 4),VIA,SOTTOCORNO PASQUALE,3,3152.0,4,,,27.0,True,False,False,False,False
2718,PARRUCCHIERE PER UOMO,VIA STENDHAL ENRICO N. 57 ; (z.d. 6),VIA,STENDHAL ENRICO,57,5135.0,6,,,,True,False,False,False,False
2719,PARRUCCHIERE PER UOMO,VIA STOPPANI ANTONIO N. 33 ; (z.d. 3),VIA,STOPPANI ANTONIO,33,2163.0,3,,,,True,False,False,False,False
2720,PARRUCCHIERE PER UOMO,VIA STROMBOLI N. 22 ; (z.d. 7),VIA,STROMBOLI,22,6099.0,7,,,16.0,True,False,False,False,False
2721,PARRUCCHIERE PER UOMO,VIA SULMONA N. 23 1 locale; (z.d. 4),VIA,SULMONA,23,4180.0,4,,,24.0,True,False,False,False,False
2722,PARRUCCHIERE PER UOMO,VIA TABACCHI ODOARDO N. 3 ; (z.d. 5),VIA,TABACCHI ODOARDO,3,5223.0,5,,3.0,21.0,True,False,False,False,False
2723,PARRUCCHIERE PER UOMO,VIA TADINO ALESSANDRO N. 13 ; (z.d. 3),VIA,TADINO ALESSANDRO,13,2109.0,3,,15.0,15.0,True,False,False,False,False
2724,PARRUCCHIERE PER UOMO,VIA TARAMELLI TORQUATO N. 68 ; (z.d. 2),VIA,TARAMELLI TORQUATO,68,1164.0,2,,,25.0,True,False,False,False,False
2725,PARRUCCHIERE PER UOMO,VIA TARRA GIULIO N. 6 ; (z.d. 2),VIA,TARRA GIULIO,6,1198.0,2,,,27.0,True,False,False,False,False
2726,PARRUCCHIERE PER UOMO,VIA TARTINI GIUSEPPE N. 2 ; (z.d. 9),VIA,TARTINI GIUSEPPE,2,1501.0,9,,3.0,26.0,True,False,False,False,False
2727,PARRUCCHIERE PER UOMO,VIA TEODOSIO N. 56 ; (z.d. 3),VIA,TEODOSIO,56,2550.0,3,,,27.0,True,False,False,False,False
2728,PARRUCCHIERE PER UOMO,VIA TERAMO N. 31 ; (z.d. 6),VIA,TERAMO,31,5365.0,6,,,,True,False,False,False,False
2729,PARRUCCHIERE PER UOMO,VIA TERMOPILI N. 29 ; (z.d. 2),VIA,TERMOPILI,29,2297.0,2,,12.0,18.0,True,False,False,False,False
2730,PARRUCCHIERE PER UOMO,VIA TITO LIVIO N. 37 ; (z.d. 4),VIA,TITO LIVIO,37,4086.0,4,,6.0,15.0,True,False,False,False,False
2731,PARRUCCHIERE PER UOMO,VIA TIVOLI N. 8 ; (z.d. 1),VIA,TIVOLI,8,712.0,1,,,20.0,True,False,False,False,False
2732,PARRUCCHIERE PER UOMO,VIA TOLMEZZO num.0121; (z.d. 3),VIA,ROMBON,38,2659.0,3,,,,True,False,False,False,False
2733,PARRUCCHIERE PER UOMO,VIA TOLSTOI LEONE N. 17 ing. pubb. via giambellino; (z.d. 6),VIA,TOLSTOI LEONE,17,5133.0,6,,6.0,16.0,True,False,False,False,False
2734,PARRUCCHIERE PER UOMO,VIA TOLSTOI LEONE N. 53 ; (z.d. 6),VIA,TOLSTOI LEONE,53,5133.0,6,,5.0,71.0,True,False,False,False,False
2735,PARRUCCHIERE PER UOMO,VIA TORRICELLI EVANGELISTA N. 21 ; (z.d. 5),VIA,TORRICELLI EVANGELISTA,21,5240.0,5,,2.0,16.0,True,False,False,False,False
2736,PARRUCCHIERE PER UOMO,VIA TURATI FILIPPO N. 29 ; (z.d. 1),VIA,TURATI FILIPPO,29,1053.0,1,,,,True,False,False,False,False
2737,PARRUCCHIERE PER UOMO,VIA URBANO III N. 3 ; (z.d. 1),VIA,URBANO III,3,588.0,1,,4.0,16.0,True,False,False,False,False
2738,PARRUCCHIERE PER UOMO,VIA VAL DI SOLE N. 22 ; (z.d. 5),VIA,VAL DI SOLE,22,4295.0,5,,,30.0,True,False,False,False,False
2741,PARRUCCHIERE PER UOMO,VIA VAL TROMPIA N. 49 ; (z.d. 8),VIA,VAL TROMPIA,49,7494.0,8,,,37.0,True,False,False,False,False
2742,PARRUCCHIERE PER UOMO,VIA VAL TROMPIA N. 9 ; (z.d. 8),VIA,VAL TROMPIA,9,7494.0,8,,,28.0,True,False,False,False,False
2739,PARRUCCHIERE PER UOMO,VIA VALFURVA N. 4 ; (z.d. 9),VIA,VALFURVA,4,1168.0,9,,6.0,30.0,True,False,False,False,False
2740,PARRUCCHIERE PER UOMO,VIA VALLE ISORNO N. 8 ; (z.d. 7),VIA,VALLE ISORNO,8,6792.0,7,,,,True,False,False,False,False
2743,PARRUCCHIERE PER UOMO,VIA VANNUCCI ATTO N. 2 ing. via ripamonti; (z.d. 5),VIA,VANNUCCI ATTO,2,4056.0,5,,,17.0,True,False,False,False,False
2744,PARRUCCHIERE PER UOMO,VIA VARANINI LUIGI N. 26 ; (z.d. 2),VIA,VARANINI LUIGI,26,2288.0,2,,,23.0,True,False,False,False,False
2745,PARRUCCHIERE PER UOMO,VIA VARANINI LUIGI N. 3 ; (z.d. 2),VIA,VARANINI LUIGI,3,2288.0,2,,,,True,False,False,False,False
2746,PARRUCCHIERE PER UOMO,VIA VARE' GIOVANNI BATTISTA N. 28 ; (z.d. 9),VIA,VARE' GIOVANNI BATTISTA,28,1245.0,9,,,,True,False,False,False,False
2747,PARRUCCHIERE PER UOMO,VIA VENINI GIULIO E CORRADO N. 65 ; (z.d. 2),VIA,VENINI GIULIO E CORRADO,65,2258.0,2,,6.0,18.0,True,False,False,False,False
2748,PARRUCCHIERE PER UOMO,VIA VENINI GIULIO E CORRADO N. 95 ; (z.d. 2),VIA,VENINI GIULIO E CORRADO,95,2258.0,2,,1.0,16.0,True,False,False,False,False
2749,PARRUCCHIERE PER UOMO,VIA VERGATO N. 1 ; (z.d. 9),VIA,VERGATO,1,1555.0,9,,1.0,38.0,True,False,False,False,False
2750,PARRUCCHIERE PER UOMO,VIA VERRO BERNARDINO N. 49 ; (z.d. 5),VIA,VERRO BERNARDINO,49,4223.0,5,,,,True,False,False,False,False
2751,PARRUCCHIERE PER UOMO,VIA VIGEVANO N. 14 ; (z.d. 6),VIA,VIGEVANO,14,5116.0,6,,,,True,False,False,False,False
2752,PARRUCCHIERE PER UOMO,VIA VILLORESI EUGENIO N. 1 ; (z.d. 6),VIA,VILLORESI EUGENIO,1,5145.0,6,,9.0,22.0,True,False,False,False,False
2753,PARRUCCHIERE PER UOMO,VIA VITTADINI CARLO N. 7 ; (z.d. 5),VIA,VITTADINI CARLO,7,4055.0,5,,4.0,18.0,True,False,False,False,False
2754,PARRUCCHIERE PER UOMO,VIA WASHINGTON GIORGIO N. 102 ; (z.d. 6),VIA,WASHINGTON GIORGIO,102,6111.0,6,,,27.0,True,False,False,False,False
2755,PARRUCCHIERE PER UOMO,VIA WASHINGTON GIORGIO N. 11 ; (z.d. 7),VIA,WASHINGTON GIORGIO,11,6111.0,7,,,24.0,True,False,False,False,False
2756,PARRUCCHIERE PER UOMO,VIA WASHINGTON GIORGIO N. 76 ; (z.d. 7),VIA,WASHINGTON GIORGIO,76,6111.0,7,,,,True,False,False,False,False
2757,PARRUCCHIERE PER UOMO,VIA WASHINGTON GIORGIO N. 82 ; (z.d. 6),VIA,WASHINGTON GIORGIO,82,6111.0,6,,,26.0,True,False,False,False,False
2758,PARRUCCHIERE PER UOMO,VIA WATT GIACOMO N. 4 ; (z.d. 6),VIA,WATT GIACOMO,4,5292.0,6,,,20.0,True,False,False,False,False
2759,PARRUCCHIERE PER UOMO,VIA ZANOLI ALESSANDRO N. 10 ; (z.d. 9),VIA,ZANOLI ALESSANDRO,10,1548.0,9,,,,True,False,False,False,False
2760,PARRUCCHIERE PER UOMO,VIA ZURETTI GIANFRANCO N. 11 ; (z.d. 2),VIA,ZURETTI GIANFRANCO,11,1216.0,2,,6.0,16.0,True,False,False,False,False
2761,PARRUCCHIERE PER UOMO,VIA ZURETTI GIANFRANCO N. 49 ; (z.d. 2),VIA,ZURETTI GIANFRANCO,49,1216.0,2,,5.0,15.0,True,False,False,False,False
2762,PARRUCCHIERE PER UOMO,VLE ABRUZZI N. 79 ; (z.d. 3),VLE,ABRUZZI,79,2177.0,3,,,19.0,True,False,False,False,False
2763,PARRUCCHIERE PER UOMO,VLE AFFORI N. 10 ; (z.d. 9),VLE,AFFORI,10,1545.0,9,,,,True,False,False,False,False
2764,PARRUCCHIERE PER UOMO,VLE ARETUSA N. 19 ; (z.d. 7),VLE,ARETUSA,19,6565.0,7,,9.0,21.0,True,False,False,False,False
2765,PARRUCCHIERE PER UOMO,VLE BEATRICE D'ESTE N. 49 ; (z.d. 1),VLE,BEATRICE D'ESTE,49,4048.0,1,,10.0,24.0,True,False,False,False,False
2766,PARRUCCHIERE PER UOMO,VLE BLIGNY N. 50 ; (z.d. 5),VLE,BLIGNY,50,4045.0,5,,,35.0,True,False,False,False,False
2767,PARRUCCHIERE PER UOMO,VLE BRIANZA N. 22 ; (z.d. 2),VLE,BRIANZA,22,2263.0,2,,6.0,17.0,True,False,False,False,False
2768,PARRUCCHIERE PER UOMO,VLE CAMPANIA N. 29 ; (z.d. 4),VLE,CAMPANIA,29,3100.0,4,,3.0,33.0,True,False,False,False,False
2769,PARRUCCHIERE PER UOMO,VLE CAMPANIA N. 40 ; (z.d. 4),VLE,CAMPANIA,40,3100.0,4,,5.0,20.0,True,False,False,False,False
2770,PARRUCCHIERE PER UOMO,VLE CASSALA N. 1 ; (z.d. 6),VLE,CASSALA,1,5275.0,6,,8.0,16.0,True,False,False,False,False
2771,PARRUCCHIERE PER UOMO,VLE CERTOSA N. 246 ; (z.d. 8),VLE,CERTOSA,246,7174.0,8,,15.0,18.0,True,False,False,False,False
2772,PARRUCCHIERE PER UOMO,VLE CERTOSA N. 45 ; (z.d. 8),VLE,CERTOSA,45,7174.0,8,,,,True,False,False,False,False
2773,PARRUCCHIERE PER UOMO,VLE CERTOSA N. 60 ; (z.d. 8),VLE,CERTOSA,60,7174.0,8,,17.0,18.0,True,False,False,False,False
2774,PARRUCCHIERE PER UOMO,VLE CONI ZUGNA N. 57 ; (z.d. 1),VLE,CONI ZUGNA,57,5110.0,1,,,16.0,True,False,False,False,False
2775,PARRUCCHIERE PER UOMO,VLE CORSICA N. 41 ; (z.d. 4),VLE,CORSICA,41,3262.0,4,,2.0,16.0,True,False,False,False,False
2776,PARRUCCHIERE PER UOMO,VLE CORSICA N. 81 ; (z.d. 4),VLE,CORSICA,81,3262.0,4,,,24.0,True,False,False,False,False
2777,PARRUCCHIERE PER UOMO,VLE CRISPI FRANCESCO N. 9 ; (z.d. 1),VLE,CRISPI FRANCESCO,9,1063.0,1,,,15.0,True,False,False,False,False
2778,PARRUCCHIERE PER UOMO,VLE DELLE RIMEMBRANZE DI GRECO N. 40 ; (z.d. 2),VLE,DELLE RIMEMBRANZE DI GRECO,40,1412.0,2,,21.0,19.0,True,False,False,False,False
2779,PARRUCCHIERE PER UOMO,VLE GIAN GALEAZZO N. 6 ; (z.d. 5),VLE,GIAN GALEAZZO,6,5196.0,5,,,20.0,True,False,False,False,False
2780,PARRUCCHIERE PER UOMO,VLE GIOVANNI DA CERMENATE num.035a; (z.d. 5),VLE,GIOVANNI DA CERMENATE,,5261.0,5,,,29.0,True,False,False,False,False
2781,PARRUCCHIERE PER UOMO,VLE GORIZIA N. 12 ; (z.d. 6),VLE,GORIZIA,12,5156.0,6,,,18.0,True,False,False,False,False
2782,PARRUCCHIERE PER UOMO,VLE JENNER EDOARDO N. 72 ; (z.d. 9),VLE,JENNER EDOARDO,72,1230.0,9,,,,True,False,False,False,False
2783,PARRUCCHIERE PER UOMO,VLE MOLISE N. 51 ; (z.d. 4),VLE,MOLISE,51,3178.0,4,,,,True,False,False,False,False
2784,PARRUCCHIERE PER UOMO,VLE MONTE NERO N. 16 ; (z.d. 4),VLE,MONTE NERO,16,3062.0,4,,,35.0,True,False,False,False,False
2785,PARRUCCHIERE PER UOMO,VLE MONZA N. 114 ; (z.d. 2),VLE,MONZA,114,2274.0,2,,,,True,False,False,False,False
2786,PARRUCCHIERE PER UOMO,VLE MONZA N. 154 ; (z.d. 2),VLE,MONZA,154,2274.0,2,,12.0,18.0,True,False,False,False,False
2787,PARRUCCHIERE PER UOMO,VLE MONZA N. 173 ; (z.d. 2),VLE,MONZA,173,2274.0,2,,,,True,False,False,False,False
2788,PARRUCCHIERE PER UOMO,VLE MONZA N. 325 ; (z.d. 2),VLE,MONZA,325,2274.0,2,,3.0,20.0,True,False,False,False,False
2789,PARRUCCHIERE PER UOMO,VLE MONZA N. 78 ; (z.d. 2),VLE,MONZA,78,2274.0,2,,,20.0,True,False,False,False,False
2790,PARRUCCHIERE PER UOMO,VLE PICENO N. 32 ; (z.d. 4),VLE,PICENO,32,3114.0,4,,,,True,False,False,False,False
2791,PARRUCCHIERE PER UOMO,VLE PICENO N. 8 ; (z.d. 4),VLE,PICENO,8,3114.0,4,,,29.0,True,False,False,False,False
2792,PARRUCCHIERE PER UOMO,VLE PISA N. 18 ; (z.d. 7),VLE,PISA,18,6615.0,7,,,13.0,True,False,False,False,False
2793,PARRUCCHIERE PER UOMO,VLE SABOTINO N. 16 ; (z.d. 5),VLE,SABOTINO,16,4046.0,5,,,13.0,True,False,False,False,False
2794,PARRUCCHIERE PER UOMO,VLE SAN GIMIGNANO N. 10 ; (z.d. 6),VLE,SAN GIMIGNANO,10,6613.0,6,,,29.0,True,False,False,False,False
2795,PARRUCCHIERE PER UOMO,VLE SAN GIMIGNANO N. 39 ; (z.d. 6),VLE,SAN GIMIGNANO,39,6613.0,6,,4.0,24.0,True,False,False,False,False
2796,PARRUCCHIERE PER UOMO,VLE SAN MICHELE DEL CARSO N. 18 ; (z.d. 7),VLE,SAN MICHELE DEL CARSO,18,6212.0,7,,,23.0,True,False,False,False,False
2797,PARRUCCHIERE PER UOMO,VLE SAN MICHELE DEL CARSO N. 2 ; (z.d. 7),VLE,SAN MICHELE DEL CARSO,2,6212.0,7,,,,True,False,False,False,False
2798,PARRUCCHIERE PER UOMO,VLE SERRA RENATO N. 57 ; (z.d. 8),VLE,SERRA RENATO,57,6426.0,8,,,,True,False,False,False,False
2799,PARRUCCHIERE PER UOMO,VLE SUZZANI GIOVANNI N. 19 ; (z.d. 9),VLE,SUZZANI GIOVANNI,19,1446.0,9,,,,True,False,False,False,False
2800,PARRUCCHIERE PER UOMO,VLE SUZZANI GIOVANNI N. 270 ; (z.d. 9),VLE,SUZZANI GIOVANNI,270,1446.0,9,,10.0,25.0,True,False,False,False,False
2801,PARRUCCHIERE PER UOMO,VLE TEODORICO N. 4 ; (z.d. 8),VLE,TEODORICO,4,7160.0,8,,,20.0,True,False,False,False,False
2802,PARRUCCHIERE PER UOMO,VLE TESTI FULVIO N. 177 ; (z.d. 9),VLE,TESTI FULVIO,177,1441.0,9,,6.0,26.0,True,False,False,False,False
2803,PARRUCCHIERE PER UOMO,VLE TESTI FULVIO N. 5 ; (z.d. 9),VLE,TESTI FULVIO,5,1441.0,9,,2.0,20.0,True,False,False,False,False
2804,PARRUCCHIERE PER UOMO,VLE TESTI FULVIO N. 86 ; (z.d. 9),VLE,TESTI FULVIO,86,1441.0,9,,,23.0,True,False,False,False,False
2805,PARRUCCHIERE PER UOMO,VLE TIBALDI N. 66 ; (z.d. 5),VLE,TIBALDI,66,5234.0,5,,,,True,False,False,False,False
2806,PARRUCCHIERE PER UOMO,VLE TORELLI LUIGI N. 5 ; (z.d. 9),VLE,TORELLI LUIGI,5,1232.0,9,,1.0,18.0,True,False,False,False,False
2807,PARRUCCHIERE PER UOMO,VLE TROYA CARLO N. 8 ; (z.d. 6),VLE,TROYA CARLO,8,5140.0,6,,,,True,False,False,False,False
2808,PARRUCCHIERE PER UOMO,VLE UMBRIA N. 17 ; (z.d. 4),VLE,UMBRIA,17,3145.0,4,,,,True,False,False,False,False
2809,PARRUCCHIERE PER UOMO,VLE UMBRIA N. 44 ; (z.d. 4),VLE,UMBRIA,44,3145.0,4,,,21.0,True,False,False,False,False
2810,PARRUCCHIERE PER UOMO,VLE UNGHERIA N. 10 ; (z.d. 4),VLE,UNGHERIA,10,3357.0,4,,,22.0,True,False,False,False,False
2811,PARRUCCHIERE PER UOMO,VLE ZARA N. 118 ; (z.d. 2),VLE,ZARA,118,1170.0,2,,,17.0,True,False,False,False,False
2812,PARRUCCHIERE PER UOMO,VLE ZARA N. 13 ; (z.d. 9),VLE,ZARA,13,1170.0,9,,,,True,False,False,False,False
2813,PARRUCCHIERE PER UOMO,VLE ZARA N. 145 ; (z.d. 9),VLE,ZARA,145,1170.0,9,,2.0,16.0,True,False,False,False,False
2814,PARRUCCHIERE PER UOMO,VLE ZARA N. 61 ; (z.d. 9),VLE,ZARA,61,1170.0,9,,,,True,False,False,False,False
2815,PARRUCCHIERE PER UOMO;ACCONCIATORE,VIA SAN GALDINO N. 11 ; (z.d. 8),VIA,SAN GALDINO,11,7215.0,8,ACCONCIATORE,,48.0,True,False,False,False,False
2816,PARRUCCHIERE PER UOMO;ESTETISTA,VIA ATENE N. 6 ; (z.d. 2),VIA,ATENE,6,2371.0,2,,,32.0,True,True,False,False,False
2817,PARRUCCHIERE PER UOMO;MANICURE;PEDICURE ESTETICO,VIA PETROCCHI POLICARPO N. 21 ; (z.d. 2),VIA,PETROCCHI POLICARPO,21,2320.0,2,,4.0,33.0,True,True,False,False,False
2818,PARRUCCHIERE PER UOMO;PARRUCCHIERE PER SIGNORA,PZA FUSINA ANDREA N. 2 ; (z.d. 3),PZA,FUSINA ANDREA,2,3300.0,3,,,32.0,True,False,False,False,False
2819,PARRUCCHIERE PER UOMO;PARRUCCHIERE PER SIGNORA,PZA GRANDI GIUSEPPE N. 24 con ingr. c.so xxii marzo; (z.d. 4),PZA,GRANDI GIUSEPPE,24,3112.0,4,,,,True,False,False,False,False
2820,PARRUCCHIERE PER UOMO;PARRUCCHIERE PER SIGNORA,PZA SANT' AMBROGIO N. 5 interno della caserma di p.s.; (z.d. 1),PZA,SANT' AMBROGIO,5,643.0,1,,,53.0,True,False,False,False,False
2821,PARRUCCHIERE PER UOMO;PARRUCCHIERE PER SIGNORA,VIA CASTELLANZA N. 8 ; (z.d. 8),VIA,CASTELLANZA,8,7548.0,8,,,,True,False,False,False,False
2822,PARRUCCHIERE PER UOMO;PARRUCCHIERE PER SIGNORA,VIA CORRIDONI FILIPPO N. 6 ; (z.d. 1),VIA,CORRIDONI FILIPPO,6,3020.0,1,,,,True,False,False,False,False
2823,PARRUCCHIERE PER UOMO;PARRUCCHIERE PER SIGNORA,VIA COSTA ANDREA N. 7 ; (z.d. 2),VIA,COSTA ANDREA,7,2276.0,2,,,,True,False,False,False,False
2824,PARRUCCHIERE PER UOMO;PARRUCCHIERE PER SIGNORA,VIA GRAZIOLI DON BARTOLOMEO N. 4 ; (z.d. 9),VIA,GRAZIOLI DON BARTOLOMEO,4,1473.0,9,,1.0,58.0,True,False,False,False,False
2825,PARRUCCHIERE PER UOMO;PARRUCCHIERE PER SIGNORA,VIA MODENA GUSTAVO N. 30 ; (z.d. 3),VIA,MODENA GUSTAVO,30,3122.0,3,,,28.0,True,False,False,False,False
2826,PARRUCCHIERE PER UOMO;PARRUCCHIERE PER SIGNORA,VIA PAISIELLO GIOVANNI N. 3 ; (z.d. 3),VIA,PAISIELLO GIOVANNI,3,2245.0,3,,,43.0,True,False,False,False,False
2827,PARRUCCHIERE PER UOMO;PARRUCCHIERE PER SIGNORA,VIA QUARENGHI GIACOMO N. 34 ; (z.d. 8),VIA,QUARENGHI GIACOMO,34,7478.0,8,,10.0,,True,False,False,False,False
2828,PARRUCCHIERE PER UOMO;PARRUCCHIERE PER SIGNORA,VIA RICCIARELLI DANIELE N. 1 ; (z.d. 7),VIA,RICCIARELLI DANIELE,1,6553.0,7,,,,True,False,False,False,False
2829,PARRUCCHIERE PER UOMO;PARRUCCHIERE PER SIGNORA,VIA RICCIARELLI DANIELE N. 29 ; (z.d. 7),VIA,RICCIARELLI DANIELE,29,6553.0,7,,,25.0,True,False,False,False,False
2830,PARRUCCHIERE PER UOMO;PARRUCCHIERE PER SIGNORA,VIA ROSSI PELLEGRINO N. 81 ; (z.d. 9),VIA,ROSSI PELLEGRINO,81,1510.0,9,,,28.0,True,False,False,False,False
2831,PARRUCCHIERE PER UOMO;PARRUCCHIERE PER SIGNORA,VIA SANTA TECLA N. 5 ; (z.d. 1),VIA,SANTA TECLA,5,321.0,1,,,26.0,True,False,False,False,False
2832,PARRUCCHIERE PER UOMO;PARRUCCHIERE PER SIGNORA,VIA VIGNOLI TITO N. 37 ; (z.d. 6),VIA,VIGNOLI TITO,37,5134.0,6,,,23.0,True,False,False,False,False
2833,PARRUCCHIERE PER UOMO;PARRUCCHIERE PER SIGNORA;PARRUCCHIERE MISTO,PZA SICILIA N. 1 ; (z.d. 7),PZA,SICILIA,1,6266.0,7,,18.0,50.0,True,False,False,False,False
2834,PARRUCCHIERE PER UOMO;PARRUCCHIERE PER SIGNORA;PARRUCCHIERE MISTO,VIA ABAMONTI GIUSEPPE N. 2 ; (z.d. 3),VIA,ABAMONTI GIUSEPPE,2,3135.0,3,,3.0,111.0,True,False,False,False,False
2835,PARRUCCHIERE PER UOMO;PARRUCCHIERE PER SIGNORA;PARRUCCHIERE MISTO,VIA BOTTICELLI SANDRO N. 2 ; (z.d. 3),VIA,BOTTICELLI SANDRO,2,3203.0,3,,3.0,60.0,True,False,False,False,False
2836,PARRUCCHIERE PER UOMO;PARRUCCHIERE PER SIGNORA;PARRUCCHIERE MISTO,VIA BRUNELLESCHI FILIPPO N. 2 ; (z.d. 6),VIA,BRUNELLESCHI FILIPPO,2,5384.0,6,,1.0,27.0,True,False,False,False,False
2837,PARRUCCHIERE PER UOMO;PARRUCCHIERE PER SIGNORA;PARRUCCHIERE MISTO,VIA CABELLA BARTOLOMEO N. 56 ; (z.d. 7),VIA,CABELLA BARTOLOMEO,56,6778.0,7,,4.0,48.0,True,False,False,False,False
2838,PARRUCCHIERE PER UOMO;PARRUCCHIERE PER SIGNORA;PARRUCCHIERE MISTO,VIA CARDINALE MEZZOFANTI N. 29 ; (z.d. 4),VIA,CARDINALE MEZZOFANTI,29,3277.0,4,,,31.0,True,False,False,False,False
2839,PARRUCCHIERE PER UOMO;PARRUCCHIERE PER SIGNORA;PARRUCCHIERE MISTO,VIA DEI FONTANILI N. 55 ; (z.d. 5),VIA,DEI FONTANILI,55,4224.0,5,,,,True,False,False,False,False
2840,PARRUCCHIERE PER UOMO;PARRUCCHIERE PER SIGNORA;PARRUCCHIERE MISTO,VIA GIAMBELLINO N. 50 ; (z.d. 6),VIA,GIAMBELLINO,50,5136.0,6,,,31.0,True,False,False,False,False
2841,PARRUCCHIERE PER UOMO;PARRUCCHIERE PER SIGNORA;PARRUCCHIERE MISTO,VIA GOLFO DEGLI ARANCI N. 15 ; (z.d. 2),VIA,GOLFO DEGLI ARANCI,15,2463.0,2,,3.0,31.0,True,False,False,False,False
2842,PARRUCCHIERE PER UOMO;PARRUCCHIERE PER SIGNORA;PARRUCCHIERE MISTO,VIA GROSOTTO N. 1 ; (z.d. 8),VIA,GROSOTTO,1,7328.0,8,,,30.0,True,False,False,False,False
2843,PARRUCCHIERE PER UOMO;PARRUCCHIERE PER SIGNORA;PARRUCCHIERE MISTO,VIA IMBONATI CARLO N. 21 ; (z.d. 9),VIA,IMBONATI CARLO,21,1311.0,9,,6.0,37.0,True,False,False,False,False
2844,PARRUCCHIERE PER UOMO;PARRUCCHIERE PER SIGNORA;PARRUCCHIERE MISTO,VIA LITTA MODIGNANI ALESSANDRO per rettifica toponomastica num.099c; (z.d. 9),PZA,SAN GIUSEPPE,8,1442.0,9,,,29.0,True,False,False,False,False
2845,PARRUCCHIERE PER UOMO;PARRUCCHIERE PER SIGNORA;PARRUCCHIERE MISTO,VIA LONGARONE num.018; (z.d. 8),VIA,JACOPINO DA TRADATE,16,7292.0,8,,,,True,False,False,False,False
2846,PARRUCCHIERE PER UOMO;PARRUCCHIERE PER SIGNORA;PARRUCCHIERE MISTO,VIA OSIMO AUGUSTO N. 3 ; (z.d. 4),VIA,OSIMO AUGUSTO,3,4303.0,4,,4.0,31.0,True,False,False,False,False
2847,PARRUCCHIERE PER UOMO;PARRUCCHIERE PER SIGNORA;PARRUCCHIERE MISTO,VIA QUARENGHI GIACOMO N. 23 ; (z.d. 8),VIA,QUARENGHI GIACOMO,23,7478.0,8,,,91.0,True,False,False,False,False
2848,PARRUCCHIERE PER UOMO;PARRUCCHIERE PER SIGNORA;PARRUCCHIERE MISTO,VIA TEANO N. 36 ; (z.d. 9),VIA,TEANO,36,1632.0,9,,1.0,33.0,True,False,False,False,False
2849,PARRUCCHIERE PER UOMO;PARRUCCHIERE PER SIGNORA;PARRUCCHIERE MISTO,VIA TRENNO N. 15 ; (z.d. 8),VIA,TRENNO,15,6491.0,8,,6.0,34.0,True,False,False,False,False
2850,PARRUCCHIERE PER UOMO;PARRUCCHIERE PER SIGNORA;PARRUCCHIERE MISTO,VIA VAL DI BONDO N. 10 ; (z.d. 9),VIA,VAL DI BONDO,10,1648.0,9,,,39.0,True,False,False,False,False
2851,PARRUCCHIERE PER UOMO;PARRUCCHIERE PER SIGNORA;PARRUCCHIERE MISTO,VIA VITRUVIO N. 11 i piano; (z.d. 3),VIA,VITRUVIO,11,2134.0,3,,,91.0,True,False,False,False,False
2852,PARRUCCHIERE PER UOMO;PARRUCCHIERE PER SIGNORA;PARRUCCHIERE MISTO,VIA VODICE N. 1 ; (z.d. 7),VIA,VODICE,1,6552.0,7,,2.0,31.0,True,False,False,False,False
2853,PARRUCCHIERE PER UOMO;PARRUCCHIERE PER SIGNORA;PARRUCCHIERE MISTO,VLE AFFORI N. 10 ; (z.d. 9),VLE,AFFORI,10,1545.0,9,,,31.0,True,False,False,False,False
2854,PARRUCCHIERE PER UOMO;PARRUCCHIERE PER SIGNORA;PARRUCCHIERE MISTO,VLE CERTOSA N. 290 ; (z.d. 8),VLE,CERTOSA,290,7174.0,8,,13.0,18.0,True,False,False,False,False
2855,PARRUCCHIERE PER UOMO;PARRUCCHIERE PER SIGNORA;PARRUCCHIERE MISTO;TIPO A ESTETICA MANUALE;TIPO C TRATT.ESTETICI DIMAGRIM;TIPO B CENTRO DI ABBRONZATURA,VIA GAIO N. 10 ; (z.d. 3),VIA,GAIO,10,3127.0,3,,6.0,39.0,True,True,True,True,False
2865,PARRUCCHIERE PER UOMO;PARRUCCHIERE PER SIGNORA;TIPO A - REG.2003,VLE VITTORIO VENETO N. 10 ; (z.d. 3),VLE,VITTORIO VENETO,10,2107.0,3,,,33.0,True,True,False,False,False
2866,PARRUCCHIERE PER UOMO;PARRUCCHIERE PER SIGNORA;TIPO A - REG.2003;TIPO B CENTRO DI ABBRONZATURA,VLE STEFINI EVARISTO N. 10 ; (z.d. 2),VLE,STEFINI EVARISTO,10,1405.0,2,,,,True,True,True,False,False
2860,PARRUCCHIERE PER UOMO;PARRUCCHIERE PER SIGNORA;TIPO A ESTETICA MANUALE,VIA SELLA QUINTINO N. 2 ; (z.d. 1),VIA,SELLA QUINTINO,2,724.0,1,,,,True,True,False,False,False
2861,PARRUCCHIERE PER UOMO;PARRUCCHIERE PER SIGNORA;TIPO A ESTETICA MANUALE;TIPO B CENTRO DI ABBRONZATURA,VIA TORTONA N. 19 ; (z.d. 6),VIA,TORTONA,19,5124.0,6,,,36.0,True,True,True,False,False
2862,PARRUCCHIERE PER UOMO;PARRUCCHIERE PER SIGNORA;TIPO A ESTETICA MANUALE;TIPO C TRATT.ESTETICI DIMAGRIM,VIA SOLFERINO N. 42 ; (z.d. 1),VIA,SOLFERINO,42,1028.0,1,,,,True,True,False,True,False
2863,PARRUCCHIERE PER UOMO;PARRUCCHIERE PER SIGNORA;TIPO A ESTETICA MANUALE;TIPO C TRATT.ESTETICI DIMAGRIM;TIPO B CENTRO DI ABBRONZATURA,PLE CADORNA LUIGI N. 14 interno ferrovie nord; (z.d. 1),PLE,CADORNA LUIGI,14,601.0,1,,,,True,True,True,True,False
2864,PARRUCCHIERE PER UOMO;PARRUCCHIERE PER SIGNORA;TIPO A ESTETICA MANUALE;TIPO D ESTET.APPAR.ELETTROMECC;TIPO C TRATT.ESTETICI DIMAGRIM,VIA MEDA GIUSEPPE N. 23 ; (z.d. 5),VIA,MEDA GIUSEPPE,23,5242.0,5,,,,True,True,False,True,False
2856,PARRUCCHIERE PER UOMO;PARRUCCHIERE PER SIGNORA;TIPO A-B-C-D,VIA PADOVA N. 191 ; (z.d. 2),VIA,PADOVA,191,2275.0,2,,,22.0,True,True,True,True,False
2857,PARRUCCHIERE PER UOMO;PARRUCCHIERE PER SIGNORA;TIPO A-B-C-D,VLE MONZA N. 16 ; (z.d. 2),VLE,MONZA,16,2274.0,2,,,522.0,True,True,True,True,False
2858,PARRUCCHIERE PER UOMO;PARRUCCHIERE PER SIGNORA;TIPO A-B-C-D,VLE UNGHERIA N. 22 ; (z.d. 4),VLE,UNGHERIA,22,3357.0,4,,,,True,True,True,True,False
2859,PARRUCCHIERE PER UOMO;PARRUCCHIERE PER SIGNORA;TIPO A-B-C-D;PARRUCCHIERE MISTO,VIA CUSANI N. 10 ; (z.d. 1),VIA,CUSANI,10,719.0,1,,,85.0,True,True,True,True,False
2867,PARRUCCHIERE PER UOMO;PEDICURE ESTETICO,VIA BONCOMPAGNI CARLO N. 10 ; (z.d. 4),VIA,BONCOMPAGNI CARLO,10,4182.0,4,,3.0,12.0,True,True,False,False,False
2889,PARRUCCHIERE PER UOMO;TIPO A - REG.2003,VIA CIARDI GUGLIELMO N. 25 con ingresso via civitali; (z.d. 7),VIA,CIARDI GUGLIELMO,25,6574.0,7,,12.0,23.0,True,True,False,False,False
2890,PARRUCCHIERE PER UOMO;TIPO A - REG.2003;TIPO B CENTRO DI ABBRONZATURA,VIA BURLAMACCHI FRANCESCO N. 11 ; (z.d. 4),VIA,BURLAMACCHI FRANCESCO,11,4077.0,4,,3.0,16.0,True,True,True,False,False
2891,PARRUCCHIERE PER UOMO;TIPO A - REG.2003;TIPO B CENTRO DI ABBRONZATURA,VIA PADOVA N. 178 ; (z.d. 2),VIA,PADOVA,178,2275.0,2,,3.0,30.0,True,True,True,False,False
2892,PARRUCCHIERE PER UOMO;TIPO A - REG.2003;TIPO B CENTRO DI ABBRONZATURA,VIE DELLA ROBBIA LUCA N. 8 ; (z.d. 8),VIE,DELLA ROBBIA LUCA,8,6349.0,8,,,,True,True,True,False,False
2871,PARRUCCHIERE PER UOMO;TIPO A ESTETICA MANUALE,PLE DI PORTA LODOVICA N. 2 ; (z.d. 5),PLE,DI PORTA LODOVICA,2,4039.0,5,,,25.0,True,True,False,False,False
2872,PARRUCCHIERE PER UOMO;TIPO A ESTETICA MANUALE,VIA FERABOLI ACHILLE N. 33 ; (z.d. 5),VIA,FERABOLI ACHILLE,33,5421.0,5,,,22.0,True,True,False,False,False
2873,PARRUCCHIERE PER UOMO;TIPO A ESTETICA MANUALE,VIA SANT' ELEMBARDO N. 1 ; (z.d. 2),VIA,SANT' ERLEMBALDO,1,2356.0,2,,,28.0,True,True,False,False,False
2874,PARRUCCHIERE PER UOMO;TIPO A ESTETICA MANUALE,VLE LIGURIA N. 50 ; (z.d. 6),VLE,LIGURIA,50,5264.0,6,,10.0,30.0,True,True,False,False,False
2875,PARRUCCHIERE PER UOMO;TIPO A ESTETICA MANUALE;TIPO B CENTRO DI ABBRONZATURA,CSO VITTORIO EMANUELE II N. 9 ; (z.d. 1),CSO,VITTORIO EMANUELE II,9,214.0,1,,1.0,49.0,True,True,True,False,False
2876,PARRUCCHIERE PER UOMO;TIPO A ESTETICA MANUALE;TIPO B CENTRO DI ABBRONZATURA,PZA DE ANGELI ERNESTO N. 1 ; (z.d. 7),PZA,DE ANGELI ERNESTO,1,6276.0,7,,,80.0,True,True,True,False,False
2877,PARRUCCHIERE PER UOMO;TIPO A ESTETICA MANUALE;TIPO B CENTRO DI ABBRONZATURA,VIA BIXIO NINO N. 32 ; (z.d. 3),VIA,BIXIO NINO,32,3133.0,3,,2.0,34.0,True,True,True,False,False
2878,PARRUCCHIERE PER UOMO;TIPO A ESTETICA MANUALE;TIPO B CENTRO DI ABBRONZATURA,VIA FILZI FABIO N. 45 ; (z.d. 2),VIA,FILZI FABIO,45,1190.0,2,,,34.0,True,True,True,False,False
2879,PARRUCCHIERE PER UOMO;TIPO A ESTETICA MANUALE;TIPO B CENTRO DI ABBRONZATURA,VIA KRAMER ANTONIO N. 20 ; (z.d. 3),VIA,KRAMER ANTONIO,20,3180.0,3,,,56.0,True,True,True,False,False
2880,PARRUCCHIERE PER UOMO;TIPO A ESTETICA MANUALE;TIPO B CENTRO DI ABBRONZATURA,VIA MAZZINI GIUSEPPE N. 20 ; (z.d. 1),VIA,MAZZINI GIUSEPPE,20,516.0,1,,,23.0,True,True,True,False,False
2881,PARRUCCHIERE PER UOMO;TIPO A ESTETICA MANUALE;TIPO B CENTRO DI ABBRONZATURA,VIA MODENA GUSTAVO N. 15 ; (z.d. 3),VIA,MODENA GUSTAVO,15,3122.0,3,,2.0,45.0,True,True,True,False,False
2882,PARRUCCHIERE PER UOMO;TIPO A ESTETICA MANUALE;TIPO B CENTRO DI ABBRONZATURA,VIA PARINI GIUSEPPE N. 7 ; (z.d. 1),VIA,PARINI GIUSEPPE,7,1049.0,1,,,15.0,True,True,True,False,False
2883,PARRUCCHIERE PER UOMO;TIPO A ESTETICA MANUALE;TIPO B CENTRO DI ABBRONZATURA,VIA SALVINI TOMMASO N. 1 ; (z.d. 1),VIA,SALVINI TOMMASO,1,2175.0,1,,,26.0,True,True,True,False,False
2884,PARRUCCHIERE PER UOMO;TIPO A ESTETICA MANUALE;TIPO B CENTRO DI ABBRONZATURA,VIA TOLSTOI LEONE num.0241; (z.d. 6),VIA,SODERINI LUIGI,9,6675.0,6,,2.0,25.0,True,True,True,False,False
2885,PARRUCCHIERE PER UOMO;TIPO A ESTETICA MANUALE;TIPO C TRATT.ESTETICI DIMAGRIM;TIPO B CENTRO DI ABBRONZATURA,PZA CINQUE GIORNATE N. 6 ; (z.d. 1),PZA,CINQUE GIORNATE,6,3053.0,1,,8.0,29.0,True,True,True,True,False
2886,PARRUCCHIERE PER UOMO;TIPO A ESTETICA MANUALE;TIPO C TRATT.ESTETICI DIMAGRIM;TIPO B CENTRO DI ABBRONZATURA,VIA PAOLO DA CANNOBIO N. 9 ; (z.d. 1),VIA,PAOLO DA CANNOBIO,9,338.0,1,,24.0,22.0,True,True,True,True,False
2887,PARRUCCHIERE PER UOMO;TIPO A ESTETICA MANUALE;TIPO D ESTET.APPAR.ELETTROMECC;TIPO C TRATT.ESTETICI DIMAGRIM;TIPO B CENTRO DI ABBRONZATURA,VIA PRINA GIUSEPPE N. 12 ; (z.d. 8),VIA,PRINA GIUSEPPE,12,7135.0,8,,,25.0,True,True,True,True,False
2888,PARRUCCHIERE PER UOMO;TIPO A ESTETICA MANUALE;TIPO D ESTET.APPAR.ELETTROMECC;TIPO C TRATT.ESTETICI DIMAGRIM;TIPO B CENTRO DI ABBRONZATURA,VIA TITO LIVIO N. 11 ; (z.d. 4),VIA,TITO LIVIO,11,4086.0,4,,,48.0,True,True,True,True,False
2868,PARRUCCHIERE PER UOMO;TIPO A-B-C-D,VIA CESARE DA SESTO N. 22 ; (z.d. 1),VIA,CESARE DA SESTO,22,5101.0,1,,,,True,True,True,True,False
2869,PARRUCCHIERE PER UOMO;TIPO A-B-C-D,VIA COLONNA MARCO ANTONIO N. 14 ; (z.d. 8),VIA,COLONNA MARCO ANTONIO,14,7158.0,8,,,22.0,True,True,True,True,False
2870,PARRUCCHIERE PER UOMO;TIPO A-B-C-D,VIA GONZAGA MAURIZIO N. 6 ; (z.d. 1),VIA,GONZAGA MAURIZIO,6,344.0,1,,13.0,32.0,True,True,True,True,False
2893,PEDICURE ESTETICO,LGO TEL AVIV N. 5 ; (z.d. 2),LGO,TEL AVIV,5,2639.0,2,,2.0,23.0,False,True,False,False,False
2894,PEDICURE ESTETICO,PLE CADORNA LUIGI N. 9 ; (z.d. 1),PLE,CADORNA LUIGI,9,601.0,1,,,,False,True,False,False,False
2895,PEDICURE ESTETICO,PZA BAZZI GIOVANNI ANTONIO N. 2 ; (z.d. 6),PZA,BAZZI GIOVANNI ANTONIO,2,6102.0,6,,8.0,16.0,False,True,False,False,False
2896,PEDICURE ESTETICO,PZA MISSORI GIUSEPPE N. 3 nel soppalco; (z.d. 1),PZA,MISSORI GIUSEPPE,3,525.0,1,,,73.0,False,True,False,False,False
2897,PEDICURE ESTETICO,VIA ALBANI FRANCESCO N. 71 ; (z.d. 8),VIA,ALBANI FRANCESCO,71,6399.0,8,,,85.0,False,True,False,False,False
2898,PEDICURE ESTETICO,VIA ARBE N. 31 ; (z.d. 2),VIA,ARBE,31,1352.0,2,,18.0,17.0,False,True,False,False,False
2899,PEDICURE ESTETICO,VIA BRISA N. 3 terzo piano; (z.d. 1),VIA,BRISA,3,637.0,1,,,,False,True,False,False,False
2900,PEDICURE ESTETICO,VIA CASTALDI PANFILO N. 32 ; (z.d. 3),VIA,CASTALDI PANFILO,32,2119.0,3,,,,False,True,False,False,False
2901,PEDICURE ESTETICO,VIA CERVIGNANO N. 6 ; (z.d. 4),VIA,CERVIGNANO,6,3218.0,4,,,4.0,False,True,False,False,False
2902,PEDICURE ESTETICO,VIA DELLE FORZE ARMATE N. 234 ; (z.d. 7),VIA,DELLE FORZE ARMATE,234,6643.0,7,,,,False,True,False,False,False
2903,PEDICURE ESTETICO,VIA LECCO N. 12 ; (z.d. 3),VIA,LECCO,12,2110.0,3,,,25.0,False,True,False,False,False
2904,PEDICURE ESTETICO,VIA MAURI ANGELO N. 6 ; (z.d. 7),VIA,MAURI ANGELO,6,6296.0,7,,,,False,True,False,False,False
2905,PEDICURE ESTETICO,VIA NEERA ANNA N. 15 ingr.via montegani; (z.d. 5),VIA,NEERA ANNA,15,5326.0,5,,,20.0,False,True,False,False,False
2906,PEDICURE ESTETICO,VIA RIMINI N. 2 ; (z.d. 5),VIA,RIMINI,2,5267.0,5,,,,False,True,False,False,False
2907,PEDICURE ESTETICO,VIA TEODOSIO N. 82 p. rialzato; (z.d. 3),VIA,TEODOSIO,82,2550.0,3,,,43.0,False,True,False,False,False
2908,PEDICURE ESTETICO,VLE ARETUSA N. 34 ; (z.d. 7),VLE,ARETUSA,34,6565.0,7,,,29.0,False,True,False,False,False
2909,PEDICURE ESTETICO,VLE BEZZI ERGISTO N. 1 ; (z.d. 7),VLE,BEZZI ERGISTO,1,6272.0,7,,,50.0,False,True,False,False,False
2910,PEDICURE ESTETICO;TIPO C TRATT.ESTETICI DIMAGRIM,ALZ NAVIGLIO PAVESE N. 8 int.attivita' di parrucchiere; (z.d. 6),ALZ,NAVIGLIO PAVESE,8,5161.0,6,,,,False,True,False,True,False
3169,TIPO A - REG.2003,ALZ NAVIGLIO GRANDE N. 146 ; (z.d. 6),ALZ,NAVIGLIO GRANDE,146,5144.0,6,,,,False,True,False,False,False
3170,TIPO A - REG.2003,BST DI PORTA VOLTA N. 5 ; (z.d. 1),BST,DI PORTA VOLTA,5,1066.0,1,,,,False,True,False,False,False
3171,TIPO A - REG.2003,CSO BUENOS AIRES N. 21 (z.d. 3),CSO,BUENOS AIRES,21,2129.0,3,,,36.0,False,True,False,False,False
3172,TIPO A - REG.2003,CSO BUENOS AIRES N. 23 (z.d. 3),CSO,BUENOS AIRES,23,2129.0,3,ESTETICA TIPO A,,45.0,False,True,False,False,False
3173,TIPO A - REG.2003,CSO BUENOS AIRES N. 3 (z.d. 3),CSO,BUENOS AIRES,3,2129.0,3,,,56.0,False,True,False,False,False
3174,TIPO A - REG.2003,CSO BUENOS AIRES N. 75 3ø piano; (z.d. 3),CSO,BUENOS AIRES,75,2129.0,3,,,,False,True,False,False,False
3175,TIPO A - REG.2003,CSO BUENOS AIRES N. 92 4 locali al primo piano; (z.d. 3),CSO,BUENOS AIRES,92,2129.0,3,,,108.0,False,True,False,False,False
3176,TIPO A - REG.2003,CSO DI PORTA ROMANA N. 129 (z.d. 1),CSO,DI PORTA ROMANA,129,402.0,1,,,62.0,False,True,False,False,False
3177,TIPO A - REG.2003,CSO DI PORTA ROMANA N. 20 ; (z.d. 1),CSO,DI PORTA ROMANA,20,402.0,1,,,,False,True,False,False,False
3178,TIPO A - REG.2003,CSO DI PORTA VITTORIA N. 12 ; (z.d. 1),CSO,DI PORTA VITTORIA,12,3016.0,1,,,40.0,False,True,False,False,False
3179,TIPO A - REG.2003,CSO DI PORTA VITTORIA N. 32 ; (z.d. 1),CSO,DI PORTA VITTORIA,32,3016.0,1,estetica A,,49.0,False,True,False,False,False
3180,TIPO A - REG.2003,CSO DI PORTA VITTORIA N. 54 ; (z.d. 1),CSO,DI PORTA VITTORIA,54,3016.0,1,,,,False,True,False,False,False
3181,TIPO A - REG.2003,CSO GARIBALDI GIUSEPPE N. 104 ; (z.d. 1),CSO,GARIBALDI GIUSEPPE,104,1010.0,1,,,,False,True,False,False,False
3182,TIPO A - REG.2003,CSO ITALIA N. 43 con ingresso via lusardi; (z.d. 1),CSO,ITALIA,43,526.0,1,,,,False,True,False,False,False
3183,TIPO A - REG.2003,CSO ITALIA N. 6 ; (z.d. 1),CSO,ITALIA,6,526.0,1,,,,False,True,False,False,False
3184,TIPO A - REG.2003,CSO LODI N. 101 ; (z.d. 4),CSO,LODI,101,4068.0,4,,,55.0,False,True,False,False,False
3185,TIPO A - REG.2003,CSO LODI N. 113 con ingresso in via sacconi; (z.d. 4),CSO,LODI,113,4068.0,4,,,,False,True,False,False,False
3186,TIPO A - REG.2003,CSO LODI N. 24 ; (z.d. 5),CSO,LODI,24,4068.0,5,,,,False,True,False,False,False
3187,TIPO A - REG.2003,CSO LODI N. 56 ; (z.d. 4),CSO,LODI,56,4068.0,4,,,55.0,False,True,False,False,False
3188,TIPO A - REG.2003,CSO MAGENTA N. 11 ; (z.d. 1),CSO,MAGENTA,11,604.0,1,,,,False,True,False,False,False
3189,TIPO A - REG.2003,CSO MAGENTA N. 56 (z.d. 1),CSO,MAGENTA,56,604.0,1,,,45.0,False,True,False,False,False
3190,TIPO A - REG.2003,CSO MATTEOTTI GIACOMO piano ammezzato num.001a; (z.d. 1),CSO,MATTEOTTI GIACOMO,,218.0,1,,,34.0,False,True,False,False,False
3191,TIPO A - REG.2003,CSO SAN GOTTARDO N. 28 i piano; (z.d. 5),CSO,SAN GOTTARDO,28,5203.0,5,,,56.0,False,True,False,False,False
3192,TIPO A - REG.2003,CSO SEMPIONE N. 11 seminterrato; (z.d. 1),CSO,SEMPIONE,11,7137.0,1,,,130.0,False,True,False,False,False
3193,TIPO A - REG.2003,CSO VENEZIA N. 3 ; (z.d. 1),CSO,VENEZIA,3,238.0,1,,,52.0,False,True,False,False,False
3194,TIPO A - REG.2003,CSO VENTIDUE MARZO N. 22 (z.d. 4),CSO,VENTIDUE MARZO,22,3074.0,4,ESTETISTA,,158.0,False,True,False,False,False
3195,TIPO A - REG.2003,CSO VENTIDUE MARZO N. 49 angolo p.za grandi; (z.d. 4),CSO,VENTIDUE MARZO,49,3074.0,4,,,,False,True,False,False,False
3196,TIPO A - REG.2003,CSO VENTIDUE MARZO N. 8 1 piano; (z.d. 4),CSO,VENTIDUE MARZO,8,3074.0,4,,,128.0,False,True,False,False,False
3197,TIPO A - REG.2003,CSO VERCELLI N. 37 con ingresso via p.giovio; (z.d. 7),CSO,VERCELLI,37,6193.0,7,ESTETICA,,50.0,False,True,False,False,False
3198,TIPO A - REG.2003,CSO VERCELLI N. 52 ; (z.d. 7),CSO,VERCELLI,52,6193.0,7,,,50.0,False,True,False,False,False
3199,TIPO A - REG.2003,CSO VERCELLI N. 7 ; (z.d. 7),CSO,VERCELLI,7,6193.0,7,,,90.0,False,True,False,False,False
3200,TIPO A - REG.2003,CSO VERCELLI N. 7 ; (z.d. 7),CSO,VERCELLI,7,6193.0,7,,,,False,True,False,False,False
3201,TIPO A - REG.2003,LGO CORSIA DEI SERVI N. 11 secondo piano; (z.d. 1),LGO,CORSIA DEI SERVI,11,234.0,1,,,,False,True,False,False,False
3202,TIPO A - REG.2003,LGO RICHINI FRANCESCO N. 2A (z.d. 1),LGO,RICHINI FRANCESCO,2A,331.0,1,,,35.0,False,True,False,False,False
3203,TIPO A - REG.2003,LGO RICHINI FRANCESCO N. 2A (z.d. 1),LGO,RICHINI FRANCESCO,2A,331.0,1,,,39.0,False,True,False,False,False
3204,TIPO A - REG.2003,LGO SETTIMIO SEVERO N. 4 primo piano; (z.d. 7),LGO,SETTIMIO SEVERO,4,6210.0,7,,,34.0,False,True,False,False,False
3205,TIPO A - REG.2003,LGO TOSCANINI ARTURO N. 1 (z.d. 1),LGO,TOSCANINI ARTURO,1,97.0,1,,,31.0,False,True,False,False,False
3206,TIPO A - REG.2003,PLE BARACCA FRANCESCO N. 10 ; (z.d. 7),PLE,BARACCA FRANCESCO,10,6180.0,7,,,,False,True,False,False,False
3207,TIPO A - REG.2003,PLE CANTORE ANTONIO N. 12 (z.d. 6),PLE,CANTORE ANTONIO,12,5103.0,6,,,25.0,False,True,False,False,False
3208,TIPO A - REG.2003,PLE ISTRIA N. 2 con ngresso v.le zara n. 132; (z.d. 2),PLE,ISTRIA,2,1347.0,2,,,,False,True,False,False,False
3209,TIPO A - REG.2003,PTA BOSSI MAURILIO N. 4 ; (z.d. 1),PTA,BOSSI MAURILIO,4,116.0,1,,,,False,True,False,False,False
3210,TIPO A - REG.2003,PTA GIORDANO UMBERTO N. 4 ; (z.d. 1),PTA,GIORDANO UMBERTO,4,345.0,1,,,,False,True,False,False,False
3211,TIPO A - REG.2003,PZA ASPROMONTE N. 45 piano terra ed interrato; (z.d. 3),PZA,ASPROMONTE,45,2246.0,3,,,,False,True,False,False,False
3212,TIPO A - REG.2003,PZA BORROMEO N. 5 (z.d. 1),PZA,BORROMEO,5,631.0,1,,,29.0,False,True,False,False,False
3213,TIPO A - REG.2003,PZA CAIAZZO N. 2 1ø piano; (z.d. 3),PZA,CAIAZZO,2,2259.0,3,,,,False,True,False,False,False
3214,TIPO A - REG.2003,PZA CINQUE GIORNATE N. 1A (z.d. 1),PZA,CINQUE GIORNATE,1A,3053.0,1,,,31.0,False,True,False,False,False
3215,TIPO A - REG.2003,PZA CINQUE GIORNATE N. 7 (z.d. 4),PZA,CINQUE GIORNATE,7,3053.0,4,,,70.0,False,True,False,False,False
3216,TIPO A - REG.2003,PZA DE ANGELI ERNESTO N. 1 ; (z.d. 7),PZA,DE ANGELI ERNESTO,1,6276.0,7,,,87.0,False,True,False,False,False
3217,TIPO A - REG.2003,PZA DEL DUOMO N. 17 ; (z.d. 1),PZA,DEL DUOMO,17,1.0,1,,,74.0,False,True,False,False,False
3218,TIPO A - REG.2003,PZA DELLA REPUBBLICA N. 20 interno hotel westin palace; (z.d. 2),PZA,DELLA REPUBBLICA,20,1055.0,2,,,,False,True,False,False,False
3219,TIPO A - REG.2003,PZA GRAMSCI ANTONIO N. 2 ; (z.d. 8),PZA,GRAMSCI ANTONIO,2,7205.0,8,,,,False,True,False,False,False
3220,TIPO A - REG.2003,PZA MELOZZO DA FORLI' N. 11 ; (z.d. 7),PZA,MELOZZO DA FORLI',11,6619.0,7,,,46.0,False,True,False,False,False
3221,TIPO A - REG.2003,PZA MIANI GUGLIELMO N. 5 (z.d. 6),PZA,MIANI GUGLIELMO,5,5308.0,6,,,56.0,False,True,False,False,False
3222,TIPO A - REG.2003,PZA NAPOLI N. 31 ; (z.d. 6),PZA,NAPOLI,31,5131.0,6,,,,False,True,False,False,False
3223,TIPO A - REG.2003,PZA PIO XI N. 1 (z.d. 1),PZA,PIO XI,1,572.0,1,,,28.0,False,True,False,False,False
3224,TIPO A - REG.2003,PZA SAN FEDELE N. 2 ; (z.d. 1),PZA,SAN FEDELE,2,203.0,1,,,,False,True,False,False,False
3225,TIPO A - REG.2003,PZA SANT' AMBROGIO N. 2 piano terra e seminterrato; (z.d. 1),PZA,SANT' AMBROGIO,2,643.0,1,,,,False,True,False,False,False
3226,TIPO A - REG.2003,PZA VESUVIO N. 15 ; (z.d. 7),PZA,VESUVIO,15,6110.0,7,,,,False,True,False,False,False
3227,TIPO A - REG.2003,RIP DI PTA TICINESE N. 103 ; (z.d. 6),RIP,DI PTA TICINESE,103,5150.0,6,,,,False,True,False,False,False
3228,TIPO A - REG.2003,RIP DI PTA TICINESE N. 33 (z.d. 6),RIP,DI PTA TICINESE,33,5150.0,6,,,55.0,False,True,False,False,False
3229,TIPO A - REG.2003,VIA ALBERTI LEON BATTISTA N. 6 piano rialzato; (z.d. 8),VIA,ALBERTI LEON BATTISTA,6,7167.0,8,,,60.0,False,True,False,False,False
3230,TIPO A - REG.2003,VIA ANFITEATRO N. 6 ; (z.d. 1),VIA,ANFITEATRO,6,1012.0,1,,,40.0,False,True,False,False,False
3231,TIPO A - REG.2003,VIA ANFOSSI AUGUSTO N. 8 ; (z.d. 4),VIA,ANFOSSI AUGUSTO,8,3071.0,4,,,34.0,False,True,False,False,False
3232,TIPO A - REG.2003,VIA ARCHIMEDE N. 20 (z.d. 4),VIA,ARCHIMEDE,20,3086.0,4,,1.0,247.0,False,True,False,False,False
3233,TIPO A - REG.2003,VIA ARCO N. 1 (z.d. 1),VIA,ARCO,1,714.0,1,,,50.0,False,True,False,False,False
3234,TIPO A - REG.2003,VIA ASSIETTA N. 19 ; (z.d. 9),VIA,ASSIETTA,19,1540.0,9,,,45.0,False,True,False,False,False
3235,TIPO A - REG.2003,VIA ASTESANI ALESSANDRO N. 20 interno cortile; (z.d. 9),VIA,ASTESANI ALESSANDRO,20,1558.0,9,,,,False,True,False,False,False
3236,TIPO A - REG.2003,VIA AUSONIO N. 16 con ingresso via ariberto; (z.d. 1),VIA,AUSONIO,16,5093.0,1,,,,False,True,False,False,False
3237,TIPO A - REG.2003,VIA BAINSIZZA N. 2 (z.d. 5),VIA,BAINSIZZA,2,5213.0,5,,,28.0,False,True,False,False,False
3238,TIPO A - REG.2003,VIA BARACCHINI FLAVIO N. 9 (z.d. 1),VIA,BARACCHINI FLAVIO,9,356.0,1,,,26.0,False,True,False,False,False
3239,TIPO A - REG.2003,VIA BATTISTOTTI SASSI LUISA N. 12 ; (z.d. 4),VIA,BATTISTOTTI SASSI LUISA,12,3273.0,4,,,90.0,False,True,False,False,False
3240,TIPO A - REG.2003,VIA BELLINI GENTILE N. 8 ; (z.d. 6),VIA,BELLINI GENTILE,8,5387.0,6,,,39.0,False,True,False,False,False
3241,TIPO A - REG.2003,VIA BENACO N. 1 (z.d. 4),VIA,BENACO,1,4143.0,4,,,13.0,False,True,False,False,False
3242,TIPO A - REG.2003,VIA BERGAMO N. 2 (z.d. 4),VIA,BERGAMO,2,3189.0,4,ESTETICA TIPO A,,30.0,False,True,False,False,False
3243,TIPO A - REG.2003,VIA BERGOGNONE AMBROGIO DA FOSSANO N. 31 ; (z.d. 6),VIA,BERGOGNONE AMBROGIO DA FOSSANO,31,5130.0,6,,,,False,True,False,False,False
3244,TIPO A - REG.2003,VIA BIONDI EZIO N. 1 ; (z.d. 8),VIA,BIONDI EZIO,1,7186.0,8,,,60.0,False,True,False,False,False
3245,TIPO A - REG.2003,VIA BOCCACCIO GIOVANNI N. 26 c/o farmacia boccaccio; (z.d. 1),VIA,BOCCACCIO GIOVANNI,26,6158.0,1,,,,False,True,False,False,False
3246,TIPO A - REG.2003,VIA BOCCACCIO GIOVANNI N. 45 5ø piano; (z.d. 1),VIA,BOCCACCIO GIOVANNI,45,6158.0,1,,,,False,True,False,False,False
3247,TIPO A - REG.2003,VIA BONNET NINO num.006b; (z.d. 9),VIA,BONNET NINO,,1109.0,9,,,22.0,False,True,False,False,False
3248,TIPO A - REG.2003,VIA BOSCHETTI ERASMO N. 7 ; (z.d. 2),VIA,BOSCHETTI ERASMO,7,1309.0,2,,,,False,True,False,False,False
3249,TIPO A - REG.2003,VIA BOSCOVICH RUGGERO N. 44 ; (z.d. 3),VIA,BOSCOVICH RUGGERO,44,2131.0,3,,,45.0,False,True,False,False,False
3250,TIPO A - REG.2003,VIA BRAGA GAETANO N. 1 ; (z.d. 2),VIA,BRAGA GAETANO,1,1308.0,2,,,,False,True,False,False,False
3251,TIPO A - REG.2003,VIA BRIOSCHI FRANCESCO N. 52 ; (z.d. 5),VIA,BRIOSCHI FRANCESCO,52,5243.0,5,,,,False,True,False,False,False
3252,TIPO A - REG.2003,VIA BRIOSCHI FRANCESCO N. 92 ; (z.d. 5),VIA,BRIOSCHI FRANCESCO,92,5243.0,5,,,31.0,False,True,False,False,False
3253,TIPO A - REG.2003,VIA BROGGI GIUSEPPE N. 17 1ø piano; (z.d. 3),VIA,BROGGI GIUSEPPE,17,2150.0,3,,,,False,True,False,False,False
3254,TIPO A - REG.2003,"VIA BRUNO CASSINARI N. 11 codvia 4386 num.011; via cassinari, 11/f (z.d. 4)",VIA,BRUNO CASSINARI,11,4386.0,4,,,45.0,False,True,False,False,False
3256,TIPO A - REG.2003,VIA BRUZZESI GIACINTO N. 2 (z.d. 6),VIA,BRUZZESI GIACINTO,2,5388.0,6,,,25.0,False,True,False,False,False
3255,TIPO A - REG.2003,VIA BRUZZESI GIACINTO N. 25 ; (z.d. 6),VIA,BRUZZESI GIACINTO,25,5388.0,6,estetica tipo A,15.0,69.0,False,True,False,False,False
3257,TIPO A - REG.2003,VIA CACCIALEPORI N. 3 ; (z.d. 7),VIA,CACCIALEPORI,3,6557.0,7,,,,False,True,False,False,False
3258,TIPO A - REG.2003,VIA CACCIATORI BENEDETTO N. 12 ; (z.d. 7),VIA,CACCIATORI BENEDETTO,12,6305.0,7,,,55.0,False,True,False,False,False
3259,TIPO A - REG.2003,VIA CALVI PIETRO N. 3 altro locale; (z.d. 4),VIA,CALVI PIETRO,3,3083.0,4,,,,False,True,False,False,False
3260,TIPO A - REG.2003,VIA CALVI PIETRO seminterrato num.003a; (z.d. 4),VIA,CALVI PIETRO,,3083.0,4,,,,False,True,False,False,False
3261,TIPO A - REG.2003,VIA CANONICA LUIGI N. 24 (z.d. 1),VIA,CANONICA LUIGI,24,7121.0,1,,,48.0,False,True,False,False,False
3262,TIPO A - REG.2003,VIA CANONICA LUIGI N. 91 (z.d. 8),VIA,CANONICA LUIGI,91,7121.0,8,ESTETISTA,6.0,17.0,False,True,False,False,False
3263,TIPO A - REG.2003,VIA CAPECELATRO ALFONSO N. 14 (z.d. 7),VIA,CAPECELATRO ALFONSO,14,6575.0,7,ESTETICA A,,,False,True,False,False,False
3264,TIPO A - REG.2003,VIA CAPECELATRO ALFONSO N. 19 ; (z.d. 7),VIA,CAPECELATRO ALFONSO,19,6575.0,7,,,14.0,False,True,False,False,False
3265,TIPO A - REG.2003,VIA CAPECELATRO ALFONSO N. 23 (z.d. 7),VIA,CAPECELATRO ALFONSO,23,6575.0,7,,,45.0,False,True,False,False,False
3266,TIPO A - REG.2003,VIA CAPPUCCIO N. 2 (z.d. 1),VIA,CAPPUCCIO,2,634.0,1,ESTETICA A,,29.0,False,True,False,False,False
3267,TIPO A - REG.2003,VIA CARDINALE MEZZOFANTI N. 20 ; (z.d. 4),VIA,CARDINALE MEZZOFANTI,20,3277.0,4,,,,False,True,False,False,False
3268,TIPO A - REG.2003,VIA CARDUCCI GIOSUE' N. 2 ; (z.d. 1),VIA,CARDUCCI GIOSUE',2,602.0,1,,,72.0,False,True,False,False,False
3269,TIPO A - REG.2003,VIA CARETTA ANNIBALE N. 3 (z.d. 3),VIA,CARETTA ANNIBALE,3,2241.0,3,,,46.0,False,True,False,False,False
3270,TIPO A - REG.2003,VIA CASTALDI PANFILO N. 16 ; (z.d. 3),VIA,CASTALDI PANFILO,16,2119.0,3,,,,False,True,False,False,False
3271,TIPO A - REG.2003,VIA CASTALDI PANFILO N. 37 (z.d. 3),VIA,CASTALDI PANFILO,37,2119.0,3,,,58.0,False,True,False,False,False
3272,TIPO A - REG.2003,VIA CELIO N. 2 (z.d. 7),VIA,CELIO,2,6623.0,7,ESTETISTA MANICURE PEDICURE,35.0,6.0,False,True,False,False,False
3273,TIPO A - REG.2003,VIA CERNUSCHI ENRICO N. 1 seminterrato; (z.d. 1),VIA,CERNUSCHI ENRICO,1,3051.0,1,,,40.0,False,True,False,False,False
3274,TIPO A - REG.2003,VIA CERVIGNANO N. 8 piano 5ø; (z.d. 4),VIA,CERVIGNANO,8,3218.0,4,,,,False,True,False,False,False
3275,TIPO A - REG.2003,VIA CHIANCIANO num.0102; (z.d. 9),VLE,SUZZANI GIOVANNI,12,1446.0,9,,,,False,True,False,False,False
3276,TIPO A - REG.2003,VIA CHIOGGIA N. 1 ; (z.d. 2),VIA,CHIOGGIA,1,2317.0,2,,,,False,True,False,False,False
3279,TIPO A - REG.2003,VIA COL MOSCHIN N. 1 (z.d. 5),VIA,COL MOSCHIN,1,5211.0,5,,,50.0,False,True,False,False,False
3277,TIPO A - REG.2003,VIA COLA DI RIENZO N. 44 (z.d. 6),VIA,COLA DI RIENZO,44,6094.0,6,,,50.0,False,True,False,False,False
3278,TIPO A - REG.2003,VIA COLAUTTI ARTURO N. 1 ; (z.d. 2),VIA,COLAUTTI ARTURO,1,1356.0,2,,,,False,True,False,False,False
3280,TIPO A - REG.2003,VIA COLONNA VITTORIA N. 13 ; (z.d. 7),VIA,COLONNA VITTORIA,13,6284.0,7,,,,False,True,False,False,False
3281,TIPO A - REG.2003,VIA COMPAGNONI GIUSEPPE N. 24 ; (z.d. 4),VIA,COMPAGNONI GIUSEPPE,24,3096.0,4,,,,False,True,False,False,False
3282,TIPO A - REG.2003,VIA CONCHETTA N. 19 ; (z.d. 5),VIA,CONCHETTA,19,5239.0,5,,,,False,True,False,False,False
3283,TIPO A - REG.2003,VIA COPERNICO NICOLO' N. 61 ; (z.d. 2),VIA,COPERNICO NICOLO',61,1204.0,2,,,,False,True,False,False,False
3284,TIPO A - REG.2003,VIA CORRENTI CESARE N. 26 ; (z.d. 1),VIA,CORRENTI CESARE,26,555.0,1,,,,False,True,False,False,False
3285,TIPO A - REG.2003,VIA COSTA ANDREA N. 3 ; (z.d. 2),VIA,COSTA ANDREA,3,2276.0,2,,,,False,True,False,False,False
3286,TIPO A - REG.2003,VIA CREMA N. 4 ; (z.d. 5),VIA,CREMA,4,4061.0,5,,,30.0,False,True,False,False,False
3287,TIPO A - REG.2003,VIA CROCEFISSO N. 5 (z.d. 1),VIA,CROCEFISSO,5,587.0,1,,80.0,1.0,False,True,False,False,False
3288,TIPO A - REG.2003,VIA CUNEO N. 3 1^piano; (z.d. 7),VIA,CUNEO,3,6281.0,7,,,,False,True,False,False,False
3289,TIPO A - REG.2003,VIA DE AMICIS EDMONDO N. 30 (z.d. 1),VIA,DE AMICIS EDMONDO,30,574.0,1,ESTETICA,,,False,True,False,False,False
3290,TIPO A - REG.2003,VIA DE AMICIS EDMONDO N. 61 ; (z.d. 1),VIA,DE AMICIS EDMONDO,61,574.0,1,,,,False,True,False,False,False
3291,TIPO A - REG.2003,VIA DEI CINQUECENTO N. 27 ; (z.d. 4),VIA,DEI CINQUECENTO,27,4283.0,4,,,,False,True,False,False,False
3292,TIPO A - REG.2003,VIA DEI GRIMANI N. 11 (z.d. 6),VIA,DEI GRIMANI,11,6097.0,6,,,35.0,False,True,False,False,False
3297,TIPO A - REG.2003,VIA DEL PASSERO N. 3 ; (z.d. 6),VIA,DEL PASSERO,3,6801.0,6,,,,False,True,False,False,False
3293,TIPO A - REG.2003,VIA DELLA COMMENDA N. 33 (z.d. 1),VIA,DELLA COMMENDA,33,3146.0,1,,31.0,65.0,False,True,False,False,False
3294,TIPO A - REG.2003,VIA DELLE FORZE ARMATE N. 105 (z.d. 7),VIA,DELLE FORZE ARMATE,105,6643.0,7,ESTETICA A,,,False,True,False,False,False
3295,TIPO A - REG.2003,VIA DELLE FORZE ARMATE N. 197 ; (z.d. 7),VIA,DELLE FORZE ARMATE,197,6643.0,7,,,,False,True,False,False,False
3296,TIPO A - REG.2003,VIA DELLE FORZE ARMATE N. 395 ; (z.d. 7),VIA,DELLE FORZE ARMATE,395,6643.0,7,,,35.0,False,True,False,False,False
3298,TIPO A - REG.2003,VIA DISCIPLINI N. 12 ; (z.d. 1),VIA,DISCIPLINI,12,585.0,1,,,,False,True,False,False,False
3299,TIPO A - REG.2003,VIA DON BOSCO N. 27 (z.d. 4),VIA,DON BOSCO,27,4144.0,4,ESTETICA,,35.0,False,True,False,False,False
3300,TIPO A - REG.2003,VIA EGADI N. 12 seminterrato; (z.d. 7),VIA,EGADI,12,6235.0,7,,,72.0,False,True,False,False,False
3301,TIPO A - REG.2003,VIA EUSTACHI BARTOLOMEO N. 21 ; (z.d. 3),VIA,EUSTACHI BARTOLOMEO,21,2165.0,3,,,,False,True,False,False,False
3308,TIPO A - REG.2003,VIA F.LLI BEOLCHI N. 15 ; (z.d. 8),VIA,F.LLI BEOLCHI,15,6738.0,8,,,,False,True,False,False,False
3309,TIPO A - REG.2003,VIA F.LLI BRONZETTI N. 14 ; (z.d. 4),VIA,F.LLI BRONZETTI,14,3089.0,4,,,50.0,False,True,False,False,False
3310,TIPO A - REG.2003,VIA F.LLI BRONZETTI N. 8 ; (z.d. 4),VIA,F.LLI BRONZETTI,8,3089.0,4,,,67.0,False,True,False,False,False
3311,TIPO A - REG.2003,VIA F.LLI GABBA interno albergo num.007b; (z.d. 1),VIA,CERVA,19,314.0,1,,,,False,True,False,False,False
3312,TIPO A - REG.2003,VIA F.LLI RUFFINI N. 11 ; (z.d. 1),VIA,F.LLI RUFFINI,11,6163.0,1,,,,False,True,False,False,False
3302,TIPO A - REG.2003,VIA FACCIOLI CESARE N. 2 ; (z.d. 7),VIA,FACCIOLI CESARE,2,6772.0,7,,,50.0,False,True,False,False,False
3303,TIPO A - REG.2003,VIA FALCONE N. 5 ; (z.d. 1),VIA,FALCONE,5,520.0,1,,,40.0,False,True,False,False,False
3304,TIPO A - REG.2003,VIA FARINI CARLO N. 35 ; (z.d. 9),VIA,FARINI CARLO,35,1114.0,9,,,,False,True,False,False,False
3305,TIPO A - REG.2003,VIA FARINI CARLO N. 68 (z.d. 9),VIA,FARINI CARLO,68,1114.0,9,,,47.0,False,True,False,False,False
3306,TIPO A - REG.2003,VIA FARNETI RODOLFO N. 3 ; (z.d. 3),VIA,FARNETI RODOLFO,3,2169.0,3,,,,False,True,False,False,False
3307,TIPO A - REG.2003,VIA FILZI FABIO N. 27 ; (z.d. 2),VIA,FILZI FABIO,27,1190.0,2,,,,False,True,False,False,False
3313,TIPO A - REG.2003,VIA FONTANA N. 18 ; (z.d. 1),VIA,FONTANA,18,3058.0,1,,,,False,True,False,False,False
3314,TIPO A - REG.2003,VIA FOPPA VINCENZO N. 25 ; (z.d. 6),VIA,FOPPA VINCENZO,25,6109.0,6,,,25.0,False,True,False,False,False
3315,TIPO A - REG.2003,VIA FRIULI N. 50 ; (z.d. 4),VIA,FRIULI,50,3199.0,4,,,,False,True,False,False,False
3316,TIPO A - REG.2003,VIA GARIAN N. 18 (z.d. 6),VIA,GARIAN,18,6119.0,6,,,50.0,False,True,False,False,False
3317,TIPO A - REG.2003,VIA GIOIA MELCHIORRE N. 123 i piano sub 9; (z.d. 2),VIA,GIOIA MELCHIORRE,123,1108.0,2,,,34.0,False,True,False,False,False
3318,TIPO A - REG.2003,VIA GIOIA MELCHIORRE N. 135 (z.d. 2),VIA,GIOIA MELCHIORRE,135,1108.0,2,,,50.0,False,True,False,False,False
3319,TIPO A - REG.2003,VIA GIOIA MELCHIORRE N. 43 ; (z.d. 9),VIA,GIOIA MELCHIORRE,43,1108.0,9,,,66.0,False,True,False,False,False
3320,TIPO A - REG.2003,VIA GIOIA MELCHIORRE N. 55B (z.d. 2),VIA,GIOIA MELCHIORRE,55B,1108.0,2,,,50.0,False,True,False,False,False
3321,TIPO A - REG.2003,VIA GORKI MASSIMO N. 10 ; (z.d. 6),VIA,GORKI MASSIMO,10,5139.0,6,,,,False,True,False,False,False
3322,TIPO A - REG.2003,VIA GOVONE GIUSEPPE N. 67 ; (z.d. 8),VIA,GOVONE GIUSEPPE,67,7222.0,8,,,,False,True,False,False,False
3323,TIPO A - REG.2003,VIA GRAZIANO IMPERATORE N. 41 ; (z.d. 9),VIA,GRAZIANO IMPERATORE,41,1524.0,9,ESTETICA,,,False,True,False,False,False
3324,TIPO A - REG.2003,VIA GRIGNA N. 9 (z.d. 8),VIA,GRIGNA,9,7239.0,8,ESTETICA,,45.0,False,True,False,False,False
3325,TIPO A - REG.2003,VIA GRIZIOTTI GIACOMO N. 4 (z.d. 8),VIA,GRIZIOTTI GIACOMO,4,6347.0,8,,,70.0,False,True,False,False,False
3326,TIPO A - REG.2003,VIA IMBONATI CARLO N. 24 ; (z.d. 9),VIA,IMBONATI CARLO,24,1311.0,9,,,60.0,False,True,False,False,False
3327,TIPO A - REG.2003,VIA IMBONATI CARLO N. 61 (z.d. 9),VIA,IMBONATI CARLO,61,1311.0,9,,,40.0,False,True,False,False,False
3328,TIPO A - REG.2003,VIA JAN GIORGIO N. 6 ; (z.d. 3),VIA,JAN GIORGIO,6,2154.0,3,,,,False,True,False,False,False
3329,TIPO A - REG.2003,VIA LAGRANGE GIUSEPPE N. 1 piano rialzato; (z.d. 5),VIA,LAGRANGE GIUSEPPE,1,5205.0,5,,,,False,True,False,False,False
3330,TIPO A - REG.2003,VIA LAMARMORA ALFONSO N. 40A (z.d. 1),VIA,LAMARMORA ALFONSO,40A,4103.0,1,,,60.0,False,True,False,False,False
3331,TIPO A - REG.2003,VIA LANINO BERNARDINO N. 9 ; (z.d. 6),VIA,LANINO BERNARDINO,9,6105.0,6,,,,False,True,False,False,False
3332,TIPO A - REG.2003,VIA LARGA N. 2 ; (z.d. 1),VIA,LARGA,2,318.0,1,,,,False,True,False,False,False
3333,TIPO A - REG.2003,VIA LASSALLE FERDINANDO N. 5 (z.d. 5),VIA,LASSALLE FERDINANDO,5,5433.0,5,estetista,,30.0,False,True,False,False,False
3334,TIPO A - REG.2003,VIA LAZZARETTO N. 3 angolo p.castaldi (z.d. 2),VIA,LAZZARETTO,3,2112.0,2,,,,False,True,False,False,False
3335,TIPO A - REG.2003,VIA LEGNANO N. 6 (z.d. 1),VIA,LEGNANO,6,7082.0,1,,,45.0,False,True,False,False,False
3336,TIPO A - REG.2003,VIA LEPONTINA N. 13 (z.d. 9),VIA,LEPONTINA,13,1147.0,9,,,23.0,False,True,False,False,False
3337,TIPO A - REG.2003,VIA LITTA POMPEO N. 2 (z.d. 1),VIA,LITTA POMPEO,2,3029.0,1,,,53.0,False,True,False,False,False
3338,TIPO A - REG.2003,VIA LIVIGNO N. 6A (z.d. 9),VIA,LIVIGNO,6A,1296.0,9,ESTETICA TIPO A,,36.0,False,True,False,False,False
3340,TIPO A - REG.2003,VIA LOMAZZO PAOLO N. 15 (z.d. 8),VIA,LOMAZZO PAOLO,15,7079.0,8,,,39.0,False,True,False,False,False
3339,TIPO A - REG.2003,VIA LOMAZZO PAOLO N. 15 ; (z.d. 8),VIA,LOMAZZO PAOLO,15,7079.0,8,,,36.0,False,True,False,False,False
3341,TIPO A - REG.2003,VIA LOVANIO N. 10 ; (z.d. 1),VIA,LOVANIO,10,1030.0,1,,15.0,80.0,False,True,False,False,False
3342,TIPO A - REG.2003,VIA LUINI BERNARDINO N. 9 ; (z.d. 1),VIA,LUINI BERNARDINO,9,638.0,1,ESTETICA A,,45.0,False,True,False,False,False
3343,TIPO A - REG.2003,VIA MAC MAHON N. 1 con ingresso via cucchiari; (z.d. 8),VIA,MAC MAHON,1,7221.0,8,,,,False,True,False,False,False
3344,TIPO A - REG.2003,VIA MAC MAHON N. 32 (z.d. 8),VIA,MAC MAHON,32,7221.0,8,,,43.0,False,True,False,False,False
3345,TIPO A - REG.2003,VIA MAIOCCHI ACHILLE N. 8 4ø piano; (z.d. 3),VIA,MAIOCCHI ACHILLE,8,2162.0,3,,,,False,True,False,False,False
3347,TIPO A - REG.2003,VIA MAMBRETTI ANTONIO N. 25 (z.d. 8),VIA,MAMBRETTI ANTONIO,25,7455.0,8,,,,False,True,False,False,False
3346,TIPO A - REG.2003,VIA MAMBRETTI ANTONIO N. 25 ; (z.d. 8),VIA,MAMBRETTI ANTONIO,25,7455.0,8,,,,False,True,False,False,False
3348,TIPO A - REG.2003,VIA MAMELI GOFFREDO N. 46 (z.d. 4),VIA,MAMELI GOFFREDO,46,3088.0,4,estetica A,4.0,18.0,False,True,False,False,False
3349,TIPO A - REG.2003,VIA MARCELLO BENEDETTO N. 20 (z.d. 3),VIA,MARCELLO BENEDETTO,20,2128.0,3,ESTETICA A,,15.0,False,True,False,False,False
3350,TIPO A - REG.2003,VIA MARCELLO BENEDETTO N. 77 ; (z.d. 3),VIA,MARCELLO BENEDETTO,77,2128.0,3,,,,False,True,False,False,False
3351,TIPO A - REG.2003,VIA MARCHESI POMPEO N. 41 (z.d. 7),VIA,MARCHESI POMPEO,41,6304.0,7,,,40.0,False,True,False,False,False
3352,TIPO A - REG.2003,VIA MARIANI POMPEO N. 4 (z.d. 2),VIA,MARIANI POMPEO,4,2490.0,2,,,26.0,False,True,False,False,False
3353,TIPO A - REG.2003,VIA MASACCIO N. 3 ; (z.d. 8),VIA,MASACCIO,3,6420.0,8,,,150.0,False,True,False,False,False
3354,TIPO A - REG.2003,VIA MASCHERONI LORENZO N. 20 (z.d. 1),VIA,MASCHERONI LORENZO,20,6183.0,1,,,46.0,False,True,False,False,False
3355,TIPO A - REG.2003,VIA MASSARENTI GIUSEPPE N. 18 ; (z.d. 7),VIA,MASSARENTI GIUSEPPE,18,6564.0,7,,,79.0,False,True,False,False,False
3356,TIPO A - REG.2003,VIA MAURI ACHILLE N. 4 (z.d. 1),VIA,MAURI ACHILLE,4,527.0,1,ESTETISTA,1.0,30.0,False,True,False,False,False
3357,TIPO A - REG.2003,VIA MAURI ANGELO N. 5 ; (z.d. 7),VIA,MAURI ANGELO,5,6296.0,7,,,,False,True,False,False,False
3358,TIPO A - REG.2003,VIA MAZZINI GIUSEPPE N. 12 (z.d. 1),VIA,MAZZINI GIUSEPPE,12,516.0,1,,,30.0,False,True,False,False,False
3359,TIPO A - REG.2003,VIA MAZZINI GIUSEPPE N. 20 ; (z.d. 1),VIA,MAZZINI GIUSEPPE,20,516.0,1,,,,False,True,False,False,False
3360,TIPO A - REG.2003,VIA MELORIA N. 14 (z.d. 8),VIA,MELORIA,14,6424.0,8,,,35.0,False,True,False,False,False
3361,TIPO A - REG.2003,VIA MELZO N. 23 1ø piano; (z.d. 3),VIA,MELZO,23,2184.0,3,,,,False,True,False,False,False
3362,TIPO A - REG.2003,VIA MENOTTI CIRO num.0313; (z.d. 3),VIA,DURAZZO,5,2658.0,3,,,,False,True,False,False,False
3363,TIPO A - REG.2003,VIA MERCADANTE SAVERIO N. 9 ; (z.d. 3),VIA,MERCADANTE SAVERIO,9,2232.0,3,,,,False,True,False,False,False
3364,TIPO A - REG.2003,VIA MILAZZO N. 6 1ø piano; (z.d. 1),VIA,MILAZZO,6,1034.0,1,,,,False,True,False,False,False
3365,TIPO A - REG.2003,VIA MONTE CENGIO N. 11 piano interrato; (z.d. 4),VIA,MONTE CENGIO,11,4366.0,4,,,,False,True,False,False,False
3366,TIPO A - REG.2003,VIA MONTE NEVOSO N. 1 (z.d. 3),VIA,MONTE NEVOSO,1,2560.0,3,,,50.0,False,True,False,False,False
3367,TIPO A - REG.2003,VIA MONTI VINCENZO N. 41 piano terra; (z.d. 1),VIA,MONTI VINCENZO,41,6155.0,1,estetica A,,56.0,False,True,False,False,False
3368,TIPO A - REG.2003,VIA MURATORI LODOVICO N. 52 ; (z.d. 4),VIA,MURATORI LODOVICO,52,4076.0,4,,,27.0,False,True,False,False,False
3369,TIPO A - REG.2003,VIA MUSSI GIUSEPPE N. 5 ; (z.d. 8),VIA,MUSSI GIUSEPPE,5,7199.0,8,,,,False,True,False,False,False
3370,TIPO A - REG.2003,VIA OLGETTINA N. 65 (z.d. 3),VIA,OLGETTINA,65,2530.0,3,,,50.0,False,True,False,False,False
3371,TIPO A - REG.2003,VIA OLTROCCHI BALDASSARE N. 11 ; (z.d. 4),VIA,OLTROCCHI BALDASSARE,11,3217.0,4,,,45.0,False,True,False,False,False
3372,TIPO A - REG.2003,VIA ORTI N. 5 ; (z.d. 1),VIA,ORTI,5,4031.0,1,,,,False,True,False,False,False
3373,TIPO A - REG.2003,VIA OSOPPO N. 13 ; (z.d. 7),VIA,OSOPPO,13,6596.0,7,,,,False,True,False,False,False
3374,TIPO A - REG.2003,VIA OZANAM FEDERICO N. 10 ; (z.d. 3),VIA,OZANAM FEDERICO,10,2143.0,3,,,10.0,False,True,False,False,False
3375,TIPO A - REG.2003,VIA PADOVA N. 133 ; (z.d. 2),VIA,PADOVA,133,2275.0,2,,,42.0,False,True,False,False,False
3377,TIPO A - REG.2003,VIA PADOVA N. 27 (z.d. 2),VIA,PADOVA,27,2275.0,2,,,45.0,False,True,False,False,False
3376,TIPO A - REG.2003,VIA PADOVA N. 276 ; (z.d. 2),VIA,PADOVA,276,2275.0,2,,,,False,True,False,False,False
3378,TIPO A - REG.2003,VIA PALAZZI LAZZARO N. 8 (z.d. 3),VIA,PALAZZI LAZZARO,8,2171.0,3,estetica,,,False,True,False,False,False
3379,TIPO A - REG.2003,VIA PALEOCAPA PIETRO N. 1 ; (z.d. 1),VIA,PALEOCAPA PIETRO,1,706.0,1,,,,False,True,False,False,False
3380,TIPO A - REG.2003,VIA PANIZZI ANTONIO N. 12 ; (z.d. 6),VIA,PANIZZI ANTONIO,12,6486.0,6,,,,False,True,False,False,False
3381,TIPO A - REG.2003,VIA PAOLO DA CANNOBIO N. 16 (z.d. 1),VIA,PAOLO DA CANNOBIO,16,338.0,1,,,30.0,False,True,False,False,False
3382,TIPO A - REG.2003,VIA PAPI LAZZARO N. 8 ; (z.d. 4),VIA,PAPI LAZZARO,8,4071.0,4,,,60.0,False,True,False,False,False
3383,TIPO A - REG.2003,VIA PARAVIA PIER ALESSANDRO N. 2 ; (z.d. 7),VIA,PARAVIA PIER ALESSANDRO,2,6571.0,7,,,,False,True,False,False,False
3384,TIPO A - REG.2003,VIA PARINI GIUSEPPE N. 12 ; (z.d. 1),VIA,PARINI GIUSEPPE,12,1049.0,1,,,45.0,False,True,False,False,False
3385,TIPO A - REG.2003,VIA PASCOLI GIOVANNI N. 3 ; (z.d. 3),VIA,PASCOLI GIOVANNI,3,3132.0,3,,,,False,True,False,False,False
3386,TIPO A - REG.2003,VIA PECCHIO GIUSEPPE N. 1 i piano; (z.d. 3),VIA,PECCHIO GIUSEPPE,1,2240.0,3,,,,False,True,False,False,False
3387,TIPO A - REG.2003,VIA PERGOLESI GIOVANNI BATTISTA N. 3 (z.d. 3),VIA,PERGOLESI GIOVANNI BATTISTA,3,2231.0,3,APPLICAZIONE E DECORAZIONE UNGHIE ARTIFICIALE,,25.0,False,True,False,False,False
3388,TIPO A - REG.2003,VIA PERUGINO N. 24 (z.d. 4),VIA,PERUGINO,24,3198.0,4,,,59.0,False,True,False,False,False
3389,TIPO A - REG.2003,VIA PETRELLA ERRICO N. 21 (z.d. 3),VIA,PETRELLA ERRICO,21,2137.0,3,,,46.0,False,True,False,False,False
3390,TIPO A - REG.2003,VIA PEZZOTTI GIOVANNI N. 54 ; (z.d. 5),VIA,PEZZOTTI GIOVANNI,54,5244.0,5,,,,False,True,False,False,False
3392,TIPO A - REG.2003,VIA PIACENZA N. 1 primo piano; (z.d. 5),VIA,PIACENZA,1,4064.0,5,,,,False,True,False,False,False
3391,TIPO A - REG.2003,VIA PIACENZA N. 15 (z.d. 5),VIA,PIACENZA,15,4064.0,5,,,43.0,False,True,False,False,False
3393,TIPO A - REG.2003,VIA PIANELL SALVATORE N. 58 ; (z.d. 9),VIA,PIANELL SALVATORE,58,1426.0,9,,,,False,True,False,False,False
3394,TIPO A - REG.2003,VIA PISACANE CARLO N. 26 (z.d. 3),VIA,PISACANE CARLO,26,2188.0,3,,,49.0,False,True,False,False,False
3395,TIPO A - REG.2003,VIA PLEZZO N. 16 riservata solo ai soci; (z.d. 3),VIA,PLEZZO,16,2653.0,3,,,,False,True,False,False,False
3396,TIPO A - REG.2003,VIA PONTE SEVESO N. 22 (z.d. 2),VIA,PONTE SEVESO,22,1203.0,2,ESTETICA A,2.0,31.0,False,True,False,False,False
3397,TIPO A - REG.2003,VIA PONTE SEVESO N. 30 ; (z.d. 2),VIA,PONTE SEVESO,30,1203.0,2,,,,False,True,False,False,False
3398,TIPO A - REG.2003,VIA PORDENONE N. 8 primo piano; (z.d. 3),VIA,PORDENONE,8,2650.0,3,,,,False,True,False,False,False
3399,TIPO A - REG.2003,VIA PORPORA NICOLA ANTONIO N. 146 piano rialzato; (z.d. 3),VIA,PORPORA NICOLA ANTONIO,146,2229.0,3,,,22.0,False,True,False,False,False
3400,TIPO A - REG.2003,VIA PORRO LAMBERTENGHI LUIGI N. 25 ; (z.d. 9),VIA,PORRO LAMBERTENGHI LUIGI,25,1142.0,9,,,,False,True,False,False,False
3401,TIPO A - REG.2003,VIA PREVIATI GAETANO N. 10 ; (z.d. 7),VIA,PREVIATI GAETANO,10,6384.0,7,,,123.0,False,True,False,False,False
3402,TIPO A - REG.2003,VIA PRIMATICCIO FRANCESCO N. 34 ; (z.d. 6),VIA,PRIMATICCIO FRANCESCO,34,6646.0,6,,,32.0,False,True,False,False,False
3403,TIPO A - REG.2003,VIA PRINA GIUSEPPE N. 15 ; (z.d. 8),VIA,PRINA GIUSEPPE,15,7135.0,8,,,,False,True,False,False,False
3404,TIPO A - REG.2003,VIA PRINA GIUSEPPE N. 4 ; (z.d. 8),VIA,PRINA GIUSEPPE,4,7135.0,8,,,,False,True,False,False,False
3405,TIPO A - REG.2003,VIA PRINCIPE EUGENIO N. 25 ; (z.d. 8),VIA,PRINCIPE EUGENIO,25,7223.0,8,,,,False,True,False,False,False
3406,TIPO A - REG.2003,VIA PROCACCINI GIULIO CESARE N. 69 (z.d. 8),VIA,PROCACCINI GIULIO CESARE,69,7204.0,8,,,45.0,False,True,False,False,False
3407,TIPO A - REG.2003,VIA RASORI GIOVANNI N. 2 ; (z.d. 7),VIA,RASORI GIOVANNI,2,6190.0,7,,,30.0,False,True,False,False,False
3408,TIPO A - REG.2003,VIA RASORI GIOVANNI N. 4 ; (z.d. 7),VIA,RASORI GIOVANNI,4,6190.0,7,,,,False,True,False,False,False
3409,TIPO A - REG.2003,VIA REINA FRANCESCO N. 11 ; (z.d. 4),VIA,REINA FRANCESCO,11,3255.0,4,,,,False,True,False,False,False
3410,TIPO A - REG.2003,VIA RENZO E LUCIA N. 3 (z.d. 5),VIA,RENZO E LUCIA,3,5412.0,5,,,50.0,False,True,False,False,False
3411,TIPO A - REG.2003,VIA ROMEO NICOLA N. 3 (z.d. 5),VIA,ROMEO NICOLA,3,5479.0,5,,,25.0,False,True,False,False,False
3412,TIPO A - REG.2003,VIA RONCHI N. 39 ; (z.d. 3),VIA,RONCHI,39,2655.0,3,,,,False,True,False,False,False
3413,TIPO A - REG.2003,VIA ROSMINI ANTONIO N. 6 2ø piano; (z.d. 1),VIA,ROSMINI ANTONIO,6,7132.0,1,,,,False,True,False,False,False
3415,TIPO A - REG.2003,VIA ROSSI PELLEGRINO N. 43 (z.d. 9),VIA,ROSSI PELLEGRINO,43,1510.0,9,,,25.0,False,True,False,False,False
3414,TIPO A - REG.2003,VIA ROSSINI GIOACCHINO N. 5 ; (z.d. 1),VIA,ROSSINI GIOACCHINO,5,3040.0,1,,,50.0,False,True,False,False,False
3417,TIPO A - REG.2003,VIA RUBENS PIETRO N. 19 (z.d. 7),VIA,RUBENS PIETRO,19,6597.0,7,,,35.0,False,True,False,False,False
3416,TIPO A - REG.2003,VIA RUBENS PIETRO N. 19 ; (z.d. 7),VIA,RUBENS PIETRO,19,6597.0,7,,,,False,True,False,False,False
3433,TIPO A - REG.2003,VIA S. GIOV. SUL MURO N. 14 con ingresso in via brentano; (z.d. 1),VIA,S. GIOV. SUL MURO,14,609.0,1,,,,False,True,False,False,False
3434,TIPO A - REG.2003,VIA S. GIOV. SUL MURO N. 14 via brentano; (z.d. 1),VIA,S. GIOV. SUL MURO,14,609.0,1,,,,False,True,False,False,False
3418,TIPO A - REG.2003,VIA SAN CALOCERO N. 2 ; (z.d. 1),VIA,SAN CALOCERO,2,5100.0,1,,,,False,True,False,False,False
3419,TIPO A - REG.2003,VIA SAN GALDINO N. 11 (z.d. 8),VIA,SAN GALDINO,11,7215.0,8,ESTETICA A,,,False,True,False,False,False
3420,TIPO A - REG.2003,VIA SAN PAOLO N. 13 ; (z.d. 1),VIA,SAN PAOLO,13,212.0,1,,,100.0,False,True,False,False,False
3425,TIPO A - REG.2003,VIA SAN TOMASO N. 8 (z.d. 1),VIA,SAN TOMASO,8,723.0,1,,,25.0,False,True,False,False,False
3426,TIPO A - REG.2003,VIA SAN VINCENZO N. 20 ; (z.d. 1),VIA,SAN VINCENZO,20,5098.0,1,,,,False,True,False,False,False
3422,TIPO A - REG.2003,VIA SANT' ANDREA N. 15 ; (z.d. 1),VIA,SANT' ANDREA,15,222.0,1,,,140.0,False,True,False,False,False
3421,TIPO A - REG.2003,VIA SANTA MARIA ALLA PORTA N. 1 (z.d. 1),VIA,SANTA MARIA ALLA PORTA,1,620.0,1,,,50.0,False,True,False,False,False
3423,TIPO A - REG.2003,VIA SANTA SOFIA N. 24 ; (z.d. 1),VIA,SANTA SOFIA,24,408.0,1,,,,False,True,False,False,False
3424,TIPO A - REG.2003,VIA SANTA TECLA N. 4 piano rialzato; (z.d. 1),VIA,SANTA TECLA,4,321.0,1,,,,False,True,False,False,False
3427,TIPO A - REG.2003,VIA SARPI FRA' PAOLO N. 42 (z.d. 8),VIA,SARPI FRA' PAOLO,42,7210.0,8,,,50.0,False,True,False,False,False
3428,TIPO A - REG.2003,VIA SARPI FRA' PAOLO N. 8 int. cortile c/o amer.counture; (z.d. 8),VIA,SARPI FRA' PAOLO,8,7210.0,8,,,,False,True,False,False,False
3429,TIPO A - REG.2003,VIA SCHIAPARELLI GIOVANNI N. 4 ; (z.d. 2),VIA,SCHIAPARELLI GIOVANNI,4,1211.0,2,,,,False,True,False,False,False
3430,TIPO A - REG.2003,VIA SEBASTIANO DEL PIOMBO N. 3 (z.d. 8),VIA,SEBASTIANO DEL PIOMBO,3,6397.0,8,ESTETISTA,,,False,True,False,False,False
3431,TIPO A - REG.2003,VIA SENATO N. 15 ; (z.d. 1),VIA,SENATO,15,236.0,1,,,,False,True,False,False,False
3432,TIPO A - REG.2003,VIA SENATO N. 5 con ingresso via della spiga 8; (z.d. 1),VIA,SENATO,5,236.0,1,,,50.0,False,True,False,False,False
3435,TIPO A - REG.2003,VIA SIGIERI GOFFREDO N. 4 (z.d. 4),VIA,SIGIERI GOFFREDO,4,4080.0,4,ESTETICA,,,False,True,False,False,False
3436,TIPO A - REG.2003,VIA SILVA GUGLIELMO N. 43 ; (z.d. 8),VIA,SILVA GUGLIELMO,43,6400.0,8,,,55.0,False,True,False,False,False
3437,TIPO A - REG.2003,VIA SOLFERINO N. 24 piano seminterrato; (z.d. 1),VIA,SOLFERINO,24,1028.0,1,,,,False,True,False,False,False
3438,TIPO A - REG.2003,VIA SOLFERINO N. 3 (z.d. 1),VIA,SOLFERINO,3,1028.0,1,,,42.0,False,True,False,False,False
3439,TIPO A - REG.2003,VIA SOMMACAMPAGNA N. 9 ; (z.d. 9),VIA,SOMMACAMPAGNA,9,1225.0,9,,,65.0,False,True,False,False,False
3440,TIPO A - REG.2003,VIA STRADIVARI ANTONIO N. 1 ; (z.d. 3),VIA,STRADIVARI ANTONIO,1,2239.0,3,,,,False,True,False,False,False
3441,TIPO A - REG.2003,VIA STRAMBIO GAETANO N. 22 (z.d. 3),VIA,STRAMBIO GAETANO,22,3168.0,3,,,66.0,False,True,False,False,False
3442,TIPO A - REG.2003,VIA TADINO ALESSANDRO N. 18 ; (z.d. 3),VIA,TADINO ALESSANDRO,18,2109.0,3,,,,False,True,False,False,False
3443,TIPO A - REG.2003,VIA TADINO ALESSANDRO N. 3 (z.d. 3),VIA,TADINO ALESSANDRO,3,2109.0,3,ESTETICA a,26.0,12.0,False,True,False,False,False
3444,TIPO A - REG.2003,VIA TAGLIAMENTO N. 19 int.palestra per soli; (z.d. 4),VIA,TAGLIAMENTO,19,4147.0,4,,,,False,True,False,False,False
3445,TIPO A - REG.2003,VIA TAORMINA N. 40 con ingresso in via murat; (z.d. 9),VIA,TAORMINA,40,1331.0,9,,,,False,True,False,False,False
3446,TIPO A - REG.2003,VIA TARTINI GIUSEPPE N. 2 (z.d. 9),VIA,TARTINI GIUSEPPE,2,1501.0,9,,,25.0,False,True,False,False,False
3447,TIPO A - REG.2003,VIA TEODOSIO N. 33 (z.d. 3),VIA,TEODOSIO,33,2550.0,3,ESTETICA A,,,False,True,False,False,False
3448,TIPO A - REG.2003,VIA TEODOSIO N. 60 ; (z.d. 3),VIA,TEODOSIO,60,2550.0,3,,,91.0,False,True,False,False,False
3449,TIPO A - REG.2003,VIA TEODOSIO N. 80 (z.d. 3),VIA,TEODOSIO,80,2550.0,3,RICOSTRUZIONE UNGHIE,,33.0,False,True,False,False,False
3450,TIPO A - REG.2003,VIA TERAMO N. 31 (z.d. 6),VIA,TERAMO,31,5365.0,6,,,54.0,False,True,False,False,False
3452,TIPO A - REG.2003,VIA TIRABOSCHI GEROLAMO N. 1 ; (z.d. 4),VIA,TIRABOSCHI GEROLAMO,1,4072.0,4,,,55.0,False,True,False,False,False
3451,TIPO A - REG.2003,VIA TIRABOSCHI GEROLAMO N. 15 ; (z.d. 4),VIA,TIRABOSCHI GEROLAMO,15,4072.0,4,,,,False,True,False,False,False
3453,TIPO A - REG.2003,VIA TITO LIVIO N. 25 ; (z.d. 4),VIA,TITO LIVIO,25,4086.0,4,,,40.0,False,True,False,False,False
3454,TIPO A - REG.2003,VIA TIZIANO VECELLIO N. 19 (z.d. 8),VIA,TIZIANO VECELLIO,19,6380.0,8,,,60.0,False,True,False,False,False
3455,TIPO A - REG.2003,VIA TORRIANI NAPO N. 12 con ingresso boscovich 22; (z.d. 2),VIA,TORRIANI NAPO,12,2126.0,2,,,,False,True,False,False,False
3456,TIPO A - REG.2003,VIA TOSI FRANCO N. 14 ; (z.d. 6),VIA,TOSI FRANCO,14,5296.0,6,,,,False,True,False,False,False
3457,TIPO A - REG.2003,VIA TRAIANO MARCO ULPIO N. 64 ; (z.d. 9),VIA,TRAIANO MARCO ULPIO,64,7157.0,8,,,86.0,False,True,False,False,False
3458,TIPO A - REG.2003,VIA TURATI FILIPPO N. 26 (z.d. 1),VIA,TURATI FILIPPO,26,1053.0,1,,,45.0,False,True,False,False,False
3459,TIPO A - REG.2003,VIA TURATI FILIPPO N. 3 ; (z.d. 1),VIA,TURATI FILIPPO,3,1053.0,1,,,,False,True,False,False,False
3460,TIPO A - REG.2003,VIA VALLAZZE N. 66 (z.d. 3),VIA,VALLAZZE,66,2250.0,3,ESTETICA A,,,False,True,False,False,False
3461,TIPO A - REG.2003,VIA VALLAZZE N. 78 ; (z.d. 3),VIA,VALLAZZE,78,2250.0,3,,,,False,True,False,False,False
3462,TIPO A - REG.2003,VIA VERGATO N. 2 ; (z.d. 9),VIA,VERGATO,2,1555.0,9,,,,False,True,False,False,False
3463,TIPO A - REG.2003,VIA VOLTA ALESSANDRO N. 15 ; (z.d. 1),VIA,VOLTA ALESSANDRO,15,1018.0,1,,,45.0,False,True,False,False,False
3464,TIPO A - REG.2003,VIA WASHINGTON GIORGIO N. 27 ; (z.d. 7),VIA,WASHINGTON GIORGIO,27,6111.0,7,,,,False,True,False,False,False
3465,TIPO A - REG.2003,VIA WASHINGTON GIORGIO N. 5 (z.d. 7),VIA,WASHINGTON GIORGIO,5,6111.0,7,ESTETICA A,3.0,38.0,False,True,False,False,False
3466,TIPO A - REG.2003,VIA ZAMENHOF LUDOVICO LAZZARO N. 2 ingresso da via meda 13; (z.d. 5),VIA,ZAMENHOF LUDOVICO LAZZARO,2,5226.0,5,,,,False,True,False,False,False
3467,TIPO A - REG.2003,VLE ABRUZZI N. 89 ; (z.d. 3),VLE,ABRUZZI,89,2177.0,3,,,,False,True,False,False,False
3468,TIPO A - REG.2003,VLE CERTOSA N. 121 piano interrato; (z.d. 8),VLE,CERTOSA,121,7174.0,8,,,,False,True,False,False,False
3469,TIPO A - REG.2003,VLE CERTOSA N. 180 (z.d. 8),VLE,CERTOSA,180,7174.0,8,ESTETICA TIPO A,2.0,43.0,False,True,False,False,False
3470,TIPO A - REG.2003,VLE CERTOSA N. 41 (z.d. 8),VLE,CERTOSA,41,7174.0,8,,,48.0,False,True,False,False,False
3471,TIPO A - REG.2003,VLE COL DI LANA N. 1 (z.d. 5),VLE,COL DI LANA,1,5198.0,5,,,45.0,False,True,False,False,False
3472,TIPO A - REG.2003,VLE CONI ZUGNA N. 14 ; (z.d. 7),VLE,CONI ZUGNA,14,5110.0,7,,,57.0,False,True,False,False,False
3473,TIPO A - REG.2003,VLE CONI ZUGNA N. 6 (z.d. 7),VLE,CONI ZUGNA,6,5110.0,7,,,90.0,False,True,False,False,False
3474,TIPO A - REG.2003,VLE CONI ZUGNA N. 7 ; (z.d. 1),VLE,CONI ZUGNA,7,5110.0,1,,,,False,True,False,False,False
3475,TIPO A - REG.2003,VLE CORSICA N. 81 (z.d. 4),VLE,CORSICA,81,3262.0,4,,,44.0,False,True,False,False,False
3476,TIPO A - REG.2003,VLE DORIA ANDREA N. 17 (z.d. 3),VLE,DORIA ANDREA,17,2230.0,3,,,46.0,False,True,False,False,False
3477,TIPO A - REG.2003,VLE ISONZO N. 14 c/o grand hotel palace ingr.v.; (z.d. 5),VLE,ISONZO,14,4211.0,5,,,54.0,False,True,False,False,False
3478,TIPO A - REG.2003,VLE LOMBARDIA N. 20 (z.d. 3),VLE,LOMBARDIA,20,2400.0,3,,,36.0,False,True,False,False,False
3479,TIPO A - REG.2003,VLE LUCANIA N. 6 (z.d. 4),VLE,LUCANIA,6,4173.0,4,,,45.0,False,True,False,False,False
3480,TIPO A - REG.2003,VLE MAJNO LUIGI N. 24 ingr.da v.morelli 2 - seminter; (z.d. 1),VLE,MAJNO LUIGI,24,2178.0,1,,,,False,True,False,False,False
3481,TIPO A - REG.2003,VLE MONTE CENERI N. 71 ; (z.d. 8),VLE,MONTE CENERI,71,7176.0,8,,,35.0,False,True,False,False,False
3483,TIPO A - REG.2003,VLE MONTE NERO N. 31 ; (z.d. 1),VLE,MONTE NERO,31,3062.0,1,,,,False,True,False,False,False
3484,TIPO A - REG.2003,VLE MONTE NERO N. 8 ; (z.d. 4),VLE,MONTE NERO,8,3062.0,4,,,29.0,False,True,False,False,False
3482,TIPO A - REG.2003,VLE MONTELLO N. 18 ; (z.d. 1),VLE,MONTELLO,18,7126.0,1,,,50.0,False,True,False,False,False
3485,TIPO A - REG.2003,VLE MONZA N. 117 ; (z.d. 2),VLE,MONZA,117,2274.0,2,,,,False,True,False,False,False
3486,TIPO A - REG.2003,VLE MONZA N. 175 (z.d. 2),VLE,MONZA,175,2274.0,2,ESTETICA A,,40.0,False,True,False,False,False
3488,TIPO A - REG.2003,VLE MONZA N. 185 (z.d. 2),VLE,MONZA,185,2274.0,2,,,40.0,False,True,False,False,False
3487,TIPO A - REG.2003,VLE MONZA N. 185 ; (z.d. 2),VLE,MONZA,185,2274.0,2,,,,False,True,False,False,False
3489,TIPO A - REG.2003,VLE MONZA N. 261 ; (z.d. 2),VLE,MONZA,261,2274.0,2,,,,False,True,False,False,False
3490,TIPO A - REG.2003,VLE MONZA N. 40 interno profumeria; (z.d. 2),VLE,MONZA,40,2274.0,2,,,,False,True,False,False,False
3491,TIPO A - REG.2003,VLE MURILLO S.B. N. 11 ; (z.d. 7),VLE,MURILLO S.B.,11,6551.0,7,,,32.0,False,True,False,False,False
3492,TIPO A - REG.2003,VLE PASUBIO N. 12 (z.d. 9),VLE,PASUBIO,12,1112.0,9,,,45.0,False,True,False,False,False
3493,TIPO A - REG.2003,VLE PIAVE N. 7 ; (z.d. 1),VLE,PIAVE,7,2179.0,1,,,,False,True,False,False,False
3494,TIPO A - REG.2003,VLE REGINA GIOVANNA N. 6 ; (z.d. 3),VLE,REGINA GIOVANNA,6,2157.0,3,,,46.0,False,True,False,False,False
3495,TIPO A - REG.2003,VLE SABOTINO N. 5 (z.d. 5),VLE,SABOTINO,5,4046.0,5,ESTETICA,,54.0,False,True,False,False,False
3496,TIPO A - REG.2003,VLE STELVIO N. 39 (z.d. 9),VLE,STELVIO,39,1227.0,9,ESTETICA A,,,False,True,False,False,False
3497,TIPO A - REG.2003,VLE STELVIO N. 53 ; (z.d. 9),VLE,STELVIO,53,1227.0,9,,,87.0,False,True,False,False,False
3498,TIPO A - REG.2003,VLE SUZZANI GIOVANNI N. 12 ; (z.d. 9),VLE,SUZZANI GIOVANNI,12,1446.0,9,,,,False,True,False,False,False
3499,TIPO A - REG.2003,VLE TESTI FULVIO N. 177 ; (z.d. 9),VLE,TESTI FULVIO,177,1441.0,9,,,,False,True,False,False,False
3500,TIPO A - REG.2003,VLE TESTI FULVIO N. 90 ; (z.d. 9),VLE,TESTI FULVIO,90,1441.0,9,,2.0,50.0,False,True,False,False,False
3501,TIPO A - REG.2003,VLE TUNISIA N. 10 (z.d. 3),VLE,TUNISIA,10,2121.0,3,,,95.0,False,True,False,False,False
3502,TIPO A - REG.2003,VLE UMBRIA N. 35 ; (z.d. 4),VLE,UMBRIA,35,3145.0,4,ESTETICA,,53.0,False,True,False,False,False
3503,TIPO A - REG.2003,VLE UMBRIA N. 52 (z.d. 4),VLE,UMBRIA,52,3145.0,4,,,42.0,False,True,False,False,False
3505,TIPO A - REG.2003;ACCONCIATORE,VIA GROSOTTO N. 7 piano terra; (z.d. 8),VIA,GROSOTTO,7,7328.0,8,ACCONCIATORE,,,True,True,False,False,False
3504,TIPO A - REG.2003;ACCONCIATORE,VIA NERVESA N. 10 ; (z.d. 4),VIA,NERVESA,10,4167.0,4,,10.0,25.0,True,True,False,False,False
3506,TIPO A - REG.2003;CENTRO BENESSERE,PZA DELLA REPUBBLICA N. 1A (z.d. 1),PZA,DELLA REPUBBLICA,1A,1055.0,1,,,30.0,False,True,True,False,False
3507,TIPO A - REG.2003;CENTRO BENESSERE,VIA GROSSI TOMMASO N. 1 int. park hyatt hotel; (z.d. 1),VIA,GROSSI TOMMASO,1,105.0,1,ESTETICA - CENTRO BENESSERE,,,False,True,True,False,False
3508,TIPO A - REG.2003;CENTRO MASSAGGI,VIA ANDEGARI N. 18 (z.d. 1),VIA,ANDEGARI,18,120.0,1,,,77.0,False,True,True,False,False
3509,TIPO A - REG.2003;CENTRO MASSAGGI,VIA MEDA GIUSEPPE N. 58 (z.d. 5),VIA,MEDA GIUSEPPE,58,5242.0,5,SERVIZI ORGANIZZATI CON SERVIZI DI SEGRETERIA,,,False,True,True,False,False
3510,TIPO A - REG.2003;CENTRO MASSAGGI,VIA NICCODEMI DARIO N. 4 (z.d. 8),VIA,NICCODEMI DARIO,4,7380.0,8,CENTRO MASSAGGI RILASSANTI ESTETICI,1.0,,False,True,True,False,False
3511,TIPO A - REG.2003;CENTRO MASSAGGI,VIA PORPORA NICOLA ANTONIO N. 9 (z.d. 3),VIA,PORPORA NICOLA ANTONIO,9,2229.0,3,ESTETISTA,,88.0,False,True,True,False,False
3515,TIPO A - REG.2003;PARRUCCHIERE PER UOMO,VIA PERUGINO N. 24 ; (z.d. 4),VIA,PERUGINO,24,3198.0,4,,,,True,True,False,False,False
3516,TIPO A - REG.2003;TIPO B CENTRO DI ABBRONZATURA,CSO BUENOS AIRES N. 22 ingresso da via spallanzani 21; (z.d. 3),CSO,BUENOS AIRES,22,2129.0,3,,,46.0,False,True,True,False,False
3517,TIPO A - REG.2003;TIPO B CENTRO DI ABBRONZATURA,CSO BUENOS AIRES N. 36 seminterrato o sotterr. primo; (z.d. 3),CSO,BUENOS AIRES,36,2129.0,3,,,267.0,False,True,True,False,False
3518,TIPO A - REG.2003;TIPO B CENTRO DI ABBRONZATURA,CSO BUENOS AIRES N. 61 p.t.; (z.d. 3),CSO,BUENOS AIRES,61,2129.0,3,,,,False,True,True,False,False
3519,TIPO A - REG.2003;TIPO B CENTRO DI ABBRONZATURA,CSO BUENOS AIRES N. 75 5ø piano; (z.d. 3),CSO,BUENOS AIRES,75,2129.0,3,,,,False,True,True,False,False
3520,TIPO A - REG.2003;TIPO B CENTRO DI ABBRONZATURA,CSO COMO N. 15 int.club f.conti; (z.d. 9),CSO,COMO,15,1111.0,9,,,195.0,False,True,True,False,False
3521,TIPO A - REG.2003;TIPO B CENTRO DI ABBRONZATURA,CSO COMO N. 2 ; (z.d. 9),CSO,COMO,2,1111.0,9,,,,False,True,True,False,False
3522,TIPO A - REG.2003;TIPO B CENTRO DI ABBRONZATURA,CSO DI PORTA ROMANA N. 40 1ø piano; (z.d. 1),CSO,DI PORTA ROMANA,40,402.0,1,,,77.0,False,True,True,False,False
3523,TIPO A - REG.2003;TIPO B CENTRO DI ABBRONZATURA,CSO DI PORTA ROMANA N. 46 (z.d. 1),CSO,DI PORTA ROMANA,46,402.0,1,,,45.0,False,True,True,False,False
3524,TIPO A - REG.2003;TIPO B CENTRO DI ABBRONZATURA,CSO DI PORTA ROMANA N. 85 ; (z.d. 1),CSO,DI PORTA ROMANA,85,402.0,1,,,,False,True,True,False,False
3525,TIPO A - REG.2003;TIPO B CENTRO DI ABBRONZATURA,CSO DI PORTA ROMANA N. 97 ; (z.d. 1),CSO,DI PORTA ROMANA,97,402.0,1,,,,False,True,True,False,False
3526,TIPO A - REG.2003;TIPO B CENTRO DI ABBRONZATURA,CSO DI PORTA VITTORIA N. 42 ; (z.d. 1),CSO,DI PORTA VITTORIA,42,3016.0,1,,,60.0,False,True,True,False,False
3527,TIPO A - REG.2003;TIPO B CENTRO DI ABBRONZATURA,CSO DI PORTA VITTORIA N. 8 (z.d. 1),CSO,DI PORTA VITTORIA,8,3016.0,1,,,32.0,False,True,True,False,False
3528,TIPO A - REG.2003;TIPO B CENTRO DI ABBRONZATURA,CSO GARIBALDI GIUSEPPE N. 104 ; (z.d. 1),CSO,GARIBALDI GIUSEPPE,104,1010.0,1,,,,False,True,True,False,False
3529,TIPO A - REG.2003;TIPO B CENTRO DI ABBRONZATURA,CSO GARIBALDI GIUSEPPE p.t. + seminterrato num.03032; (z.d. 1),VIA,CANONICA LUIGI,13,7121.0,1,,,230.0,False,True,True,False,False
3530,TIPO A - REG.2003;TIPO B CENTRO DI ABBRONZATURA,CSO GENOVA N. 25 ; (z.d. 1),CSO,GENOVA,25,5164.0,1,,,,False,True,True,False,False
3531,TIPO A - REG.2003;TIPO B CENTRO DI ABBRONZATURA,CSO ITALIA N. 46 (z.d. 1),CSO,ITALIA,46,526.0,1,,,45.0,False,True,True,False,False
3532,TIPO A - REG.2003;TIPO B CENTRO DI ABBRONZATURA,CSO LODI N. 59 1loc. al p.t. e 1 loc. semint.; (z.d. 4),CSO,LODI,59,4068.0,4,estetica A e solarium,,82.0,False,True,True,False,False
3533,TIPO A - REG.2003;TIPO B CENTRO DI ABBRONZATURA,CSO LODI N. 72 ; (z.d. 4),CSO,LODI,72,4068.0,4,,,37.0,False,True,True,False,False
3534,TIPO A - REG.2003;TIPO B CENTRO DI ABBRONZATURA,CSO MAGENTA interno piano rialzato num.083; (z.d. 1),VIA,S. GIOV. SUL MURO,14,609.0,1,,,,False,True,True,False,False
3535,TIPO A - REG.2003;TIPO B CENTRO DI ABBRONZATURA,CSO MATTEOTTI GIACOMO N. 4 ; (z.d. 1),CSO,MATTEOTTI GIACOMO,4,218.0,1,,,80.0,False,True,True,False,False
3536,TIPO A - REG.2003;TIPO B CENTRO DI ABBRONZATURA,CSO PLEBISCITI N. 1 con ingresso via dei mille; (z.d. 3),CSO,PLEBISCITI,1,3120.0,3,,,,False,True,True,False,False
3537,TIPO A - REG.2003;TIPO B CENTRO DI ABBRONZATURA,CSO SAN GOTTARDO N. 14 ; (z.d. 5),CSO,SAN GOTTARDO,14,5203.0,5,,,,False,True,True,False,False
3539,TIPO A - REG.2003;TIPO B CENTRO DI ABBRONZATURA,CSO SEMPIONE N. 10 interno palestra; (z.d. 1),CSO,SEMPIONE,10,7137.0,1,,15.0,95.0,False,True,True,False,False
3538,TIPO A - REG.2003;TIPO B CENTRO DI ABBRONZATURA,CSO SEMPIONE N. 102 ; (z.d. 8),CSO,SEMPIONE,102,7137.0,8,,,45.0,False,True,True,False,False
3540,TIPO A - REG.2003;TIPO B CENTRO DI ABBRONZATURA,CSO SEMPIONE N. 75 ; (z.d. 8),CSO,SEMPIONE,75,7137.0,8,,,,False,True,True,False,False
3541,TIPO A - REG.2003;TIPO B CENTRO DI ABBRONZATURA,CSO VENEZIA N. 15 ; (z.d. 1),CSO,VENEZIA,15,238.0,1,,,,False,True,True,False,False
3542,TIPO A - REG.2003;TIPO B CENTRO DI ABBRONZATURA,CSO VENTIDUE MARZO N. 5 ; (z.d. 4),CSO,VENTIDUE MARZO,5,3074.0,4,,,,False,True,True,False,False
3543,TIPO A - REG.2003;TIPO B CENTRO DI ABBRONZATURA,FOR BUONAPARTE N. 71 ang.l.go cairoli e via beltram; (z.d. 1),FOR,BUONAPARTE,71,711.0,1,,,,False,True,True,False,False
3544,TIPO A - REG.2003;TIPO B CENTRO DI ABBRONZATURA,GLL BUENOS AIRES N. 7 1^ piano; (z.d. 3),GLL,BUENOS AIRES,7,2146.0,3,,,67.0,False,True,True,False,False
3545,TIPO A - REG.2003;TIPO B CENTRO DI ABBRONZATURA,GLL UNIONE N. 1 ingr. da via unione 16; (z.d. 1),GLL,UNIONE,1,510.0,1,,,70.0,False,True,True,False,False
3546,TIPO A - REG.2003;TIPO B CENTRO DI ABBRONZATURA,GLL UNIONE N. 4 ; (z.d. 1),GLL,UNIONE,4,510.0,1,,,,False,True,True,False,False
3547,TIPO A - REG.2003;TIPO B CENTRO DI ABBRONZATURA,GLL UNIONE N. 5 (z.d. 1),GLL,UNIONE,5,510.0,1,,,40.0,False,True,True,False,False
3548,TIPO A - REG.2003;TIPO B CENTRO DI ABBRONZATURA,LGO GIAMBELLINO N. 120 ; (z.d. 6),LGO,GIAMBELLINO,120,5395.0,6,,,52.0,False,True,True,False,False
3549,TIPO A - REG.2003;TIPO B CENTRO DI ABBRONZATURA,LGO RICHINI FRANCESCO N. 4 ; (z.d. 1),LGO,RICHINI FRANCESCO,4,331.0,1,,,,False,True,True,False,False
3550,TIPO A - REG.2003;TIPO B CENTRO DI ABBRONZATURA,LGO VULCI N. 7 (z.d. 9),LGO,VULCI,7,1339.0,9,,,49.0,False,True,True,False,False
3551,TIPO A - REG.2003;TIPO B CENTRO DI ABBRONZATURA,PLE GIOVANNI DALLE BANDE NERE N. 6 ; (z.d. 7),PLE,GIOVANNI DALLE BANDE NERE,6,6614.0,7,,,40.0,False,True,True,False,False
3552,TIPO A - REG.2003;TIPO B CENTRO DI ABBRONZATURA,PLE GIULIO CESARE N. 6 ; (z.d. 8),PLE,GIULIO CESARE,6,6361.0,8,,,,False,True,True,False,False
3553,TIPO A - REG.2003;TIPO B CENTRO DI ABBRONZATURA,PLE GORINI PAOLO N. 10 ; (z.d. 3),PLE,GORINI PAOLO,10,3170.0,3,,27.0,43.0,False,True,True,False,False
3554,TIPO A - REG.2003;TIPO B CENTRO DI ABBRONZATURA,PLE LAGOSTA N. 1 ; (z.d. 9),PLE,LAGOSTA,1,1155.0,9,,,,False,True,True,False,False
3555,TIPO A - REG.2003;TIPO B CENTRO DI ABBRONZATURA,PLE LUGANO N. 4 ; (z.d. 9),PLE,LUGANO,4,1238.0,9,,,,False,True,True,False,False
3556,TIPO A - REG.2003;TIPO B CENTRO DI ABBRONZATURA,PZA ASPARI DOMENICO N. 2 ; (z.d. 3),PZA,ASPARI DOMENICO,2,3173.0,3,ESTETICA A e B,,,False,True,True,False,False
3558,TIPO A - REG.2003;TIPO B CENTRO DI ABBRONZATURA,PZA DE ANGELI ERNESTO N. 1 (z.d. 7),PZA,DE ANGELI ERNESTO,1,6276.0,7,ESTETICA A E SOLARIUM,,,False,True,True,False,False
3557,TIPO A - REG.2003;TIPO B CENTRO DI ABBRONZATURA,PZA DE ANGELI ERNESTO N. 1 con ingresso in galleria; (z.d. 7),PZA,DE ANGELI ERNESTO,1,6276.0,7,,,,False,True,True,False,False
3559,TIPO A - REG.2003;TIPO B CENTRO DI ABBRONZATURA,PZA DE ANGELI ERNESTO N. 3 con ingr. galleria de angeli; (z.d. 7),PZA,DE ANGELI ERNESTO,3,6276.0,7,,,,False,True,True,False,False
3560,TIPO A - REG.2003;TIPO B CENTRO DI ABBRONZATURA,PZA DEL ROSARIO N. 1 ; (z.d. 6),PZA,DEL ROSARIO,1,5088.0,6,,,,False,True,True,False,False
3561,TIPO A - REG.2003;TIPO B CENTRO DI ABBRONZATURA,PZA GRECO N. 10 ; (z.d. 2),PZA,GRECO,10,1417.0,2,,,,False,True,True,False,False
3562,TIPO A - REG.2003;TIPO B CENTRO DI ABBRONZATURA,PZA MORBEGNO N. 3 ; (z.d. 2),PZA,MORBEGNO,3,2289.0,2,,,,False,True,True,False,False
3563,TIPO A - REG.2003;TIPO B CENTRO DI ABBRONZATURA,PZA NAPOLI N. 7 ; (z.d. 6),PZA,NAPOLI,7,5131.0,6,,,,False,True,True,False,False
3564,TIPO A - REG.2003;TIPO B CENTRO DI ABBRONZATURA,PZA PIO XI N. 1 ; (z.d. 1),PZA,PIO XI,1,572.0,1,,,,False,True,True,False,False
3565,TIPO A - REG.2003;TIPO B CENTRO DI ABBRONZATURA,PZA STUPARICH CARLO N. 18 ; (z.d. 8),PZA,STUPARICH CARLO,18,6468.0,8,,,79.0,False,True,True,False,False
3566,TIPO A - REG.2003;TIPO B CENTRO DI ABBRONZATURA,PZA VELASCA N. 6 ; (z.d. 1),PZA,VELASCA,6,335.0,1,,,,False,True,True,False,False
3567,TIPO A - REG.2003;TIPO B CENTRO DI ABBRONZATURA,VIA ACCADEMIA N. 23 ; (z.d. 3),VIA,ACCADEMIA,23,2429.0,3,,,40.0,False,True,True,False,False
3568,TIPO A - REG.2003;TIPO B CENTRO DI ABBRONZATURA,VIA AGNELLO con ingr. in via san paolo n.7 num.0061; (z.d. 1),VIA,VOLTA ALESSANDRO,8,1018.0,1,,,,False,True,True,False,False
3569,TIPO A - REG.2003;TIPO B CENTRO DI ABBRONZATURA,VIA ANFOSSI AUGUSTO N. 44 ; (z.d. 4),VIA,ANFOSSI AUGUSTO,44,3071.0,4,,,,False,True,True,False,False
3570,TIPO A - REG.2003;TIPO B CENTRO DI ABBRONZATURA,VIA APPENNINI N. 11A (z.d. 8),VIA,APPENNINI,11A,7514.0,8,,,25.0,False,True,True,False,False
3571,TIPO A - REG.2003;TIPO B CENTRO DI ABBRONZATURA,VIA APPIANI ANDREA N. 12 con ingresso in via parini 5; (z.d. 1),VIA,APPIANI ANDREA,12,1050.0,1,,,,False,True,True,False,False
3572,TIPO A - REG.2003;TIPO B CENTRO DI ABBRONZATURA,VIA ARGANINI GEROLAMO N. 23 ; (z.d. 9),VIA,ARGANINI GEROLAMO,23,1710.0,9,,,,False,True,True,False,False
3573,TIPO A - REG.2003;TIPO B CENTRO DI ABBRONZATURA,VIA ARIOSTO LODOVICO N. 34 ; (z.d. 1),VIA,ARIOSTO LODOVICO,34,6184.0,1,,,,False,True,True,False,False
3574,TIPO A - REG.2003;TIPO B CENTRO DI ABBRONZATURA,VIA ASTESANI ALESSANDRO N. 40 ; (z.d. 9),VIA,ASTESANI ALESSANDRO,40,1558.0,9,,,45.0,False,True,True,False,False
3575,TIPO A - REG.2003;TIPO B CENTRO DI ABBRONZATURA,VIA AUSONIO N. 26 ; (z.d. 1),VIA,AUSONIO,26,5093.0,1,,,,False,True,True,False,False
3576,TIPO A - REG.2003;TIPO B CENTRO DI ABBRONZATURA,VIA AUSONIO N. 4 ; (z.d. 1),VIA,AUSONIO,4,5093.0,1,,,,False,True,True,False,False
3577,TIPO A - REG.2003;TIPO B CENTRO DI ABBRONZATURA,VIA BEATO ANGELICO N. 29 (z.d. 3),VIA,BEATO ANGELICO,29,3204.0,3,,,58.0,False,True,True,False,False
3578,TIPO A - REG.2003;TIPO B CENTRO DI ABBRONZATURA,VIA BELLOTTI FELICE N. 4 ; (z.d. 3),VIA,BELLOTTI FELICE,4,3070.0,3,,,,False,True,True,False,False
3579,TIPO A - REG.2003;TIPO B CENTRO DI ABBRONZATURA,VIA BENACO N. 32 int.cortile; (z.d. 5),VIA,BENACO,32,4143.0,5,,,109.0,False,True,True,False,False
3580,TIPO A - REG.2003;TIPO B CENTRO DI ABBRONZATURA,VIA BERTINI GIOVANNI BATTISTA N. 18 ; (z.d. 8),VIA,BERTINI GIOVANNI BATTISTA,18,7207.0,8,,,101.0,False,True,True,False,False
3581,TIPO A - REG.2003;TIPO B CENTRO DI ABBRONZATURA,VIA BIUMI PAOLO GEROLAMO N. 16 ; (z.d. 2),VIA,BIUMI PAOLO GEROLAMO,16,2465.0,2,,,,False,True,True,False,False
3582,TIPO A - REG.2003;TIPO B CENTRO DI ABBRONZATURA,VIA BOERI GIOVANNI BATTISTA N. 11 trasloco fuori raggio; (z.d. 5),VIA,BOERI GIOVANNI BATTISTA,11,5083.0,5,,,,False,True,True,False,False
3583,TIPO A - REG.2003;TIPO B CENTRO DI ABBRONZATURA,VIA BONI GIACOMO N. 10 ; (z.d. 7),VIA,BONI GIACOMO,10,6098.0,7,,,,False,True,True,False,False
3584,TIPO A - REG.2003;TIPO B CENTRO DI ABBRONZATURA,VIA BONI GIACOMO N. 45 ; (z.d. 7),VIA,BONI GIACOMO,45,6098.0,7,,,,False,True,True,False,False
3585,TIPO A - REG.2003;TIPO B CENTRO DI ABBRONZATURA,VIA BORGONUOVO N. 9 piano seminterrato; (z.d. 1),VIA,BORGONUOVO,9,139.0,1,,,,False,True,True,False,False
3586,TIPO A - REG.2003;TIPO B CENTRO DI ABBRONZATURA,VIA BOVISASCA num.173; (z.d. 9),VIA,BONNET NINO,,1109.0,9,,,58.0,False,True,True,False,False
3587,TIPO A - REG.2003;TIPO B CENTRO DI ABBRONZATURA,VIA BRUNELLESCHI FILIPPO N. 1 ; (z.d. 6),VIA,BRUNELLESCHI FILIPPO,1,5384.0,6,,,,False,True,True,False,False
3588,TIPO A - REG.2003;TIPO B CENTRO DI ABBRONZATURA,VIA BUONARROTI MICHELANGELO N. 4 ; (z.d. 7),VIA,BUONARROTI MICHELANGELO,4,6253.0,7,,,74.0,False,True,True,False,False
3589,TIPO A - REG.2003;TIPO B CENTRO DI ABBRONZATURA,VIA CABELLA BARTOLOMEO N. 56 ; (z.d. 7),VIA,CABELLA BARTOLOMEO,56,6778.0,7,,,,False,True,True,False,False
3590,TIPO A - REG.2003;TIPO B CENTRO DI ABBRONZATURA,VIA CADORE N. 6 ; (z.d. 4),VIA,CADORE,6,3077.0,4,,,114.0,False,True,True,False,False
3591,TIPO A - REG.2003;TIPO B CENTRO DI ABBRONZATURA,VIA CAGLIERO GIOVANNI N. 14 interrato; (z.d. 2),VIA,CAGLIERO GIOVANNI,14,1407.0,2,,,20.0,False,True,True,False,False
3592,TIPO A - REG.2003;TIPO B CENTRO DI ABBRONZATURA,VIA CAMINADELLA N. 17 (z.d. 1),VIA,CAMINADELLA,17,551.0,1,,,65.0,False,True,True,False,False
3593,TIPO A - REG.2003;TIPO B CENTRO DI ABBRONZATURA,VIA CAMPERIO MANFREDO N. 16 int. profumeria; (z.d. 1),VIA,CAMPERIO MANFREDO,16,610.0,1,,,,False,True,True,False,False
3594,TIPO A - REG.2003;TIPO B CENTRO DI ABBRONZATURA,VIA CAPECELATRO ALFONSO N. 20 ; (z.d. 7),VIA,CAPECELATRO ALFONSO,20,6575.0,7,,,,False,True,True,False,False
3595,TIPO A - REG.2003;TIPO B CENTRO DI ABBRONZATURA,VIA CAPPONI PIER LUIGI N. 5 ; (z.d. 7),VIA,CAPPONI PIER LUIGI,5,6249.0,7,,,,False,True,True,False,False
3596,TIPO A - REG.2003;TIPO B CENTRO DI ABBRONZATURA,VIA CARABELLI RODOLFO N. 15 ; (z.d. 4),VIA,CARABELLI RODOLFO,15,4096.0,4,,,,False,True,True,False,False
3597,TIPO A - REG.2003;TIPO B CENTRO DI ABBRONZATURA,VIA CARDUCCI GIOSUE' N. 9 ; (z.d. 1),VIA,CARDUCCI GIOSUE',9,602.0,1,,,40.0,False,True,True,False,False
3598,TIPO A - REG.2003;TIPO B CENTRO DI ABBRONZATURA,VIA CARROCCIO N. 6 ; (z.d. 1),VIA,CARROCCIO,6,5094.0,1,,,,False,True,True,False,False
3599,TIPO A - REG.2003;TIPO B CENTRO DI ABBRONZATURA,VIA CASATI FELICE N. 2 ; (z.d. 3),VIA,CASATI FELICE,2,2122.0,3,,,50.0,False,True,True,False,False
3600,TIPO A - REG.2003;TIPO B CENTRO DI ABBRONZATURA,VIA CASATI FELICE N. 35 ; (z.d. 2),VIA,CASATI FELICE,35,2122.0,2,,,,False,True,True,False,False
3601,TIPO A - REG.2003;TIPO B CENTRO DI ABBRONZATURA,VIA CASCINA BELLARIA N. 19 ; (z.d. 7),VIA,CASCINA BELLARIA,19,6744.0,7,,,,False,True,True,False,False
3602,TIPO A - REG.2003;TIPO B CENTRO DI ABBRONZATURA,VIA CASCINA BIANCA N. 16 ; (z.d. 6),VIA,CASCINA BIANCA,16,5454.0,6,,,,False,True,True,False,False
3603,TIPO A - REG.2003;TIPO B CENTRO DI ABBRONZATURA,VIA CASORETTO N. 8 ; (z.d. 3),VIA,CASORETTO,8,2420.0,3,,,,False,True,True,False,False
3604,TIPO A - REG.2003;TIPO B CENTRO DI ABBRONZATURA,VIA CASSINIS GIOVANNI BATTISTA N. 23 ; (z.d. 4),VIA,CASSINIS GIOVANNI BATTISTA,23,4309.0,4,,,,False,True,True,False,False
3605,TIPO A - REG.2003;TIPO B CENTRO DI ABBRONZATURA,VIA CASTELVETRO LODOVICO N. 13 (z.d. 8),VIA,CASTELVETRO LODOVICO,13,7195.0,8,,,46.0,False,True,True,False,False
3606,TIPO A - REG.2003;TIPO B CENTRO DI ABBRONZATURA,VIA CAVEZZALI FRANCESCO N. 11 con ingr. via marinetti n. 1; (z.d. 2),VIA,CAVEZZALI FRANCESCO,11,2335.0,2,,,,False,True,True,False,False
3608,TIPO A - REG.2003;TIPO B CENTRO DI ABBRONZATURA,VIA CENISIO N. 10 (z.d. 8),VIA,CENISIO,10,7184.0,8,,,56.0,False,True,True,False,False
3607,TIPO A - REG.2003;TIPO B CENTRO DI ABBRONZATURA,VIA CENISIO N. 10 riservata ai soli soci; (z.d. 8),VIA,CENISIO,10,7184.0,8,,,,False,True,True,False,False
3609,TIPO A - REG.2003;TIPO B CENTRO DI ABBRONZATURA,VIA CENISIO N. 87 ; (z.d. 8),VIA,CENISIO,87,7184.0,8,,,,False,True,True,False,False
3610,TIPO A - REG.2003;TIPO B CENTRO DI ABBRONZATURA,VIA CESARE DA SESTO N. 23 ; (z.d. 1),VIA,CESARE DA SESTO,23,5101.0,1,,,54.0,False,True,True,False,False
3611,TIPO A - REG.2003;TIPO B CENTRO DI ABBRONZATURA,VIA CIRCO N. 1 interno palestra; (z.d. 1),VIA,CIRCO,1,557.0,1,,,,False,True,True,False,False
3612,TIPO A - REG.2003;TIPO B CENTRO DI ABBRONZATURA,VIA COLA DI RIENZO N. 53 ; (z.d. 6),VIA,COLA DI RIENZO,53,6094.0,6,,,,False,True,True,False,False
3613,TIPO A - REG.2003;TIPO B CENTRO DI ABBRONZATURA,VIA COLONNA MARCO ANTONIO N. 10 ; (z.d. 8),VIA,COLONNA MARCO ANTONIO,10,7158.0,8,,,,False,True,True,False,False
3614,TIPO A - REG.2003;TIPO B CENTRO DI ABBRONZATURA,VIA CREMA N. 25 ; (z.d. 5),VIA,CREMA,25,4061.0,5,,,,False,True,True,False,False
3615,TIPO A - REG.2003;TIPO B CENTRO DI ABBRONZATURA,VIA CROCEFISSO N. 6 piano seminterrato; (z.d. 1),VIA,CROCEFISSO,6,587.0,1,,,,False,True,True,False,False
3616,TIPO A - REG.2003;TIPO B CENTRO DI ABBRONZATURA,VIA CUCCHIARI DOMENICO N. 4 ; (z.d. 8),VIA,CUCCHIARI DOMENICO,4,7224.0,8,,,67.0,False,True,True,False,False
3617,TIPO A - REG.2003;TIPO B CENTRO DI ABBRONZATURA,VIA D'ADDA CARLO N. 2 ; (z.d. 6),VIA,D'ADDA CARLO,2,5272.0,6,,,,False,True,True,False,False
3618,TIPO A - REG.2003;TIPO B CENTRO DI ABBRONZATURA,VIA DAL RE MARCANTONIO N. 6 (z.d. 8),VIA,DAL RE MARCANTONIO,6,7381.0,8,CENTRO ESTETICO - SOLARIUN,,46.0,False,True,True,False,False
3619,TIPO A - REG.2003;TIPO B CENTRO DI ABBRONZATURA,VIA DE CRISTOFORIS CARLO N. 5 ; (z.d. 9),VIA,DE CRISTOFORIS CARLO,5,1120.0,9,,,40.0,False,True,True,False,False
3620,TIPO A - REG.2003;TIPO B CENTRO DI ABBRONZATURA,VIA DEI BENEDETTINI N. 14 ; (z.d. 6),VIA,DEI BENEDETTINI,14,6813.0,6,,,25.0,False,True,True,False,False
3621,TIPO A - REG.2003;TIPO B CENTRO DI ABBRONZATURA,VIA DEI FIORDALISI N. 4 ; (z.d. 6),VIA,DEI FIORDALISI,4,6710.0,6,,,,False,True,True,False,False
3630,TIPO A - REG.2003;TIPO B CENTRO DI ABBRONZATURA,VIA DEL VECCHIO POLITECNICO N. 4 2^p.interrato; (z.d. 1),VIA,DEL VECCHIO POLITECNICO,4,2101.0,1,,,54.0,False,True,True,False,False
3629,TIPO A - REG.2003;TIPO B CENTRO DI ABBRONZATURA,VIA DELL' UNIONE N. 1 riservata ai soli soci; (z.d. 1),VIA,DELL' UNIONE,1,521.0,1,,,,False,True,True,False,False
3622,TIPO A - REG.2003;TIPO B CENTRO DI ABBRONZATURA,VIA DELLA COMMENDA N. 33 ; (z.d. 1),VIA,DELLA COMMENDA,33,3146.0,1,,,,False,True,True,False,False
3623,TIPO A - REG.2003;TIPO B CENTRO DI ABBRONZATURA,VIA DELLA MOSCOVA N. 24 ; (z.d. 1),VIA,DELLA MOSCOVA,24,1016.0,1,,,45.0,False,True,True,False,False
3624,TIPO A - REG.2003;TIPO B CENTRO DI ABBRONZATURA,VIA DELLE ANDE N. 5 ; (z.d. 8),VIA,DELLE ANDE,5,7496.0,8,,,,False,True,True,False,False
3625,TIPO A - REG.2003;TIPO B CENTRO DI ABBRONZATURA,VIA DELLE FORZE ARMATE N. 260 (z.d. 7),VIA,DELLE FORZE ARMATE,260,6643.0,7,,,40.0,False,True,True,False,False
3626,TIPO A - REG.2003;TIPO B CENTRO DI ABBRONZATURA,VIA DELLE FORZE ARMATE N. 41 ; (z.d. 7),VIA,DELLE FORZE ARMATE,41,6643.0,7,,,,False,True,True,False,False
3628,TIPO A - REG.2003;TIPO B CENTRO DI ABBRONZATURA,VIA DELLE FORZE ARMATE N. 7 ; (z.d. 7),VIA,DELLE FORZE ARMATE,7,6643.0,7,,,,False,True,True,False,False
3627,TIPO A - REG.2003;TIPO B CENTRO DI ABBRONZATURA,VIA DELLE FORZE ARMATE N. 73 ; (z.d. 7),VIA,DELLE FORZE ARMATE,73,6643.0,7,,,,False,True,True,False,False
3631,TIPO A - REG.2003;TIPO B CENTRO DI ABBRONZATURA,VIA DOMENICHINO N. 2 ; (z.d. 7),VIA,DOMENICHINO,2,6383.0,7,,,,False,True,True,False,False
3632,TIPO A - REG.2003;TIPO B CENTRO DI ABBRONZATURA,VIA DON BOSCO N. 27 ; (z.d. 4),VIA,DON BOSCO,27,4144.0,4,,,,False,True,True,False,False
3633,TIPO A - REG.2003;TIPO B CENTRO DI ABBRONZATURA,VIA EDOLO N. 42 (z.d. 2),VIA,EDOLO,42,1217.0,2,,,42.0,False,True,True,False,False
3634,TIPO A - REG.2003;TIPO B CENTRO DI ABBRONZATURA,VIA EMANUELE FILIBERTO N. 13 ; (z.d. 8),VIA,EMANUELE FILIBERTO,13,7168.0,8,,,,False,True,True,False,False
3642,TIPO A - REG.2003;TIPO B CENTRO DI ABBRONZATURA,VIA F.LLI FRASCHINI N. 2 ; (z.d. 5),VIA,F.LLI FRASCHINI,2,4355.0,5,,,,False,True,True,False,False
3635,TIPO A - REG.2003;TIPO B CENTRO DI ABBRONZATURA,VIA FARA GUSTAVO N. 30 ; (z.d. 2),VIA,FARA GUSTAVO,30,1183.0,2,,,23.0,False,True,True,False,False
3636,TIPO A - REG.2003;TIPO B CENTRO DI ABBRONZATURA,VIA FARINI CARLO N. 6 ; (z.d. 9),VIA,FARINI CARLO,6,1114.0,9,,,,False,True,True,False,False
3637,TIPO A - REG.2003;TIPO B CENTRO DI ABBRONZATURA,VIA FARUFFINI FEDERICO N. 11 (z.d. 7),VIA,FARUFFINI FEDERICO,11,6286.0,7,,,30.0,False,True,True,False,False
3638,TIPO A - REG.2003;TIPO B CENTRO DI ABBRONZATURA,VIA FARUFFINI FEDERICO N. 15 ; (z.d. 7),VIA,FARUFFINI FEDERICO,15,6286.0,7,,,56.0,False,True,True,False,False
3639,TIPO A - REG.2003;TIPO B CENTRO DI ABBRONZATURA,VIA FAUCHE' GIOVANNI BATTISTA N. 1 piano rialzato; (z.d. 8),VIA,FAUCHE' GIOVANNI BATTISTA,1,7192.0,8,,,77.0,False,True,True,False,False
3640,TIPO A - REG.2003;TIPO B CENTRO DI ABBRONZATURA,VIA FERRUCCI FRANCESCO N. 11 ingr. via ippolito nievo; (z.d. 8),VIA,FERRUCCI FRANCESCO,11,7150.0,8,,,,False,True,True,False,False
3641,TIPO A - REG.2003;TIPO B CENTRO DI ABBRONZATURA,VIA FILZI FABIO N. 14 i piano; (z.d. 2),VIA,FILZI FABIO,14,1190.0,2,,,63.0,False,True,True,False,False
3643,TIPO A - REG.2003;TIPO B CENTRO DI ABBRONZATURA,VIA FONSECA PIMENTEL ELEONORA N. 18 ; (z.d. 2),VIA,FONSECA PIMENTEL ELEONORA,18,2325.0,2,,,,False,True,True,False,False
3644,TIPO A - REG.2003;TIPO B CENTRO DI ABBRONZATURA,VIA FOPPA VINCENZO N. 25 ; (z.d. 6),VIA,FOPPA VINCENZO,25,6109.0,6,,,39.0,False,True,True,False,False
3645,TIPO A - REG.2003;TIPO B CENTRO DI ABBRONZATURA,VIA FRAPOLLI LUIGI N. 31 p. rialzato; (z.d. 4),VIA,FRAPOLLI LUIGI,31,3288.0,4,,,75.0,False,True,True,False,False
3646,TIPO A - REG.2003;TIPO B CENTRO DI ABBRONZATURA,VIA FRESCOBALDI GEROLAMO N. 23 (z.d. 3),VIA,FRESCOBALDI GEROLAMO,23,2254.0,3,,,62.0,False,True,True,False,False
3647,TIPO A - REG.2003;TIPO B CENTRO DI ABBRONZATURA,VIA GALLARATE N. 80 ; (z.d. 8),VIA,GALLARATE,80,7420.0,8,,,,False,True,True,False,False
3648,TIPO A - REG.2003;TIPO B CENTRO DI ABBRONZATURA,VIA GALLINA GIACINTO N. 1 (z.d. 3),VIA,GALLINA GIACINTO,1,3105.0,3,,,40.0,False,True,True,False,False
3649,TIPO A - REG.2003;TIPO B CENTRO DI ABBRONZATURA,VIA GARIAN N. 22 ; (z.d. 6),VIA,GARIAN,22,6119.0,6,,,,False,True,True,False,False
3650,TIPO A - REG.2003;TIPO B CENTRO DI ABBRONZATURA,VIA GARIGLIANO N. 5 ; (z.d. 9),VIA,GARIGLIANO,5,1134.0,9,,,45.0,False,True,True,False,False
3651,TIPO A - REG.2003;TIPO B CENTRO DI ABBRONZATURA,VIA GHERARDINI GIOVANNI N. 2 ; (z.d. 1),VIA,GHERARDINI GIOVANNI,2,7140.0,1,,,,False,True,True,False,False
3652,TIPO A - REG.2003;TIPO B CENTRO DI ABBRONZATURA,VIA GIAMBELLINO N. 5 4 piano interno palestra; (z.d. 6),VIA,GIAMBELLINO,5,5136.0,6,,,66.0,False,True,True,False,False
3653,TIPO A - REG.2003;TIPO B CENTRO DI ABBRONZATURA,VIA GIAMBELLINO N. 64 ; (z.d. 6),VIA,GIAMBELLINO,64,5136.0,6,,,42.0,False,True,True,False,False
3654,TIPO A - REG.2003;TIPO B CENTRO DI ABBRONZATURA,VIA GIOIA MELCHIORRE N. 71 piano interrato; (z.d. 2),VIA,GIOIA MELCHIORRE,71,1108.0,2,,,,False,True,True,False,False
3655,TIPO A - REG.2003;TIPO B CENTRO DI ABBRONZATURA,VIA GIOVIO PAOLO N. 45 ; (z.d. 7),VIA,GIOVIO PAOLO,45,6194.0,7,,,,False,True,True,False,False
3656,TIPO A - REG.2003;TIPO B CENTRO DI ABBRONZATURA,VIA GONZAGA MAURIZIO N. 2 ; (z.d. 1),VIA,GONZAGA MAURIZIO,2,344.0,1,estetica A e solarium,,,False,True,True,False,False
3657,TIPO A - REG.2003;TIPO B CENTRO DI ABBRONZATURA,VIA GRAZIOLI DON BARTOLOMEO N. 10 ; (z.d. 9),VIA,GRAZIOLI DON BARTOLOMEO,10,1473.0,9,,,,False,True,True,False,False
3658,TIPO A - REG.2003;TIPO B CENTRO DI ABBRONZATURA,VIA GRIGNA N. 12 ; (z.d. 8),VIA,GRIGNA,12,7239.0,8,,,45.0,False,True,True,False,False
3659,TIPO A - REG.2003;TIPO B CENTRO DI ABBRONZATURA,VIA GROSOTTO N. 5 con ingresso via traiano 74; (z.d. 8),VIA,GROSOTTO,5,7328.0,8,,,,False,True,True,False,False
3660,TIPO A - REG.2003;TIPO B CENTRO DI ABBRONZATURA,VIA GROSSICH ANTONIO N. 2 (angolo via e. bassini) (z.d. 3),VIA,GROSSICH ANTONIO,2,2576.0,3,ESTETICA A E B,,30.0,False,True,True,False,False
3661,TIPO A - REG.2003;TIPO B CENTRO DI ABBRONZATURA,VIA HUGO VICTOR N. 2 ; (z.d. 1),VIA,HUGO VICTOR,2,548.0,1,,56.0,,False,True,True,False,False
3662,TIPO A - REG.2003;TIPO B CENTRO DI ABBRONZATURA,VIA IMBONATI CARLO N. 35 i piano; (z.d. 9),VIA,IMBONATI CARLO,35,1311.0,9,,,154.0,False,True,True,False,False
3663,TIPO A - REG.2003;TIPO B CENTRO DI ABBRONZATURA,VIA KORISTKA FRANCESCO N. 2 ; (z.d. 8),VIA,KORISTKA FRANCESCO,2,7241.0,8,,,,False,True,True,False,False
3664,TIPO A - REG.2003;TIPO B CENTRO DI ABBRONZATURA,VIA LOMBARDINI ELIA N. 4 ; (z.d. 6),VIA,LOMBARDINI ELIA,4,5146.0,6,,,,False,True,True,False,False
3665,TIPO A - REG.2003;TIPO B CENTRO DI ABBRONZATURA,VIA LORENTEGGIO N. 143 ; (z.d. 6),VIA,LORENTEGGIO,143,5132.0,6,,,,False,True,True,False,False
3666,TIPO A - REG.2003;TIPO B CENTRO DI ABBRONZATURA,VIA LOSANNA N. 5 ; (z.d. 8),VIA,LOSANNA,5,7190.0,8,,,,False,True,True,False,False
3667,TIPO A - REG.2003;TIPO B CENTRO DI ABBRONZATURA,VIA MADERNA BRUNO N. 2 ; (z.d. 4),VIA,MADERNA BRUNO,2,3382.0,4,ESTETICA A E SOLARIUM,,55.0,False,True,True,False,False
3668,TIPO A - REG.2003;TIPO B CENTRO DI ABBRONZATURA,VIA MAFFEI ANDREA N. 20 ; (z.d. 4),VIA,MAFFEI ANDREA,20,3191.0,4,,,69.0,False,True,True,False,False
3669,TIPO A - REG.2003;TIPO B CENTRO DI ABBRONZATURA,VIA MANUZIO ALDO N. 6 (z.d. 2),VIA,MANUZIO ALDO,6,2114.0,2,,,28.0,False,True,True,False,False
3670,TIPO A - REG.2003;TIPO B CENTRO DI ABBRONZATURA,VIA MARCIANO N. 7 ; (z.d. 4),VIA,MARCIANO,7,3294.0,4,,,,False,True,True,False,False
3671,TIPO A - REG.2003;TIPO B CENTRO DI ABBRONZATURA,VIA MARGHERA N. 18 ; (z.d. 7),VIA,MARGHERA,18,6280.0,7,,,,False,True,True,False,False
3672,TIPO A - REG.2003;TIPO B CENTRO DI ABBRONZATURA,VIA MASACCIO N. 19 interno grand hotel; (z.d. 8),VIA,MASACCIO,19,6420.0,8,,,52.0,False,True,True,False,False
3673,TIPO A - REG.2003;TIPO B CENTRO DI ABBRONZATURA,VIA MASSENA ANDREA ingresso c.so sempione civ.21 num.002a; (z.d. 8),VIA,PIOMBINO,1,7462.0,8,,,,False,True,True,False,False
3674,TIPO A - REG.2003;TIPO B CENTRO DI ABBRONZATURA,VIA MAURI ANGELO N. 3 ; (z.d. 7),VIA,MAURI ANGELO,3,6296.0,7,,,,False,True,True,False,False
3675,TIPO A - REG.2003;TIPO B CENTRO DI ABBRONZATURA,VIA MAZZINI GIUSEPPE N. 15 ; (z.d. 1),VIA,MAZZINI GIUSEPPE,15,516.0,1,,,,False,True,True,False,False
3676,TIPO A - REG.2003;TIPO B CENTRO DI ABBRONZATURA,VIA MECENATE num.076; (z.d. 4),VIA,BERGAMO,12A,3189.0,4,,,26.0,False,True,True,False,False
3677,TIPO A - REG.2003;TIPO B CENTRO DI ABBRONZATURA,VIA MEDA GIUSEPPE N. 52 ; (z.d. 5),VIA,MEDA GIUSEPPE,52,5242.0,5,,,80.0,False,True,True,False,False
3678,TIPO A - REG.2003;TIPO B CENTRO DI ABBRONZATURA,VIA MEDEGHINO N. 39 ; (z.d. 5),VIA,MEDEGHINO,39,5335.0,5,,,35.0,False,True,True,False,False
3679,TIPO A - REG.2003;TIPO B CENTRO DI ABBRONZATURA,VIA MELZO N. 22 ; (z.d. 3),VIA,MELZO,22,2184.0,3,,,,False,True,True,False,False
3680,TIPO A - REG.2003;TIPO B CENTRO DI ABBRONZATURA,VIA MENOTTI CIRO iø piano num.011c; (z.d. 3),VIA,SAN GREGORIO,11,2123.0,3,,,20.0,False,True,True,False,False
3681,TIPO A - REG.2003;TIPO B CENTRO DI ABBRONZATURA,VIA MERAVIGLI N. 7 ; (z.d. 1),VIA,MERAVIGLI,7,614.0,1,,,45.0,False,True,True,False,False
3682,TIPO A - REG.2003;TIPO B CENTRO DI ABBRONZATURA,VIA MERCALLI GIUSEPPE N. 7 ; (z.d. 1),VIA,MERCALLI GIUSEPPE,7,4011.0,1,,33.0,44.0,False,True,True,False,False
3683,TIPO A - REG.2003;TIPO B CENTRO DI ABBRONZATURA,VIA MESTRE N. 7 (z.d. 3),VIA,MESTRE,7,2647.0,3,,,50.0,False,True,True,False,False
3684,TIPO A - REG.2003;TIPO B CENTRO DI ABBRONZATURA,VIA MICHETTI FRANCESCO PAOLO N. 1 ; (z.d. 9),VIA,MICHETTI FRANCESCO PAOLO,1,1263.0,9,,,,False,True,True,False,False
3685,TIPO A - REG.2003;TIPO B CENTRO DI ABBRONZATURA,VIA MILLELIRE DOMENICO N. 15 ; (z.d. 7),VIA,MILLELIRE DOMENICO,15,6620.0,7,,23.0,,False,True,True,False,False
3686,TIPO A - REG.2003;TIPO B CENTRO DI ABBRONZATURA,VIA MINCIO N. 10 ; (z.d. 4),VIA,MINCIO,10,4157.0,4,,,65.0,False,True,True,False,False
3687,TIPO A - REG.2003;TIPO B CENTRO DI ABBRONZATURA,VIA MONTE NAPOLEONE N. 10 ; (z.d. 1),VIA,MONTE NAPOLEONE,10,219.0,1,,,,False,True,True,False,False
3688,TIPO A - REG.2003;TIPO B CENTRO DI ABBRONZATURA,VIA MONTE NAPOLEONE N. 25 ; (z.d. 1),VIA,MONTE NAPOLEONE,25,219.0,1,,,,False,True,True,False,False
3690,TIPO A - REG.2003;TIPO B CENTRO DI ABBRONZATURA,VIA MONTE ROSA N. 62 ; (z.d. 8),VIA,MONTE ROSA,62,6388.0,8,,,,False,True,True,False,False
3691,TIPO A - REG.2003;TIPO B CENTRO DI ABBRONZATURA,VIA MONTE SAN GABRIELE N. 11 ; (z.d. 2),VIA,MONTE SAN GABRIELE,11,2481.0,2,,,,False,True,True,False,False
3689,TIPO A - REG.2003;TIPO B CENTRO DI ABBRONZATURA,VIA MONTEPULCIANO N. 8 ; (z.d. 3),VIA,MONTEPULCIANO,8,2257.0,3,,,,False,True,True,False,False
3692,TIPO A - REG.2003;TIPO B CENTRO DI ABBRONZATURA,VIA MURAT GIOACCHINO N. 38 ; (z.d. 9),VIA,MURAT GIOACCHINO,38,1316.0,9,,,,False,True,True,False,False
3693,TIPO A - REG.2003;TIPO B CENTRO DI ABBRONZATURA,VIA MURATORI LODOVICO N. 52 (z.d. 4),VIA,MURATORI LODOVICO,52,4076.0,4,,,40.0,False,True,True,False,False
3694,TIPO A - REG.2003;TIPO B CENTRO DI ABBRONZATURA,VIA NOVARA N. 123 ; (z.d. 7),VIA,NOVARA,123,6624.0,7,,,,False,True,True,False,False
3695,TIPO A - REG.2003;TIPO B CENTRO DI ABBRONZATURA,VIA OLMETTO N. 5 piano rialzato; (z.d. 1),VIA,OLMETTO,5,553.0,1,,,,False,True,True,False,False
3696,TIPO A - REG.2003;TIPO B CENTRO DI ABBRONZATURA,VIA ORIANI ALFREDO N. 2 ; (z.d. 1),VIA,ORIANI ALFREDO,2,4025.0,1,,,,False,True,True,False,False
3697,TIPO A - REG.2003;TIPO B CENTRO DI ABBRONZATURA,VIA PADOVA N. 217 ; (z.d. 2),VIA,PADOVA,217,2275.0,2,,,76.0,False,True,True,False,False
3698,TIPO A - REG.2003;TIPO B CENTRO DI ABBRONZATURA,VIA PAGANO MARIO N. 4 ; (z.d. 1),VIA,PAGANO MARIO,4,6186.0,1,,,,False,True,True,False,False
3699,TIPO A - REG.2003;TIPO B CENTRO DI ABBRONZATURA,VIA PAGANO MARIO piano rialzato num.03739; (z.d. 1),CSO,VENEZIA,14,238.0,1,,,,False,True,True,False,False
3700,TIPO A - REG.2003;TIPO B CENTRO DI ABBRONZATURA,VIA PALIZZI FILIPPO num.119; (z.d. 8),VIA,PALIZZI FILIPPO,,7451.0,8,,,55.0,False,True,True,False,False
3701,TIPO A - REG.2003;TIPO B CENTRO DI ABBRONZATURA,VIA PAMPURI FRA' RICCARDO N. 7 (z.d. 5),VIA,PAMPURI FRA' RICCARDO,7,4322.0,5,,,26.0,False,True,True,False,False
3702,TIPO A - REG.2003;TIPO B CENTRO DI ABBRONZATURA,VIA PARETO VILFREDO N. 13 ; (z.d. 8),VIA,PARETO VILFREDO,13,7440.0,8,,,41.0,False,True,True,False,False
3703,TIPO A - REG.2003;TIPO B CENTRO DI ABBRONZATURA,VIA PARINI GIUSEPPE N. 9 (z.d. 1),VIA,PARINI GIUSEPPE,9,1049.0,1,,,30.0,False,True,True,False,False
3704,TIPO A - REG.2003;TIPO B CENTRO DI ABBRONZATURA,VIA PASSARELLA N. 4 ; (z.d. 1),VIA,PASSARELLA,4,298.0,1,,,,False,True,True,False,False
3705,TIPO A - REG.2003;TIPO B CENTRO DI ABBRONZATURA,VIA PATTARI N. 6 ; (z.d. 1),VIA,PATTARI,6,304.0,1,,,43.0,False,True,True,False,False
3706,TIPO A - REG.2003;TIPO B CENTRO DI ABBRONZATURA,VIA PAULLO N. 7 piano rialzato; (z.d. 4),VIA,PAULLO,7,3177.0,4,,,,False,True,True,False,False
3707,TIPO A - REG.2003;TIPO B CENTRO DI ABBRONZATURA,VIA PAVONI LODOVICO N. 1 ; (z.d. 9),VIA,PAVONI LODOVICO,1,1401.0,9,,,,False,True,True,False,False
3708,TIPO A - REG.2003;TIPO B CENTRO DI ABBRONZATURA,VIA PELIZZA DA VOLPEDO N. 26 con ingr. via mose' bianchi 52; (z.d. 7),VIA,PELIZZA DA VOLPEDO,26,6391.0,7,,,,False,True,True,False,False
3709,TIPO A - REG.2003;TIPO B CENTRO DI ABBRONZATURA,VIA PESTALOZZI GIOVANNI ENRICO N. 2 ing. via ludovico il moro; (z.d. 6),VIA,PESTALOZZI GIOVANNI ENRICO,2,5294.0,6,,,34.0,False,True,True,False,False
3710,TIPO A - REG.2003;TIPO B CENTRO DI ABBRONZATURA,VIA PEZZOTTI GIOVANNI N. 19 ; (z.d. 5),VIA,PEZZOTTI GIOVANNI,19,5244.0,5,,,,False,True,True,False,False
3711,TIPO A - REG.2003;TIPO B CENTRO DI ABBRONZATURA,VIA PIACENZA N. 1 ; (z.d. 5),VIA,PIACENZA,1,4064.0,5,,,52.0,False,True,True,False,False
3712,TIPO A - REG.2003;TIPO B CENTRO DI ABBRONZATURA,VIA PIERLUIGI GIOVANNI DA PALESTRINA N. 14 ; (z.d. 3),VIA,PIERLUIGI GIOVANNI DA PALESTRINA,14,2235.0,3,,,60.0,False,True,True,False,False
3713,TIPO A - REG.2003;TIPO B CENTRO DI ABBRONZATURA,VIA PILO ROSOLINO num.019b; (z.d. 3),VIA,GROSSICH ANTONIO,17,2576.0,3,,,37.0,False,True,True,False,False
3714,TIPO A - REG.2003;TIPO B CENTRO DI ABBRONZATURA,VIA PINAMONTE DA VIMERCATE N. 5 ; (z.d. 1),VIA,PINAMONTE DA VIMERCATE,5,1017.0,1,,,,False,True,True,False,False
3715,TIPO A - REG.2003;TIPO B CENTRO DI ABBRONZATURA,VIA PINDARO N. 23 seminterrato; (z.d. 2),VIA,PINDARO,23,2401.0,2,,,122.0,False,True,True,False,False
3716,TIPO A - REG.2003;TIPO B CENTRO DI ABBRONZATURA,VIA PINTURICCHIO N. 5 ; (z.d. 3),VIA,PINTURICCHIO,5,2195.0,3,,,,False,True,True,False,False
3717,TIPO A - REG.2003;TIPO B CENTRO DI ABBRONZATURA,VIA PIOMBINO N. 1 con ingresso via aldini; (z.d. 8),VIA,PIOMBINO,1,7462.0,8,,,,False,True,True,False,False
3718,TIPO A - REG.2003;TIPO B CENTRO DI ABBRONZATURA,VIA PIRANDELLO LUIGI piano seminterrato num.004a; (z.d. 7),VIA,PIRANDELLO LUIGI,,6242.0,7,,,100.0,False,True,True,False,False
3719,TIPO A - REG.2003;TIPO B CENTRO DI ABBRONZATURA,VIA PIRANESI GIOVANNI BATTISTA N. 35 ; (z.d. 4),VIA,PIRANESI GIOVANNI BATTISTA,35,3263.0,4,,,,False,True,True,False,False
3720,TIPO A - REG.2003;TIPO B CENTRO DI ABBRONZATURA,VIA PISTRUCCI SCIPIONE N. 5 ; (z.d. 4),VIA,PISTRUCCI SCIPIONE,5,3215.0,4,,,55.0,False,True,True,False,False
3721,TIPO A - REG.2003;TIPO B CENTRO DI ABBRONZATURA,VIA PISTRUCCI SCIPIONE N. 5 ; (z.d. 4),VIA,PISTRUCCI SCIPIONE,5,3215.0,4,,,,False,True,True,False,False
3722,TIPO A - REG.2003;TIPO B CENTRO DI ABBRONZATURA,VIA PRINCIPE EUGENIO N. 30 ; (z.d. 8),VIA,PRINCIPE EUGENIO,30,7223.0,8,,,,False,True,True,False,False
3723,TIPO A - REG.2003;TIPO B CENTRO DI ABBRONZATURA,VIA PROCACCINI GIULIO CESARE N. 27 ; (z.d. 8),VIA,PROCACCINI GIULIO CESARE,27,7204.0,8,,,,False,True,True,False,False
3724,TIPO A - REG.2003;TIPO B CENTRO DI ABBRONZATURA,VIA PROCACCINI GIULIO CESARE N. 36 ; (z.d. 8),VIA,PROCACCINI GIULIO CESARE,36,7204.0,8,,,35.0,False,True,True,False,False
3725,TIPO A - REG.2003;TIPO B CENTRO DI ABBRONZATURA,VIA PURICELLI GIAN PIETRO N. 2 ; (z.d. 7),VIA,PURICELLI GIAN PIETRO,2,6636.0,7,,,,False,True,True,False,False
3726,TIPO A - REG.2003;TIPO B CENTRO DI ABBRONZATURA,VIA QUARENGHI GIACOMO N. 23 in centro comm. bonola; (z.d. 8),VIA,QUARENGHI GIACOMO,23,7478.0,8,,,90.0,False,True,True,False,False
3727,TIPO A - REG.2003;TIPO B CENTRO DI ABBRONZATURA,VIA RAVIZZA CARLO N. 4 ; (z.d. 7),VIA,RAVIZZA CARLO,4,6285.0,7,,,,False,True,True,False,False
3728,TIPO A - REG.2003;TIPO B CENTRO DI ABBRONZATURA,VIA REGGIO N. 5 int.teatro piccola commenda; (z.d. 1),VIA,REGGIO,5,4033.0,1,,,,False,True,True,False,False
3729,TIPO A - REG.2003;TIPO B CENTRO DI ABBRONZATURA,VIA REINA FRANCESCO N. 11 ; (z.d. 4),VIA,REINA FRANCESCO,11,3255.0,4,,,,False,True,True,False,False
3730,TIPO A - REG.2003;TIPO B CENTRO DI ABBRONZATURA,VIA REMBRANDT N. 69 ; (z.d. 7),VIA,REMBRANDT,69,6618.0,7,,,31.0,False,True,True,False,False
3731,TIPO A - REG.2003;TIPO B CENTRO DI ABBRONZATURA,VIA RENZO E LUCIA N. 1 ; (z.d. 5),VIA,RENZO E LUCIA,1,5412.0,5,,,35.0,False,True,True,False,False
3732,TIPO A - REG.2003;TIPO B CENTRO DI ABBRONZATURA,VIA RESSI ADEODATO N. 23 ; (z.d. 2),VIA,RESSI ADEODATO,23,1397.0,2,,,,False,True,True,False,False
3733,TIPO A - REG.2003;TIPO B CENTRO DI ABBRONZATURA,VIA REZIA N. 1 ; (z.d. 4),VIA,REZIA,1,3200.0,4,,,130.0,False,True,True,False,False
3734,TIPO A - REG.2003;TIPO B CENTRO DI ABBRONZATURA,VIA RIPAMONTI GIUSEPPE N. 1 ; (z.d. 5),VIA,RIPAMONTI GIUSEPPE,1,4066.0,5,,,,False,True,True,False,False
3735,TIPO A - REG.2003;TIPO B CENTRO DI ABBRONZATURA,VIA RIPAMONTI GIUSEPPE N. 214 ; (z.d. 5),VIA,RIPAMONTI GIUSEPPE,214,4066.0,5,,,50.0,False,True,True,False,False
3736,TIPO A - REG.2003;TIPO B CENTRO DI ABBRONZATURA,VIA RIPAMONTI GIUSEPPE N. 22 ; (z.d. 5),VIA,RIPAMONTI GIUSEPPE,22,4066.0,5,,,,False,True,True,False,False
3737,TIPO A - REG.2003;TIPO B CENTRO DI ABBRONZATURA,VIA RIPAMONTI GIUSEPPE N. 7 ; (z.d. 5),VIA,RIPAMONTI GIUSEPPE,7,4066.0,5,,,,False,True,True,False,False
3738,TIPO A - REG.2003;TIPO B CENTRO DI ABBRONZATURA,VIA ROMANO GIULIO N. 17 ; (z.d. 5),VIA,ROMANO GIULIO,17,4057.0,5,,,56.0,False,True,True,False,False
3739,TIPO A - REG.2003;TIPO B CENTRO DI ABBRONZATURA,VIA ROMEO NICOLA N. 3 ; (z.d. 5),VIA,ROMEO NICOLA,3,5479.0,5,,,,False,True,True,False,False
3740,TIPO A - REG.2003;TIPO B CENTRO DI ABBRONZATURA,VIA RUSSOLI FRANCO N. 4 ; (z.d. 6),VIA,RUSSOLI FRANCO,4,5460.0,6,,,,False,True,True,False,False
3741,TIPO A - REG.2003;TIPO B CENTRO DI ABBRONZATURA,VIA SALA DEI LONGOBARDI N. 2 ; (z.d. 1),VIA,SALA DEI LONGOBARDI,2,217.0,1,ESTETICA A E SOLARIUM,,,False,True,True,False,False
3742,TIPO A - REG.2003;TIPO B CENTRO DI ABBRONZATURA,VIA SAMBUCO N. 7 ; (z.d. 1),VIA,SAMBUCO,7,5189.0,1,ESTETICA A e B,,,False,True,True,False,False
3745,TIPO A - REG.2003;TIPO B CENTRO DI ABBRONZATURA,VIA SAN GREGORIO N. 11 ; (z.d. 3),VIA,SAN GREGORIO,11,2123.0,3,,,,False,True,True,False,False
3746,TIPO A - REG.2003;TIPO B CENTRO DI ABBRONZATURA,VIA SAN MAMETE N. 15 ; (z.d. 2),VIA,SAN MAMETE,15,2413.0,2,,,,False,True,True,False,False
3747,TIPO A - REG.2003;TIPO B CENTRO DI ABBRONZATURA,VIA SAN MARTINO N. 14 int. centro olistica salus; (z.d. 1),VIA,SAN MARTINO,14,4016.0,1,,,,False,True,True,False,False
3748,TIPO A - REG.2003;TIPO B CENTRO DI ABBRONZATURA,VIA SAN PAOLO N. 13 ; (z.d. 1),VIA,SAN PAOLO,13,212.0,1,,,,False,True,True,False,False
3749,TIPO A - REG.2003;TIPO B CENTRO DI ABBRONZATURA,VIA SAN SIRO N. 20 ; (z.d. 7),VIA,SAN SIRO,20,6282.0,7,,,,False,True,True,False,False
3753,TIPO A - REG.2003;TIPO B CENTRO DI ABBRONZATURA,VIA SAN VITO N. 26 (z.d. 1),VIA,SAN VITO,26,539.0,1,,,39.0,False,True,True,False,False
3752,TIPO A - REG.2003;TIPO B CENTRO DI ABBRONZATURA,VIA SAN VITO N. 26 ; (z.d. 1),VIA,SAN VITO,26,539.0,1,,,,False,True,True,False,False
3743,TIPO A - REG.2003;TIPO B CENTRO DI ABBRONZATURA,VIA SAND GEORGE N. 1 ; (z.d. 9),VIA,SAND GEORGE,1,1554.0,9,,,,False,True,True,False,False
3744,TIPO A - REG.2003;TIPO B CENTRO DI ABBRONZATURA,VIA SANGALLO N. 10 ; (z.d. 3),VIA,SANGALLO,10,3208.0,3,,,,False,True,True,False,False
3750,TIPO A - REG.2003;TIPO B CENTRO DI ABBRONZATURA,VIA SANTA MARIA VALLE N. 1 ; (z.d. 1),VIA,SANTA MARIA VALLE,1,535.0,1,,,,False,True,True,False,False
3751,TIPO A - REG.2003;TIPO B CENTRO DI ABBRONZATURA,VIA SANTA RITA DA CASCIA N. 3B (z.d. 6),VIA,SANTA RITA DA CASCIA,3B,5301.0,6,ESTETICA A E SOLARIUM,,77.0,False,True,True,False,False
3754,TIPO A - REG.2003;TIPO B CENTRO DI ABBRONZATURA,VIA SANZIO RAFFAELLO N. 39 ; (z.d. 7),VIA,SANZIO RAFFAELLO,39,6283.0,7,,,16.0,False,True,True,False,False
3755,TIPO A - REG.2003;TIPO B CENTRO DI ABBRONZATURA,VIA SARPI FRA' PAOLO N. 35 piano interrato; (z.d. 1),VIA,SARPI FRA' PAOLO,35,7210.0,1,,,64.0,False,True,True,False,False
3756,TIPO A - REG.2003;TIPO B CENTRO DI ABBRONZATURA,VIA SARPI FRA' PAOLO N. 5 ; (z.d. 1),VIA,SARPI FRA' PAOLO,5,7210.0,1,,,,False,True,True,False,False
3757,TIPO A - REG.2003;TIPO B CENTRO DI ABBRONZATURA,VIA SAVOLDO GIAN GIROLAMO N. 3 ; (z.d. 9),VIA,SAVOLDO GIAN GIROLAMO,3,1691.0,9,,,,False,True,True,False,False
3758,TIPO A - REG.2003;TIPO B CENTRO DI ABBRONZATURA,VIA SAVONA N. 20 ; (z.d. 6),VIA,SAVONA,20,5122.0,6,,,,False,True,True,False,False
3759,TIPO A - REG.2003;TIPO B CENTRO DI ABBRONZATURA,VIA SAVONA N. 59 ingr.v.stendhal; (z.d. 6),VIA,SAVONA,59,5122.0,6,,,22.0,False,True,True,False,False
3760,TIPO A - REG.2003;TIPO B CENTRO DI ABBRONZATURA,VIA SAVONA N. 80 ; (z.d. 6),VIA,SAVONA,80,5122.0,6,,,50.0,False,True,True,False,False
3761,TIPO A - REG.2003;TIPO B CENTRO DI ABBRONZATURA,VIA SCARLATTI DOMENICO N. 27 con ingresso via m.macchi; (z.d. 2),VIA,SCARLATTI DOMENICO,27,2136.0,2,,,,False,True,True,False,False
3762,TIPO A - REG.2003;TIPO B CENTRO DI ABBRONZATURA,VIA SCHIAPARELLI GIOVANNI N. 1 riservato ai soli soci; (z.d. 2),VIA,SCHIAPARELLI GIOVANNI,1,1211.0,2,,,,False,True,True,False,False
3763,TIPO A - REG.2003;TIPO B CENTRO DI ABBRONZATURA,VIA SCIESA AMATORE N. 7 ; (z.d. 4),VIA,SCIESA AMATORE,7,3072.0,4,,,45.0,False,True,True,False,False
3764,TIPO A - REG.2003;TIPO B CENTRO DI ABBRONZATURA,VIA SERLIO SEBASTIANO num.0082; (z.d. 4),VIA,MINCIO,3,4157.0,4,,,,False,True,True,False,False
3765,TIPO A - REG.2003;TIPO B CENTRO DI ABBRONZATURA,VIA SIGIERI GOFFREDO N. 1 ; (z.d. 4),VIA,SIGIERI GOFFREDO,1,4080.0,4,,,,False,True,True,False,False
3766,TIPO A - REG.2003;TIPO B CENTRO DI ABBRONZATURA,VIA SIRTORI GIUSEPPE N. 13 ; (z.d. 3),VIA,SIRTORI GIUSEPPE,13,2180.0,3,,,,False,True,True,False,False
3767,TIPO A - REG.2003;TIPO B CENTRO DI ABBRONZATURA,VIA SOLARI ANDREA num.043; (z.d. 6),VIA,LORENTEGGIO,157,5132.0,6,,,,False,True,True,False,False
3768,TIPO A - REG.2003;TIPO B CENTRO DI ABBRONZATURA,VIA STAMPA N. 1 ingresso da v.quasimodo; (z.d. 1),VIA,STAMPA,1,538.0,1,,,69.0,False,True,True,False,False
3769,TIPO A - REG.2003;TIPO B CENTRO DI ABBRONZATURA,VIA STOPPANI ANTONIO N. 33 ; (z.d. 3),VIA,STOPPANI ANTONIO,33,2163.0,3,,,56.0,False,True,True,False,False
3770,TIPO A - REG.2003;TIPO B CENTRO DI ABBRONZATURA,VIA TADINO ALESSANDRO N. 3 ; (z.d. 3),VIA,TADINO ALESSANDRO,3,2109.0,3,,,44.0,False,True,True,False,False
3771,TIPO A - REG.2003;TIPO B CENTRO DI ABBRONZATURA,VIA TERTULLIANO N. 34 (z.d. 4),VIA,TERTULLIANO,34,4094.0,4,,,53.0,False,True,True,False,False
3772,TIPO A - REG.2003;TIPO B CENTRO DI ABBRONZATURA,VIA TEULIE' PIETRO N. 5 ; (z.d. 5),VIA,TEULIE' PIETRO,5,4040.0,5,,,,False,True,True,False,False
3773,TIPO A - REG.2003;TIPO B CENTRO DI ABBRONZATURA,VIA TOLSTOI LEONE N. 70 ; (z.d. 6),VIA,TOLSTOI LEONE,70,5133.0,6,,,,False,True,True,False,False
3774,TIPO A - REG.2003;TIPO B CENTRO DI ABBRONZATURA,VIA TONOLI RITA N. 1 ; (z.d. 8),VIA,TONOLI RITA,1,6136.0,8,,,,False,True,True,False,False
3775,TIPO A - REG.2003;TIPO B CENTRO DI ABBRONZATURA,VIA TORINO N. 64 ; (z.d. 1),VIA,TORINO,64,543.0,1,,,60.0,False,True,True,False,False
3776,TIPO A - REG.2003;TIPO B CENTRO DI ABBRONZATURA,VIA TRINCEA DELLE FRASCHE N. 1 (z.d. 5),VIA,TRINCEA DELLE FRASCHE,1,5173.0,5,ESTETICA A E SOLARIUM,,,False,True,True,False,False
3777,TIPO A - REG.2003;TIPO B CENTRO DI ABBRONZATURA,VIA VAL DI BONDO N. 2 ; (z.d. 9),VIA,VAL DI BONDO,2,1648.0,9,,,,False,True,True,False,False
3778,TIPO A - REG.2003;TIPO B CENTRO DI ABBRONZATURA,VIA VAL DI LEDRO N. 11 ; (z.d. 9),VIA,VAL DI LEDRO,11,1532.0,9,,,,False,True,True,False,False
3780,TIPO A - REG.2003;TIPO B CENTRO DI ABBRONZATURA,VIA VAL MESOLCINA N. 2 piano seminterrato; (z.d. 4),VIA,VAL MESOLCINA,2,4194.0,4,,,114.0,False,True,True,False,False
3779,TIPO A - REG.2003;TIPO B CENTRO DI ABBRONZATURA,VIA VALLA LORENZO N. 14 ; (z.d. 5),VIA,VALLA LORENZO,14,5336.0,5,,,,False,True,True,False,False
3781,TIPO A - REG.2003;TIPO B CENTRO DI ABBRONZATURA,VIA VANNUCCI ATTO N. 8 (z.d. 5),VIA,VANNUCCI ATTO,8,4056.0,5,ESTETICA,15.0,18.0,False,True,True,False,False
3782,TIPO A - REG.2003;TIPO B CENTRO DI ABBRONZATURA,VIA VARESINA N. 92 ; (z.d. 8),VIA,VARESINA,92,7290.0,8,,,26.0,False,True,True,False,False
3783,TIPO A - REG.2003;TIPO B CENTRO DI ABBRONZATURA,VIA VIGNOLI TITO N. 53 ingr.via lorenteggio; (z.d. 6),VIA,VIGNOLI TITO,53,5134.0,6,,,,False,True,True,False,False
3784,TIPO A - REG.2003;TIPO B CENTRO DI ABBRONZATURA,VIA VIPACCO N. 4 ingresso da via brunico 3; (z.d. 2),VIA,VIPACCO,4,2444.0,2,,,,False,True,True,False,False
3785,TIPO A - REG.2003;TIPO B CENTRO DI ABBRONZATURA,VIA VITTORINI ELIO N. 22 ; (z.d. 4),VIA,VITTORINI ELIO,22,3379.0,4,,,,False,True,True,False,False
3786,TIPO A - REG.2003;TIPO B CENTRO DI ABBRONZATURA,VIA VOLTA ALESSANDRO N. 8 ; (z.d. 1),VIA,VOLTA ALESSANDRO,8,1018.0,1,,,46.0,False,True,True,False,False
3787,TIPO A - REG.2003;TIPO B CENTRO DI ABBRONZATURA,VIA VOLVINIO N. 6 ; (z.d. 5),VIA,VOLVINIO,6,5333.0,5,,,71.0,False,True,True,False,False
3788,TIPO A - REG.2003;TIPO B CENTRO DI ABBRONZATURA,VIA WASHINGTON GIORGIO N. 49 ; (z.d. 7),VIA,WASHINGTON GIORGIO,49,6111.0,7,,,,False,True,True,False,False
3789,TIPO A - REG.2003;TIPO B CENTRO DI ABBRONZATURA,VIA WASHINGTON GIORGIO N. 72 piano interrato; (z.d. 7),VIA,WASHINGTON GIORGIO,72,6111.0,7,,,,False,True,True,False,False
3790,TIPO A - REG.2003;TIPO B CENTRO DI ABBRONZATURA,VIA WATT GIACOMO N. 1 angolo via binda; (z.d. 6),VIA,WATT GIACOMO,1,5292.0,6,,,,False,True,True,False,False
3791,TIPO A - REG.2003;TIPO B CENTRO DI ABBRONZATURA,VIA ZAMENHOF LUDOVICO LAZZARO N. 19 ; (z.d. 5),VIA,ZAMENHOF LUDOVICO LAZZARO,19,5226.0,5,,,99.0,False,True,True,False,False
3792,TIPO A - REG.2003;TIPO B CENTRO DI ABBRONZATURA,VIA ZAMENHOF LUDOVICO LAZZARO N. 2 ; (z.d. 5),VIA,ZAMENHOF LUDOVICO LAZZARO,2,5226.0,5,,,50.0,False,True,True,False,False
3793,TIPO A - REG.2003;TIPO B CENTRO DI ABBRONZATURA,VIA ZUCCOLI LUCIANO N. 26 ; (z.d. 2),VIA,ZUCCOLI LUCIANO,26,1254.0,2,,,62.0,False,True,True,False,False
3794,TIPO A - REG.2003;TIPO B CENTRO DI ABBRONZATURA,VLE ABRUZZI N. 16 ; (z.d. 3),VLE,ABRUZZI,16,2177.0,3,,,,False,True,True,False,False
3795,TIPO A - REG.2003;TIPO B CENTRO DI ABBRONZATURA,VLE ABRUZZI N. 44 ; (z.d. 3),VLE,ABRUZZI,44,2177.0,3,,,,False,True,True,False,False
3796,TIPO A - REG.2003;TIPO B CENTRO DI ABBRONZATURA,VLE ABRUZZI N. 78 ; (z.d. 3),VLE,ABRUZZI,78,2177.0,3,,,40.0,False,True,True,False,False
3797,TIPO A - REG.2003;TIPO B CENTRO DI ABBRONZATURA,VLE BEATRICE D'ESTE N. 7 ; (z.d. 1),VLE,BEATRICE D'ESTE,7,4048.0,1,,,40.0,False,True,True,False,False
3798,TIPO A - REG.2003;TIPO B CENTRO DI ABBRONZATURA,VLE BODIO LUIGI N. 37 1øpiano interno palestra; (z.d. 9),VLE,BODIO LUIGI,37,1237.0,9,,,,False,True,True,False,False
3799,TIPO A - REG.2003;TIPO B CENTRO DI ABBRONZATURA,VLE CA' GRANDA N. 2 con ingresso via suzzani; (z.d. 9),VLE,CA' GRANDA,2,1443.0,9,,,,False,True,True,False,False
3800,TIPO A - REG.2003;TIPO B CENTRO DI ABBRONZATURA,VLE CASSALA N. 22 fuoriterra ed interrato; (z.d. 6),VLE,CASSALA,22,5275.0,6,,,30.0,False,True,True,False,False
3801,TIPO A - REG.2003;TIPO B CENTRO DI ABBRONZATURA,VLE CERTOSA interno palestra num.021a; (z.d. 8),VLE,CERTOSA,,7174.0,8,,,,False,True,True,False,False
3802,TIPO A - REG.2003;TIPO B CENTRO DI ABBRONZATURA,VLE CORSICA N. 1 ; (z.d. 4),VLE,CORSICA,1,3262.0,4,,,,False,True,True,False,False
3803,TIPO A - REG.2003;TIPO B CENTRO DI ABBRONZATURA,VLE D'ANNUNZIO GABRIELE N. 3 ; (z.d. 1),VLE,D'ANNUNZIO GABRIELE,3,5170.0,1,,,,False,True,True,False,False
3805,TIPO A - REG.2003;TIPO B CENTRO DI ABBRONZATURA,VLE DELL' INNOVAZIONE N. 13 ; (z.d. 9),VLE,DELL' INNOVAZIONE,13,1731.0,9,,,,False,True,True,False,False
3804,TIPO A - REG.2003;TIPO B CENTRO DI ABBRONZATURA,VLE DELLE RIMEMBRANZE DI LAMBRATE N. 9 (z.d. 3),VLE,DELLE RIMEMBRANZE DI LAMBRATE,9,2664.0,3,,,41.0,False,True,True,False,False
3806,TIPO A - REG.2003;TIPO B CENTRO DI ABBRONZATURA,VLE ESPINASSE CARLO N. 30 ; (z.d. 8),VLE,ESPINASSE CARLO,30,7390.0,8,,,,False,True,True,False,False
3807,TIPO A - REG.2003;TIPO B CENTRO DI ABBRONZATURA,VLE FAMAGOSTA N. 48 ; (z.d. 6),VLE,FAMAGOSTA,48,5353.0,6,,,,False,True,True,False,False
3808,TIPO A - REG.2003;TIPO B CENTRO DI ABBRONZATURA,VLE LEGIONI ROMANE N. 65 ang.via dei ciclamini; (z.d. 6),VLE,LEGIONI ROMANE,65,6649.0,6,,,,False,True,True,False,False
3809,TIPO A - REG.2003;TIPO B CENTRO DI ABBRONZATURA,VLE LUCANIA N. 7 piano rialzato; (z.d. 4),VLE,LUCANIA,7,4173.0,4,,,50.0,False,True,True,False,False
3810,TIPO A - REG.2003;TIPO B CENTRO DI ABBRONZATURA,VLE MOLISE N. 59 ; (z.d. 4),VLE,MOLISE,59,3178.0,4,,,39.0,False,True,True,False,False
3811,TIPO A - REG.2003;TIPO B CENTRO DI ABBRONZATURA,VLE MONTE NERO N. 33 ; (z.d. 1),VLE,MONTE NERO,33,3062.0,1,,,48.0,False,True,True,False,False
3812,TIPO A - REG.2003;TIPO B CENTRO DI ABBRONZATURA,VLE MONZA N. 102 ; (z.d. 2),VLE,MONZA,102,2274.0,2,,,15.0,False,True,True,False,False
3813,TIPO A - REG.2003;TIPO B CENTRO DI ABBRONZATURA,VLE MONZA N. 82 ; (z.d. 2),VLE,MONZA,82,2274.0,2,,,30.0,False,True,True,False,False
3814,TIPO A - REG.2003;TIPO B CENTRO DI ABBRONZATURA,VLE PAPINIANO N. 38 ; (z.d. 1),VLE,PAPINIANO,38,5097.0,1,,,42.0,False,True,True,False,False
3815,TIPO A - REG.2003;TIPO B CENTRO DI ABBRONZATURA,VLE REGINA MARGHERITA N. 28 ; (z.d. 1),VLE,REGINA MARGHERITA,28,3059.0,1,,,,False,True,True,False,False
3816,TIPO A - REG.2003;TIPO B CENTRO DI ABBRONZATURA,VLE ROMAGNA N. 50 ; (z.d. 3),VLE,ROMAGNA,50,3102.0,3,,40.0,40.0,False,True,True,False,False
3817,TIPO A - REG.2003;TIPO B CENTRO DI ABBRONZATURA,VLE SABOTINO N. 13 p.t. + soppalco + 1ø piano; (z.d. 5),VLE,SABOTINO,13,4046.0,5,,,102.0,False,True,True,False,False
3818,TIPO A - REG.2003;TIPO B CENTRO DI ABBRONZATURA,VLE SABOTINO num.021a; (z.d. 5),VIA,LAGRANGE GIUSEPPE,13,5205.0,5,,,42.0,False,True,True,False,False
3819,TIPO A - REG.2003;TIPO B CENTRO DI ABBRONZATURA,VLE SAN MICHELE DEL CARSO N. 22 ; (z.d. 7),VLE,SAN MICHELE DEL CARSO,22,6212.0,7,,,,False,True,True,False,False
3820,TIPO A - REG.2003;TIPO B CENTRO DI ABBRONZATURA,VLE SAN MICHELE DEL CARSO N. 7 ; (z.d. 1),VLE,SAN MICHELE DEL CARSO,7,6212.0,1,,,,False,True,True,False,False
3821,TIPO A - REG.2003;TIPO B CENTRO DI ABBRONZATURA,VLE SARCA N. 198 ingr. v.padre gerardo beccaro; (z.d. 9),VLE,SARCA,198,1427.0,9,,,105.0,False,True,True,False,False
3822,TIPO A - REG.2003;TIPO B CENTRO DI ABBRONZATURA,VLE STELVIO N. 41 ; (z.d. 9),VLE,STELVIO,41,1227.0,9,,,,False,True,True,False,False
3823,TIPO A - REG.2003;TIPO B CENTRO DI ABBRONZATURA,VLE TIBALDI N. 2 ; (z.d. 5),VLE,TIBALDI,2,5234.0,5,,,123.0,False,True,True,False,False
3824,TIPO A - REG.2003;TIPO B CENTRO DI ABBRONZATURA,VLE UMBRIA N. 101 ; (z.d. 4),VLE,UMBRIA,101,3145.0,4,,,,False,True,True,False,False
3825,TIPO A - REG.2003;TIPO B CENTRO DI ABBRONZATURA,VLE UMBRIA N. 50 ; (z.d. 4),VLE,UMBRIA,50,3145.0,4,,,,False,True,True,False,False
3826,TIPO A - REG.2003;TIPO B CENTRO DI ABBRONZATURA,VLE VITTORIO VENETO N. 18 5 locali al 1^ piano; (z.d. 3),VLE,VITTORIO VENETO,18,2107.0,3,,,100.0,False,True,True,False,False
3827,TIPO A - REG.2003;TIPO B CENTRO DI ABBRONZATURA,"VLE VITTORIO VENETO N. 6 con ingresso da via lecco,2; (z.d. 3)",VLE,VITTORIO VENETO,6,2107.0,3,,,,False,True,True,False,False
3828,TIPO A - REG.2003;TIPO B CENTRO DI ABBRONZATURA,VLE ZARA N. 9 interno palestra; (z.d. 9),VLE,ZARA,9,1170.0,9,,,,False,True,True,False,False
3832,TIPO A - REG.2003;TIPO B CENTRO DI ABBRONZATURA;ACCONCIATORE,PZA BRUZZANO N. 4 (z.d. 9),PZA,BRUZZANO,4,1655.0,9,,,117.0,True,True,True,False,False
3829,TIPO A - REG.2003;TIPO B CENTRO DI ABBRONZATURA;ACCONCIATORE,CSO VERCELLI N. 38 1^piano; (z.d. 7),CSO,VERCELLI,38,6193.0,7,,,268.0,True,True,True,False,False
3830,TIPO A - REG.2003;TIPO B CENTRO DI ABBRONZATURA;ACCONCIATORE,VIA JACOPINO DA TRADATE N. 13 ; (z.d. 8),VIA,JACOPINO DA TRADATE,13,7292.0,8,,,60.0,True,True,True,False,False
3831,TIPO A - REG.2003;TIPO B CENTRO DI ABBRONZATURA;ACCONCIATORE,VIA SARPI FRA' PAOLO N. 22 ; (z.d. 8),VIA,SARPI FRA' PAOLO,22,7210.0,8,,,56.0,True,True,True,False,False
3512,TIPO A - REG.2003;ESECUZIONE DI TATUAGGI E PIERCING,VIA CADAMOSTO ALVISE N. 7 (z.d. 3),VIA,CADAMOSTO ALVISE,7,2152.0,3,ESTETICA,,58.0,False,True,False,False,True
3513,TIPO A - REG.2003;ESECUZIONE DI TATUAGGI E PIERCING,VLE CASSIODORO N. 12 (z.d. 8),VLE,CASSIODORO,12,6359.0,8,,,35.0,False,True,False,False,True
3514,TIPO A - REG.2003;ESECUZIONE DI TATUAGGI E PIERCING,VLE CONI ZUGNA N. 4 (z.d. 7),VLE,CONI ZUGNA,4,5110.0,7,ESTETICA A CON TATUAGGI,33.0,81.0,False,True,False,False,True
2981,TIPO A ESTETICA MANUALE,CSO COMO N. 15 2ø piano; (z.d. 9),CSO,COMO,15,1111.0,9,,,,False,True,False,False,False
2982,TIPO A ESTETICA MANUALE,CSO DI PORTA VIGENTINA N. 31 int.profumeria; (z.d. 1),CSO,DI PORTA VIGENTINA,31,4026.0,1,,,,False,True,False,False,False
2983,TIPO A ESTETICA MANUALE,CSO LODI N. 22 ; (z.d. 5),CSO,LODI,22,4068.0,5,,,11.0,False,True,False,False,False
2984,TIPO A ESTETICA MANUALE,CSO MAGENTA N. 25 primo piano; (z.d. 1),CSO,MAGENTA,25,604.0,1,,,15.0,False,True,False,False,False
2985,TIPO A ESTETICA MANUALE,CSO VENEZIA N. 14 ; (z.d. 1),CSO,VENEZIA,14,238.0,1,,,,False,True,False,False,False
2986,TIPO A ESTETICA MANUALE,FOR BUONAPARTE N. 71 ; (z.d. 1),FOR,BUONAPARTE,71,711.0,1,,,21.0,False,True,False,False,False
2987,TIPO A ESTETICA MANUALE,PLE CADORNA LUIGI N. 9 ; (z.d. 1),PLE,CADORNA LUIGI,9,601.0,1,,,,False,True,False,False,False
2988,TIPO A ESTETICA MANUALE,PZA LUIGI DI SAVOIA N. 2 con ingresso p.za duca d'aosta; (z.d. 2),PZA,LUIGI DI SAVOIA,2,2260.0,2,,,,False,True,False,False,False
2989,TIPO A ESTETICA MANUALE,SIT DELLA GUASTALLA N. 3 ; (z.d. 1),SIT,DELLA GUASTALLA,3,3015.0,1,,,,False,True,False,False,False
2990,TIPO A ESTETICA MANUALE,VIA ABAMONTI GIUSEPPE N. 2 ; (z.d. 3),VIA,ABAMONTI GIUSEPPE,2,3135.0,3,,,15.0,False,True,False,False,False
2991,TIPO A ESTETICA MANUALE,VIA BALESTRIERI DOMENICO N. 5 ; (z.d. 1),VIA,BALESTRIERI DOMENICO,5,7116.0,1,,,,False,True,False,False,False
2992,TIPO A ESTETICA MANUALE,VIA CAMINADELLA N. 7 ; (z.d. 1),VIA,CAMINADELLA,7,551.0,1,,,38.0,False,True,False,False,False
2993,TIPO A ESTETICA MANUALE,VIA DE ALESSANDRI GIOVANNI N. 7 ; (z.d. 7),VIA,DE ALESSANDRI GIOVANNI,7,6196.0,7,,,,False,True,False,False,False
2994,TIPO A ESTETICA MANUALE,VIA DEGLI OROMBELLI N. 15 ; (z.d. 3),VIA,DEGLI OROMBELLI,15,2579.0,3,,,,False,True,False,False,False
2995,TIPO A ESTETICA MANUALE,VIA DEL DON N. 3 ; (z.d. 1),VIA,DEL DON,3,596.0,1,,,18.0,False,True,False,False,False
2996,TIPO A ESTETICA MANUALE,VIA DEL TORCHIO num.0068; (z.d. 1),VIA,DEL TORCHIO,,556.0,1,,6.0,25.0,False,True,False,False,False
2998,TIPO A ESTETICA MANUALE,VIA F.LLI INDUNO N. 17 ; (z.d. 8),VIA,F.LLI INDUNO,17,7217.0,8,,,,False,True,False,False,False
2997,TIPO A ESTETICA MANUALE,VIA FILIPPINO DEGLI ORGANI N. 9 ; (z.d. 4),VIA,FILIPPINO DEGLI ORGANI,9,3162.0,4,,,15.0,False,True,False,False,False
2999,TIPO A ESTETICA MANUALE,VIA GARIGLIANO N. 5 ; (z.d. 9),VIA,GARIGLIANO,5,1134.0,9,,,16.0,False,True,False,False,False
3000,TIPO A ESTETICA MANUALE,VIA GIACOSA GIUSEPPE N. 57 ; (z.d. 2),VIA,GIACOSA GIUSEPPE,57,2310.0,2,,8.0,42.0,False,True,False,False,False
3001,TIPO A ESTETICA MANUALE,VIA GIOIA MELCHIORRE N. 77 lato via muzio; (z.d. 2),VIA,GIOIA MELCHIORRE,77,1108.0,2,,,,False,True,False,False,False
3002,TIPO A ESTETICA MANUALE,VIA GIOVIO PAOLO N. 19 ; (z.d. 7),VIA,GIOVIO PAOLO,19,6194.0,7,,,16.0,False,True,False,False,False
3003,TIPO A ESTETICA MANUALE,VIA KRAMER ANTONIO N. 13 ; (z.d. 3),VIA,KRAMER ANTONIO,13,3180.0,3,,,18.0,False,True,False,False,False
3004,TIPO A ESTETICA MANUALE,VIA MARGHERA N. 10 ; (z.d. 7),VIA,MARGHERA,10,6280.0,7,,,,False,True,False,False,False
3005,TIPO A ESTETICA MANUALE,VIA MARINETTI FILIPPO TOMMASO N. 2 ; (z.d. 2),VIA,MARINETTI FILIPPO TOMMASO,2,2223.0,2,,,22.0,False,True,False,False,False
3006,TIPO A ESTETICA MANUALE,VIA MASOLINO DA PANICALE N. 9 ; (z.d. 8),VIA,MASOLINO DA PANICALE,9,7264.0,8,,,,False,True,False,False,False
3007,TIPO A ESTETICA MANUALE,VIA MUSSI GIUSEPPE N. 12 ; (z.d. 8),VIA,MUSSI GIUSEPPE,12,7199.0,8,,,15.0,False,True,False,False,False
3008,TIPO A ESTETICA MANUALE,VIA OXILIA NINO N. 11 ; (z.d. 2),VIA,OXILIA NINO,11,2287.0,2,,,24.0,False,True,False,False,False
3009,TIPO A ESTETICA MANUALE,VIA PANTELLERIA num.008; (z.d. 8),VIA,ALDINI ANTONIO,61,7461.0,8,,,,False,True,False,False,False
3010,TIPO A ESTETICA MANUALE,VIA PETRARCA FRANCESCO N. 16 ; (z.d. 1),VIA,PETRARCA FRANCESCO,16,6182.0,1,,,16.0,False,True,False,False,False
3011,TIPO A ESTETICA MANUALE,VIA PIER LOMBARDO N. 3 ; (z.d. 4),VIA,PIER LOMBARDO,3,4073.0,4,,,40.0,False,True,False,False,False
3012,TIPO A ESTETICA MANUALE,VIA POGGIBONSI N. 14 ; (z.d. 7),VIA,POGGIBONSI,14,6601.0,7,,,,False,True,False,False,False
3013,TIPO A ESTETICA MANUALE,VIA REMBRANDT N. 56 ; (z.d. 7),VIA,REMBRANDT,56,6618.0,7,,,,False,True,False,False,False
3014,TIPO A ESTETICA MANUALE,VIA ROTTA PAOLO N. 10 ; (z.d. 9),VIA,ROTTA PAOLO,10,1587.0,9,,,,False,True,False,False,False
3015,TIPO A ESTETICA MANUALE,VIA SETTEMBRINI LUIGI N. 60 ; (z.d. 3),VIA,SETTEMBRINI LUIGI,60,2127.0,3,,,51.0,False,True,False,False,False
3016,TIPO A ESTETICA MANUALE,VIA SOLFERINO N. 11 ; (z.d. 1),VIA,SOLFERINO,11,1028.0,1,,,,False,True,False,False,False
3017,TIPO A ESTETICA MANUALE,VIA SOLFERINO N. 46 ; (z.d. 1),VIA,SOLFERINO,46,1028.0,1,,,,False,True,False,False,False
3018,TIPO A ESTETICA MANUALE,VIA SPALLANZANI LAZZARO N. 36 ; (z.d. 3),VIA,SPALLANZANI LAZZARO,36,2153.0,3,,,,False,True,False,False,False
3019,TIPO A ESTETICA MANUALE,VIA SPALLANZANI LAZZARO N. 6 primo piano; (z.d. 3),VIA,SPALLANZANI LAZZARO,6,2153.0,3,,,19.0,False,True,False,False,False
3020,TIPO A ESTETICA MANUALE,VIA TEODOSIO N. 18 ; (z.d. 3),VIA,TEODOSIO,18,2550.0,3,,,36.0,False,True,False,False,False
3021,TIPO A ESTETICA MANUALE,VIA TORINO N. 57 2^ piano; (z.d. 1),VIA,TORINO,57,543.0,1,,,32.0,False,True,False,False,False
3022,TIPO A ESTETICA MANUALE,VIA VESPRI SICILIANI N. 90 ; (z.d. 6),VIA,VESPRI SICILIANI,90,5137.0,6,,,9.0,False,True,False,False,False
3023,TIPO A ESTETICA MANUALE,VIA VITTANI GIOVANNI N. 2 ; (z.d. 8),VIA,VITTANI GIOVANNI,2,7350.0,8,,,,False,True,False,False,False
3024,TIPO A ESTETICA MANUALE,VIA WASHINGTON GIORGIO N. 76 ; (z.d. 7),VIA,WASHINGTON GIORGIO,76,6111.0,7,,,,False,True,False,False,False
3025,TIPO A ESTETICA MANUALE,VLE BLIGNY N. 58 ; (z.d. 5),VLE,BLIGNY,58,4045.0,5,,,34.0,False,True,False,False,False
3026,TIPO A ESTETICA MANUALE,VLE CONI ZUGNA N. 63 p.r. interno; (z.d. 1),VLE,CONI ZUGNA,63,5110.0,1,,,15.0,False,True,False,False,False
3027,TIPO A ESTETICA MANUALE,VLE ETIOPIA N. 7 ; (z.d. 6),VLE,ETIOPIA,7,6131.0,6,,,,False,True,False,False,False
3028,TIPO A ESTETICA MANUALE,VLE MONZA N. 87 in prof.; (z.d. 2),VLE,MONZA,87,2274.0,2,,,10.0,False,True,False,False,False
3029,TIPO A ESTETICA MANUALE,VLE PICENO N. 5 ; (z.d. 4),VLE,PICENO,5,3114.0,4,,,,False,True,False,False,False
3030,TIPO A ESTETICA MANUALE,VLE TIBALDI N. 24 ; (z.d. 5),VLE,TIBALDI,24,5234.0,5,,,,False,True,False,False,False
3031,TIPO A ESTETICA MANUALE,VLE UMBRIA N. 22 ; (z.d. 4),VLE,UMBRIA,22,3145.0,4,,,,False,True,False,False,False
3032,TIPO A ESTETICA MANUALE;ACCONCIATORE,VIA CIVITALI MATTEO N. 25 ; (z.d. 7),VIA,CIVITALI MATTEO,25,6569.0,7,,,35.0,True,True,False,False,False
3033,TIPO A ESTETICA MANUALE;PARRUCCHIERE PER SIGNORA,VIA SANTA RITA DA CASCIA N. 3 ; (z.d. 6),VIA,SANTA RITA DA CASCIA,3,5301.0,6,,,27.0,True,True,False,False,False
3034,TIPO A ESTETICA MANUALE;TIPO B CENTRO DI ABBRONZATURA,CSO SAN GOTTARDO N. 26 ; (z.d. 5),CSO,SAN GOTTARDO,26,5203.0,5,,,49.0,False,True,True,False,False
3035,TIPO A ESTETICA MANUALE;TIPO B CENTRO DI ABBRONZATURA,PZA CINCINNATO N. 4 ; (z.d. 3),PZA,CINCINNATO,4,2125.0,3,,,30.0,False,True,True,False,False
3036,TIPO A ESTETICA MANUALE;TIPO B CENTRO DI ABBRONZATURA,VIA ADIGE N. 7 ; (z.d. 5),VIA,ADIGE,7,4216.0,5,,,,False,True,True,False,False
3037,TIPO A ESTETICA MANUALE;TIPO B CENTRO DI ABBRONZATURA,VIA ANDREA E PIETRO CASCELLA N. 8 (z.d. 4),VIA,ANDREA E PIETRO CASCELLA,8,4387.0,4,,,60.0,False,True,True,False,False
3038,TIPO A ESTETICA MANUALE;TIPO B CENTRO DI ABBRONZATURA,VIA BOSCOVICH RUGGERO N. 17 ; (z.d. 2),VIA,BOSCOVICH RUGGERO,17,2131.0,2,,,,False,True,True,False,False
3039,TIPO A ESTETICA MANUALE;TIPO B CENTRO DI ABBRONZATURA,VIA CIAIA IGNAZIO N. 4 ; (z.d. 9),VIA,CIAIA IGNAZIO,4,1294.0,9,,,,False,True,True,False,False
3040,TIPO A ESTETICA MANUALE;TIPO B CENTRO DI ABBRONZATURA,VIA DEI BIANCOSPINI N. 12 (z.d. 6),VIA,DEI BIANCOSPINI,12,6711.0,6,,,59.0,False,True,True,False,False
3041,TIPO A ESTETICA MANUALE;TIPO B CENTRO DI ABBRONZATURA,VIA GALENO CLAUDIO N. 6 ; (z.d. 2),VIA,GALENO CLAUDIO,6,2447.0,2,,19.0,27.0,False,True,True,False,False
3042,TIPO A ESTETICA MANUALE;TIPO B CENTRO DI ABBRONZATURA,VIA GNOCCHI DON CARLO num.033; (z.d. 7),VLE,SAN MICHELE DEL CARSO,2,6212.0,7,,,30.0,False,True,True,False,False
3043,TIPO A ESTETICA MANUALE;TIPO B CENTRO DI ABBRONZATURA,VIA GOVONE GIUSEPPE N. 94 ; (z.d. 8),VIA,GOVONE GIUSEPPE,94,7222.0,8,,,,False,True,True,False,False
3044,TIPO A ESTETICA MANUALE;TIPO B CENTRO DI ABBRONZATURA,VIA KRAMER ANTONIO N. 23 ; (z.d. 3),VIA,KRAMER ANTONIO,23,3180.0,3,,,,False,True,True,False,False
3045,TIPO A ESTETICA MANUALE;TIPO B CENTRO DI ABBRONZATURA,VIA LAMBRATE N. 24 ; (z.d. 3),VIA,LAMBRATE,24,2421.0,3,,,33.0,False,True,True,False,False
3046,TIPO A ESTETICA MANUALE;TIPO B CENTRO DI ABBRONZATURA,VIA MAIOCCHI ACHILLE N. 15 ; (z.d. 3),VIA,MAIOCCHI ACHILLE,15,2162.0,3,,,,False,True,True,False,False
3047,TIPO A ESTETICA MANUALE;TIPO B CENTRO DI ABBRONZATURA,VIA MENOTTI CIRO N. 6 ; (z.d. 3),VIA,MENOTTI CIRO,6,3184.0,3,,,71.0,False,True,True,False,False
3048,TIPO A ESTETICA MANUALE;TIPO B CENTRO DI ABBRONZATURA,VIA OZANAM FEDERICO N. 4 primo piano; (z.d. 3),VIA,OZANAM FEDERICO,4,2143.0,3,,,116.0,False,True,True,False,False
3049,TIPO A ESTETICA MANUALE;TIPO B CENTRO DI ABBRONZATURA,VIA PACINI GIOVANNI N. 58 ; (z.d. 3),VIA,PACINI GIOVANNI,58,2571.0,3,,,,False,True,True,False,False
3050,TIPO A ESTETICA MANUALE;TIPO B CENTRO DI ABBRONZATURA,VIA PALMA JACOPO N. 9 ; (z.d. 7),VIA,PALMA JACOPO,9,6605.0,7,,,20.0,False,True,True,False,False
3051,TIPO A ESTETICA MANUALE;TIPO B CENTRO DI ABBRONZATURA,VIA PARENZO N. 8 ; (z.d. 6),VIA,PARENZO,8,5367.0,6,,,,False,True,True,False,False
3052,TIPO A ESTETICA MANUALE;TIPO B CENTRO DI ABBRONZATURA,VIA PLINIO CAIO SECONDO N. 42 ; (z.d. 3),VIA,PLINIO CAIO SECONDO,42,2144.0,3,,,33.0,False,True,True,False,False
3053,TIPO A ESTETICA MANUALE;TIPO B CENTRO DI ABBRONZATURA,VIA RUBENS PIETRO N. 13 ; (z.d. 7),VIA,RUBENS PIETRO,13,6597.0,7,,,,False,True,True,False,False
3054,TIPO A ESTETICA MANUALE;TIPO B CENTRO DI ABBRONZATURA,VIA SANGIORGIO ABBONDIO N. 2 ; (z.d. 1),VIA,SANGIORGIO ABBONDIO,2,7138.0,1,,,,False,True,True,False,False
3055,TIPO A ESTETICA MANUALE;TIPO B CENTRO DI ABBRONZATURA,VIA SCARLATTI DOMENICO N. 7 ; (z.d. 3),VIA,SCARLATTI DOMENICO,7,2136.0,3,,,19.0,False,True,True,False,False
3056,TIPO A ESTETICA MANUALE;TIPO B CENTRO DI ABBRONZATURA,VIA SEBASTIANO DEL PIOMBO N. 23 ; (z.d. 8),VIA,SEBASTIANO DEL PIOMBO,23,6397.0,8,,,85.0,False,True,True,False,False
3057,TIPO A ESTETICA MANUALE;TIPO B CENTRO DI ABBRONZATURA,VIA SLATAPER SCIPIO N. 17 ; (z.d. 2),VIA,SLATAPER SCIPIO,17,1348.0,2,,,,False,True,True,False,False
3058,TIPO A ESTETICA MANUALE;TIPO B CENTRO DI ABBRONZATURA,VIA TITO LIVIO N. 24 ; (z.d. 4),VIA,TITO LIVIO,24,4086.0,4,,,44.0,False,True,True,False,False
3060,TIPO A ESTETICA MANUALE;TIPO B CENTRO DI ABBRONZATURA,VIA VAL TROMPIA N. 11 ; (z.d. 8),VIA,VAL TROMPIA,11,7494.0,8,,,,False,True,True,False,False
3059,TIPO A ESTETICA MANUALE;TIPO B CENTRO DI ABBRONZATURA,VIA VALPARAISO N. 5 ; (z.d. 6),VIA,VALPARAISO,5,6093.0,6,,,,False,True,True,False,False
3061,TIPO A ESTETICA MANUALE;TIPO B CENTRO DI ABBRONZATURA,VIA ZANELLA GIACOMO N. 50 seminterrato; (z.d. 4),VIA,ZANELLA GIACOMO,50,3257.0,4,,,103.0,False,True,True,False,False
3062,TIPO A ESTETICA MANUALE;TIPO C TRATT.ESTETICI DIMAGRIM,CSO CONCORDIA N. 14 ; (z.d. 4),CSO,CONCORDIA,14,3116.0,4,,,,False,True,False,True,False
3063,TIPO A ESTETICA MANUALE;TIPO C TRATT.ESTETICI DIMAGRIM,PZA GRAMSCI ANTONIO N. 5 ; (z.d. 8),PZA,GRAMSCI ANTONIO,5,7205.0,8,,,,False,True,False,True,False
3064,TIPO A ESTETICA MANUALE;TIPO C TRATT.ESTETICI DIMAGRIM,PZA NAPOLI N. 2 ; (z.d. 6),PZA,NAPOLI,2,5131.0,6,,,51.0,False,True,False,True,False
3065,TIPO A ESTETICA MANUALE;TIPO C TRATT.ESTETICI DIMAGRIM,VIA BERRA DOMENICO N. 3 ; (z.d. 2),VIA,BERRA DOMENICO,3,2526.0,2,,,,False,True,False,True,False
3066,TIPO A ESTETICA MANUALE;TIPO C TRATT.ESTETICI DIMAGRIM,VIA CADORE N. 37 ; (z.d. 4),VIA,CADORE,37,3077.0,4,,,,False,True,False,True,False
3067,TIPO A ESTETICA MANUALE;TIPO C TRATT.ESTETICI DIMAGRIM,VIA FOGAZZARO ANTONIO N. 14 ; (z.d. 4),VIA,FOGAZZARO ANTONIO,14,3187.0,4,,2.0,30.0,False,True,False,True,False
3068,TIPO A ESTETICA MANUALE;TIPO C TRATT.ESTETICI DIMAGRIM,VIA GALLARATE N. 105 3^piano int.appartam.; (z.d. 8),VIA,GALLARATE,105,7420.0,8,,,36.0,False,True,False,True,False
3069,TIPO A ESTETICA MANUALE;TIPO C TRATT.ESTETICI DIMAGRIM,VIA GIOVIO PAOLO N. 4 ; (z.d. 7),VIA,GIOVIO PAOLO,4,6194.0,7,,,,False,True,False,True,False
3070,TIPO A ESTETICA MANUALE;TIPO C TRATT.ESTETICI DIMAGRIM,VIA GOVONE GIUSEPPE N. 96 ; (z.d. 8),VIA,GOVONE GIUSEPPE,96,7222.0,8,,,,False,True,False,True,False
3071,TIPO A ESTETICA MANUALE;TIPO C TRATT.ESTETICI DIMAGRIM,VIA MADDALENA N. 1 piano terreno e primo piano; (z.d. 1),VIA,MADDALENA,1,401.0,1,,,,False,True,False,True,False
3072,TIPO A ESTETICA MANUALE;TIPO C TRATT.ESTETICI DIMAGRIM,VIA MECENATE N. 10 ; (z.d. 4),VIA,MECENATE,10,3323.0,4,,,35.0,False,True,False,True,False
3073,TIPO A ESTETICA MANUALE;TIPO C TRATT.ESTETICI DIMAGRIM,VIA POLESINE N. 39 3 piano; (z.d. 4),VIA,POLESINE,39,4159.0,4,,,41.0,False,True,False,True,False
3074,TIPO A ESTETICA MANUALE;TIPO C TRATT.ESTETICI DIMAGRIM,VIA RONCHI N. 39 ; (z.d. 3),VIA,RONCHI,39,2655.0,3,,,,False,True,False,True,False
3075,TIPO A ESTETICA MANUALE;TIPO C TRATT.ESTETICI DIMAGRIM,VIA SACCONI GIUSEPPE N. 5 1ø piano; (z.d. 4),VIA,SACCONI GIUSEPPE,5,4177.0,4,,,,False,True,False,True,False
3076,TIPO A ESTETICA MANUALE;TIPO C TRATT.ESTETICI DIMAGRIM,VIA SANZIO RAFFAELLO N. 26 ; (z.d. 7),VIA,SANZIO RAFFAELLO,26,6283.0,7,,,36.0,False,True,False,True,False
3077,TIPO A ESTETICA MANUALE;TIPO C TRATT.ESTETICI DIMAGRIM,VIA SOLFERINO N. 24 ; (z.d. 1),VIA,SOLFERINO,24,1028.0,1,,,15.0,False,True,False,True,False
3078,TIPO A ESTETICA MANUALE;TIPO C TRATT.ESTETICI DIMAGRIM,VIA TEODOSIO N. 37 ; (z.d. 3),VIA,TEODOSIO,37,2550.0,3,,,,False,True,False,True,False
3079,TIPO A ESTETICA MANUALE;TIPO C TRATT.ESTETICI DIMAGRIM,VIA ZANELLA GIACOMO N. 60 ; (z.d. 4),VIA,ZANELLA GIACOMO,60,3257.0,4,,,,False,True,False,True,False
3080,TIPO A ESTETICA MANUALE;TIPO C TRATT.ESTETICI DIMAGRIM,VLE ABRUZZI N. 83 ; (z.d. 3),VLE,ABRUZZI,83,2177.0,3,,10.0,13.0,False,True,False,True,False
3081,TIPO A ESTETICA MANUALE;TIPO C TRATT.ESTETICI DIMAGRIM,VLE FAMAGOSTA N. 25 ; (z.d. 6),VLE,FAMAGOSTA,25,5353.0,6,,2.0,15.0,False,True,False,True,False
3082,TIPO A ESTETICA MANUALE;TIPO C TRATT.ESTETICI DIMAGRIM,VLE RANZONI DANIELE N. 2 con ingr. via correggio; (z.d. 7),VLE,RANZONI DANIELE,2,6297.0,7,,,,False,True,False,True,False
3083,TIPO A ESTETICA MANUALE;TIPO C TRATT.ESTETICI DIMAGRIM;TIPO B CENTRO DI ABBRONZATURA,"CSO CONCORDIA N. 14 mq,61 al p.t. + mq.37 primo pr; (z.d. 4)",CSO,CONCORDIA,14,3116.0,4,,,98.0,False,True,True,True,False
3084,TIPO A ESTETICA MANUALE;TIPO C TRATT.ESTETICI DIMAGRIM;TIPO B CENTRO DI ABBRONZATURA,LGO SCALABRINI GIOVANNI BATTISTA N. 5 ; (z.d. 6),LGO,SCALABRINI GIOVANNI BATTISTA,5,5392.0,6,,,,False,True,True,True,False
3085,TIPO A ESTETICA MANUALE;TIPO C TRATT.ESTETICI DIMAGRIM;TIPO B CENTRO DI ABBRONZATURA,VIA BERGOGNONE AMBROGIO DA FOSSANO N. 43 5ø piano; (z.d. 6),VIA,BERGOGNONE AMBROGIO DA FOSSANO,43,5130.0,6,,,16.0,False,True,True,True,False
3086,TIPO A ESTETICA MANUALE;TIPO C TRATT.ESTETICI DIMAGRIM;TIPO B CENTRO DI ABBRONZATURA,VIA BONGHI RUGGERO N. 9 ; (z.d. 5),VIA,BONGHI RUGGERO,9,5247.0,5,,,,False,True,True,True,False
3087,TIPO A ESTETICA MANUALE;TIPO C TRATT.ESTETICI DIMAGRIM;TIPO B CENTRO DI ABBRONZATURA,VIA CUSANI N. 10 piano primo; (z.d. 1),VIA,CUSANI,10,719.0,1,,7.0,54.0,False,True,True,True,False
3088,TIPO A ESTETICA MANUALE;TIPO C TRATT.ESTETICI DIMAGRIM;TIPO B CENTRO DI ABBRONZATURA,VIA DANTE ALIGHIERI N. 4 ; (z.d. 1),VIA,DANTE ALIGHIERI,4,612.0,1,,,49.0,False,True,True,True,False
3089,TIPO A ESTETICA MANUALE;TIPO C TRATT.ESTETICI DIMAGRIM;TIPO B CENTRO DI ABBRONZATURA,VIA DEI TULIPANI N. 3 ; (z.d. 6),VIA,DEI TULIPANI,3,6713.0,6,,,32.0,False,True,True,True,False
3090,TIPO A ESTETICA MANUALE;TIPO C TRATT.ESTETICI DIMAGRIM;TIPO B CENTRO DI ABBRONZATURA,VIA FERRIERI ENZO N. 12 ferrieri n.6; (z.d. 7),VIA,FERRIERI ENZO,12,6367.0,7,,,,False,True,True,True,False
3091,TIPO A ESTETICA MANUALE;TIPO C TRATT.ESTETICI DIMAGRIM;TIPO B CENTRO DI ABBRONZATURA,VIA FILZI FABIO N. 41 ; (z.d. 2),VIA,FILZI FABIO,41,1190.0,2,,,44.0,False,True,True,True,False
3092,TIPO A ESTETICA MANUALE;TIPO C TRATT.ESTETICI DIMAGRIM;TIPO B CENTRO DI ABBRONZATURA,VIA FRANCHETTI RAIMONDO N. 2 (z.d. 2),VIA,FRANCHETTI RAIMONDO,2,2115.0,2,,,56.0,False,True,True,True,False
3093,TIPO A ESTETICA MANUALE;TIPO C TRATT.ESTETICI DIMAGRIM;TIPO B CENTRO DI ABBRONZATURA,VIA FRIULI N. 77 ; (z.d. 4),VIA,FRIULI,77,3199.0,4,,,,False,True,True,True,False
3094,TIPO A ESTETICA MANUALE;TIPO C TRATT.ESTETICI DIMAGRIM;TIPO B CENTRO DI ABBRONZATURA,VIA GOVONE GIUSEPPE N. 29 p.t.; (z.d. 8),VIA,GOVONE GIUSEPPE,29,7222.0,8,,,,False,True,True,True,False
3095,TIPO A ESTETICA MANUALE;TIPO C TRATT.ESTETICI DIMAGRIM;TIPO B CENTRO DI ABBRONZATURA,VIA LORENZO DI CREDI N. 10 ; (z.d. 7),VIA,LORENZO DI CREDI,10,6547.0,7,,,89.0,False,True,True,True,False
3096,TIPO A ESTETICA MANUALE;TIPO C TRATT.ESTETICI DIMAGRIM;TIPO B CENTRO DI ABBRONZATURA,VIA LORIA MOISE' N. 76 ; (z.d. 7),VIA,LORIA MOISE',76,6100.0,7,,,,False,True,True,True,False
3097,TIPO A ESTETICA MANUALE;TIPO C TRATT.ESTETICI DIMAGRIM;TIPO B CENTRO DI ABBRONZATURA,VIA MANGIAGALLI LUIGI N. 5 ; (z.d. 3),VIA,MANGIAGALLI LUIGI,5,3202.0,3,,3.0,63.0,False,True,True,True,False
3098,TIPO A ESTETICA MANUALE;TIPO C TRATT.ESTETICI DIMAGRIM;TIPO B CENTRO DI ABBRONZATURA,VIA MARCO D'OGGIONO N. 10 ; (z.d. 1),VIA,MARCO D'OGGIONO,10,5166.0,1,,,,False,True,True,True,False
3099,TIPO A ESTETICA MANUALE;TIPO C TRATT.ESTETICI DIMAGRIM;TIPO B CENTRO DI ABBRONZATURA,VIA PADOVA N. 324 p.r.; (z.d. 2),VIA,PADOVA,324,2275.0,2,,,324.0,False,True,True,True,False
3100,TIPO A ESTETICA MANUALE;TIPO C TRATT.ESTETICI DIMAGRIM;TIPO B CENTRO DI ABBRONZATURA,VIA PILO ROSOLINO N. 3 ; (z.d. 3),VIA,PILO ROSOLINO,3,2189.0,3,,,,False,True,True,True,False
3101,TIPO A ESTETICA MANUALE;TIPO C TRATT.ESTETICI DIMAGRIM;TIPO B CENTRO DI ABBRONZATURA,VIA PLANA GIOVANNI ANTONIO N. 26 ; (z.d. 8),VIA,PLANA GIOVANNI ANTONIO,26,7177.0,8,,,54.0,False,True,True,True,False
3102,TIPO A ESTETICA MANUALE;TIPO C TRATT.ESTETICI DIMAGRIM;TIPO B CENTRO DI ABBRONZATURA,VIA SAN MARCO N. 36 ; (z.d. 1),VIA,SAN MARCO,36,1036.0,1,,,157.0,False,True,True,True,False
3103,TIPO A ESTETICA MANUALE;TIPO C TRATT.ESTETICI DIMAGRIM;TIPO B CENTRO DI ABBRONZATURA,VIA SCARPA ANTONIO N. 15 ; (z.d. 7),VIA,SCARPA ANTONIO,15,6191.0,7,,,,False,True,True,True,False
3104,TIPO A ESTETICA MANUALE;TIPO C TRATT.ESTETICI DIMAGRIM;TIPO B CENTRO DI ABBRONZATURA,VIA SOLARI ANDREA N. 12 primo piano; (z.d. 6),VIA,SOLARI ANDREA,12,5111.0,6,,,49.0,False,True,True,True,False
3105,TIPO A ESTETICA MANUALE;TIPO C TRATT.ESTETICI DIMAGRIM;TIPO B CENTRO DI ABBRONZATURA,VIA SOTTOCORNO PASQUALE N. 1 ; (z.d. 4),VIA,SOTTOCORNO PASQUALE,1,3152.0,4,,,,False,True,True,True,False
3106,TIPO A ESTETICA MANUALE;TIPO C TRATT.ESTETICI DIMAGRIM;TIPO B CENTRO DI ABBRONZATURA,VIA TAVAZZANO N. 12 ; (z.d. 8),VIA,TAVAZZANO,12,7335.0,8,,,8.0,False,True,True,True,False
3107,TIPO A ESTETICA MANUALE;TIPO C TRATT.ESTETICI DIMAGRIM;TIPO B CENTRO DI ABBRONZATURA,VIA TRAIANO MARCO ULPIO N. 11 con ingr. viale teodorico 26; (z.d. 9),VIA,TRAIANO MARCO ULPIO,11,7157.0,8,,,,False,True,True,True,False
3108,TIPO A ESTETICA MANUALE;TIPO C TRATT.ESTETICI DIMAGRIM;TIPO B CENTRO DI ABBRONZATURA,VIA VAL DI SOLE N. 22 ; (z.d. 5),VIA,VAL DI SOLE,22,4295.0,5,,,,False,True,True,True,False
3109,TIPO A ESTETICA MANUALE;TIPO C TRATT.ESTETICI DIMAGRIM;TIPO B CENTRO DI ABBRONZATURA,VIA VERITA' DON GIOVANNI N. 4 ; (z.d. 9),VIA,VERITA' DON GIOVANNI,4,1469.0,9,,,,False,True,True,True,False
3110,TIPO A ESTETICA MANUALE;TIPO C TRATT.ESTETICI DIMAGRIM;TIPO B CENTRO DI ABBRONZATURA,VIA VERRO BERNARDINO N. 7 ; (z.d. 5),VIA,VERRO BERNARDINO,7,4223.0,5,,,81.0,False,True,True,True,False
3111,TIPO A ESTETICA MANUALE;TIPO C TRATT.ESTETICI DIMAGRIM;TIPO B CENTRO DI ABBRONZATURA,VIA VIOTTI GIOVANNI BATTISTA N. 25 ; (z.d. 3),VIA,VIOTTI GIOVANNI BATTISTA,25,2581.0,3,,,,False,True,True,True,False
3112,TIPO A ESTETICA MANUALE;TIPO C TRATT.ESTETICI DIMAGRIM;TIPO B CENTRO DI ABBRONZATURA,VLE CORSICA num.057a; (z.d. 4),VLE,CORSICA,,3262.0,4,,,31.0,False,True,True,True,False
3113,TIPO A ESTETICA MANUALE;TIPO C TRATT.ESTETICI DIMAGRIM;TIPO B CENTRO DI ABBRONZATURA,VLE MONZA 2 loc al p.t.+ 1 loc. interrat num.174; (z.d. 2),VLE,ZARA,118,1170.0,2,,,112.0,False,True,True,True,False
3114,TIPO A ESTETICA MANUALE;TIPO C TRATT.ESTETICI DIMAGRIM;TIPO B CENTRO DI ABBRONZATURA,VLE ROMAGNA num.0562; (z.d. 3),VIA,PACINI GIOVANNI,22,2571.0,3,,2.0,72.0,False,True,True,True,False
3115,TIPO A ESTETICA MANUALE;TIPO D ESTET.APPAR.ELETTROMECC,CSO DI PORTA ROMANA N. 131 ; (z.d. 1),CSO,DI PORTA ROMANA,131,402.0,1,,,,False,True,False,True,False
3116,TIPO A ESTETICA MANUALE;TIPO D ESTET.APPAR.ELETTROMECC,CSO MAGENTA N. 52 interno cortile; (z.d. 1),CSO,MAGENTA,52,604.0,1,,,,False,True,False,True,False
3117,TIPO A ESTETICA MANUALE;TIPO D ESTET.APPAR.ELETTROMECC,PZA DUCA D'AOSTA N. 9 int.hotel gallia; (z.d. 2),PZA,DUCA D'AOSTA,9,1200.0,2,,,,False,True,False,True,False
3118,TIPO A ESTETICA MANUALE;TIPO D ESTET.APPAR.ELETTROMECC,VIA ARISTOTELE N. 67 ; (z.d. 2),VIA,ARISTOTELE,67,2488.0,2,,,,False,True,False,True,False
3119,TIPO A ESTETICA MANUALE;TIPO D ESTET.APPAR.ELETTROMECC,VIA BOSCOVICH RUGGERO N. 26 ; (z.d. 2),VIA,BOSCOVICH RUGGERO,26,2131.0,2,,,61.0,False,True,False,True,False
3120,TIPO A ESTETICA MANUALE;TIPO D ESTET.APPAR.ELETTROMECC,VIA LORENTEGGIO N. 157 piano rialzato; (z.d. 6),VIA,LORENTEGGIO,157,5132.0,6,,,15.0,False,True,False,True,False
3121,TIPO A ESTETICA MANUALE;TIPO D ESTET.APPAR.ELETTROMECC,VIA MORIGI N. 1 in prof.; (z.d. 1),VIA,MORIGI,1,633.0,1,,,26.0,False,True,False,True,False
3122,TIPO A ESTETICA MANUALE;TIPO D ESTET.APPAR.ELETTROMECC,VIA SETTEMBRINI LUIGI N. 18 i piano; (z.d. 3),VIA,SETTEMBRINI LUIGI,18,2127.0,3,,,,False,True,False,True,False
3123,TIPO A ESTETICA MANUALE;TIPO D ESTET.APPAR.ELETTROMECC,VIA SOLFERINO N. 12 ; (z.d. 1),VIA,SOLFERINO,12,1028.0,1,,,43.0,False,True,False,True,False
3124,TIPO A ESTETICA MANUALE;TIPO D ESTET.APPAR.ELETTROMECC,VIA VALLAZZE N. 20 ; (z.d. 3),VIA,VALLAZZE,20,2250.0,3,,,,False,True,False,True,False
3125,TIPO A ESTETICA MANUALE;TIPO D ESTET.APPAR.ELETTROMECC;TIPO B CENTRO DI ABBRONZATURA,VIA ASTESANI ALESSANDRO N. 43 ; (z.d. 9),VIA,ASTESANI ALESSANDRO,43,1558.0,9,,,,False,True,True,True,False
3126,TIPO A ESTETICA MANUALE;TIPO D ESTET.APPAR.ELETTROMECC;TIPO B CENTRO DI ABBRONZATURA,VIA PALMANOVA N. 75 ; (z.d. 2),VIA,PALMANOVA,75,2390.0,2,,,53.0,False,True,True,True,False
3127,TIPO A ESTETICA MANUALE;TIPO D ESTET.APPAR.ELETTROMECC;TIPO B CENTRO DI ABBRONZATURA,VIA RAMAZZINI BERNARDINO N. 11 ; (z.d. 3),VIA,RAMAZZINI BERNARDINO,11,2161.0,3,,,50.0,False,True,True,True,False
3128,TIPO A ESTETICA MANUALE;TIPO D ESTET.APPAR.ELETTROMECC;TIPO B CENTRO DI ABBRONZATURA,VIA TRIESTE N. 19 ; (z.d. 7),VIA,TRIESTE,19,6261.0,7,,,,False,True,True,True,False
3129,TIPO A ESTETICA MANUALE;TIPO D ESTET.APPAR.ELETTROMECC;TIPO B CENTRO DI ABBRONZATURA,VLE UMBRIA N. 50 piano rialzato; (z.d. 4),VLE,UMBRIA,50,3145.0,4,,,36.0,False,True,True,True,False
3130,TIPO A ESTETICA MANUALE;TIPO D ESTET.APPAR.ELETTROMECC;TIPO C TRATT.ESTETICI DIMAGRIM,BST DI PORTA VOLTA N. 9 ; (z.d. 1),BST,DI PORTA VOLTA,9,1066.0,1,,13.0,30.0,False,True,False,True,False
3131,TIPO A ESTETICA MANUALE;TIPO D ESTET.APPAR.ELETTROMECC;TIPO C TRATT.ESTETICI DIMAGRIM,CSO BUENOS AIRES N. 10 ; (z.d. 3),CSO,BUENOS AIRES,10,2129.0,3,,,,False,True,False,True,False
3132,TIPO A ESTETICA MANUALE;TIPO D ESTET.APPAR.ELETTROMECC;TIPO C TRATT.ESTETICI DIMAGRIM,CSO DI PORTA VIGENTINA N. 18 ; (z.d. 1),CSO,DI PORTA VIGENTINA,18,4026.0,1,,,,False,True,False,True,False
3133,TIPO A ESTETICA MANUALE;TIPO D ESTET.APPAR.ELETTROMECC;TIPO C TRATT.ESTETICI DIMAGRIM,PZA IMPERATORE TITO N. 8 ; (z.d. 4),PZA,IMPERATORE TITO,8,3216.0,4,,,58.0,False,True,False,True,False
3134,TIPO A ESTETICA MANUALE;TIPO D ESTET.APPAR.ELETTROMECC;TIPO C TRATT.ESTETICI DIMAGRIM,VIA FABRIANO N. 2 ; (z.d. 9),VIA,FABRIANO,2,1642.0,9,,,,False,True,False,True,False
3135,TIPO A ESTETICA MANUALE;TIPO D ESTET.APPAR.ELETTROMECC;TIPO C TRATT.ESTETICI DIMAGRIM,VIA FELTRE N. 1 ; (z.d. 3),VIA,FELTRE,1,2652.0,3,,,32.0,False,True,False,True,False
3136,TIPO A ESTETICA MANUALE;TIPO D ESTET.APPAR.ELETTROMECC;TIPO C TRATT.ESTETICI DIMAGRIM,VIA GALILEI GALILEO N. 6 piano 4; (z.d. 2),VIA,GALILEI GALILEO,6,1102.0,2,,,90.0,False,True,False,True,False
3137,TIPO A ESTETICA MANUALE;TIPO D ESTET.APPAR.ELETTROMECC;TIPO C TRATT.ESTETICI DIMAGRIM,VIA GIAMBELLINO N. 41 ingr.via tito vignoli; (z.d. 6),VIA,GIAMBELLINO,41,5136.0,6,,,,False,True,False,True,False
3138,TIPO A ESTETICA MANUALE;TIPO D ESTET.APPAR.ELETTROMECC;TIPO C TRATT.ESTETICI DIMAGRIM,VIA LOMAZZO PAOLO N. 45 in profumeria; (z.d. 8),VIA,LOMAZZO PAOLO,45,7079.0,8,,,,False,True,False,True,False
3139,TIPO A ESTETICA MANUALE;TIPO D ESTET.APPAR.ELETTROMECC;TIPO C TRATT.ESTETICI DIMAGRIM,VIA MAIOCCHI ACHILLE N. 8 primo piano; (z.d. 3),VIA,MAIOCCHI ACHILLE,8,2162.0,3,,,43.0,False,True,False,True,False
3140,TIPO A ESTETICA MANUALE;TIPO D ESTET.APPAR.ELETTROMECC;TIPO C TRATT.ESTETICI DIMAGRIM,VIA MAZZINI GIUSEPPE N. 20 ; (z.d. 1),VIA,MAZZINI GIUSEPPE,20,516.0,1,,,,False,True,False,True,False
3141,TIPO A ESTETICA MANUALE;TIPO D ESTET.APPAR.ELETTROMECC;TIPO C TRATT.ESTETICI DIMAGRIM,VIA PONTI ANDREA N. 1 ; (z.d. 6),VIA,PONTI ANDREA,1,5293.0,6,,,,False,True,False,True,False
3142,TIPO A ESTETICA MANUALE;TIPO D ESTET.APPAR.ELETTROMECC;TIPO C TRATT.ESTETICI DIMAGRIM,VIA RICCARDI PADRE PLACIDO N. 19 ; (z.d. 2),VIA,RICCARDI PADRE PLACIDO,19,2385.0,2,,,18.0,False,True,False,True,False
3146,TIPO A ESTETICA MANUALE;TIPO D ESTET.APPAR.ELETTROMECC;TIPO C TRATT.ESTETICI DIMAGRIM,VIA S. GIOV. SUL MURO N. 8 ; (z.d. 1),VIA,S. GIOV. SUL MURO,8,609.0,1,,,,False,True,False,True,False
3143,TIPO A ESTETICA MANUALE;TIPO D ESTET.APPAR.ELETTROMECC;TIPO C TRATT.ESTETICI DIMAGRIM,VIA SANZIO RAFFAELLO N. 36 ; (z.d. 7),VIA,SANZIO RAFFAELLO,36,6283.0,7,,,30.0,False,True,False,True,False
3144,TIPO A ESTETICA MANUALE;TIPO D ESTET.APPAR.ELETTROMECC;TIPO C TRATT.ESTETICI DIMAGRIM,VIA SEBENICO N. 3 (z.d. 9),VIA,SEBENICO,3,1131.0,9,,,26.0,False,True,False,True,False
3145,TIPO A ESTETICA MANUALE;TIPO D ESTET.APPAR.ELETTROMECC;TIPO C TRATT.ESTETICI DIMAGRIM,VIA SETTEMBRINI LUIGI N. 49 ; (z.d. 2),VIA,SETTEMBRINI LUIGI,49,2127.0,2,,,,False,True,False,True,False
3147,TIPO A ESTETICA MANUALE;TIPO D ESTET.APPAR.ELETTROMECC;TIPO C TRATT.ESTETICI DIMAGRIM,VIA TRIVULZIO ANTONIO TOLOMEO N. 30 seminterrato; (z.d. 7),VIA,TRIVULZIO ANTONIO TOLOMEO,30,6277.0,7,,,40.0,False,True,False,True,False
3148,TIPO A ESTETICA MANUALE;TIPO D ESTET.APPAR.ELETTROMECC;TIPO C TRATT.ESTETICI DIMAGRIM,VIA VICO GIAN BATTISTA num.0046; (z.d. 1),VIA,VICO GIAN BATTISTA,,6219.0,1,,,,False,True,False,True,False
3149,TIPO A ESTETICA MANUALE;TIPO D ESTET.APPAR.ELETTROMECC;TIPO C TRATT.ESTETICI DIMAGRIM,VIA VIGEVANO N. 3 ; (z.d. 6),VIA,VIGEVANO,3,5116.0,6,,,,False,True,False,True,False
3150,TIPO A ESTETICA MANUALE;TIPO D ESTET.APPAR.ELETTROMECC;TIPO C TRATT.ESTETICI DIMAGRIM,VIA VITRUVIO N. 38 i piano; (z.d. 2),VIA,VITRUVIO,38,2134.0,2,,,72.0,False,True,False,True,False
3151,TIPO A ESTETICA MANUALE;TIPO D ESTET.APPAR.ELETTROMECC;TIPO C TRATT.ESTETICI DIMAGRIM,VLE CAMPANIA N. 35 ; (z.d. 4),VLE,CAMPANIA,35,3100.0,4,,,65.0,False,True,False,True,False
3152,TIPO A ESTETICA MANUALE;TIPO D ESTET.APPAR.ELETTROMECC;TIPO C TRATT.ESTETICI DIMAGRIM,VLE UMBRIA N. 22 ; (z.d. 4),VLE,UMBRIA,22,3145.0,4,,,,False,True,False,True,False
3153,TIPO A ESTETICA MANUALE;TIPO D ESTET.APPAR.ELETTROMECC;TIPO C TRATT.ESTETICI DIMAGRIM;TIPO B CENTRO DI ABBRONZATURA,CSO VERCELLI N. 8 int. profumeria 1ø piano; (z.d. 7),CSO,VERCELLI,8,6193.0,7,,,,False,True,True,True,False
3154,TIPO A ESTETICA MANUALE;TIPO D ESTET.APPAR.ELETTROMECC;TIPO C TRATT.ESTETICI DIMAGRIM;TIPO B CENTRO DI ABBRONZATURA,PLE STAZIONE DI PORTA GENOVA N. 2 ; (z.d. 6),PLE,STAZIONE DI PORTA GENOVA,2,5120.0,6,,,,False,True,True,True,False
3155,TIPO A ESTETICA MANUALE;TIPO D ESTET.APPAR.ELETTROMECC;TIPO C TRATT.ESTETICI DIMAGRIM;TIPO B CENTRO DI ABBRONZATURA,PZA DELLA REPUBBLICA N. 1 piano terra; (z.d. 1),PZA,DELLA REPUBBLICA,1,1055.0,1,,38.0,24.0,False,True,True,True,False
3156,TIPO A ESTETICA MANUALE;TIPO D ESTET.APPAR.ELETTROMECC;TIPO C TRATT.ESTETICI DIMAGRIM;TIPO B CENTRO DI ABBRONZATURA,PZA FRATTINI PIETRO N. 19 ; (z.d. 6),PZA,FRATTINI PIETRO,19,5389.0,6,,,29.0,False,True,True,True,False
3157,TIPO A ESTETICA MANUALE;TIPO D ESTET.APPAR.ELETTROMECC;TIPO C TRATT.ESTETICI DIMAGRIM;TIPO B CENTRO DI ABBRONZATURA,PZA PEREGO GIOVANNI N. 7 ; (z.d. 8),PZA,PEREGO GIOVANNI,7,7531.0,8,,,,False,True,True,True,False
3158,TIPO A ESTETICA MANUALE;TIPO D ESTET.APPAR.ELETTROMECC;TIPO C TRATT.ESTETICI DIMAGRIM;TIPO B CENTRO DI ABBRONZATURA,VIA BRUNACCI VINCENZO N. 10 ; (z.d. 5),VIA,BRUNACCI VINCENZO,10,5241.0,5,,,15.0,False,True,True,True,False
3159,TIPO A ESTETICA MANUALE;TIPO D ESTET.APPAR.ELETTROMECC;TIPO C TRATT.ESTETICI DIMAGRIM;TIPO B CENTRO DI ABBRONZATURA,VIA DELLE FORZE ARMATE N. 234 ; (z.d. 7),VIA,DELLE FORZE ARMATE,234,6643.0,7,,,,False,True,True,True,False
3160,TIPO A ESTETICA MANUALE;TIPO D ESTET.APPAR.ELETTROMECC;TIPO C TRATT.ESTETICI DIMAGRIM;TIPO B CENTRO DI ABBRONZATURA,VIA FERABOLI ACHILLE N. 35 ; (z.d. 5),VIA,FERABOLI ACHILLE,35,5421.0,5,,,,False,True,True,True,False
3161,TIPO A ESTETICA MANUALE;TIPO D ESTET.APPAR.ELETTROMECC;TIPO C TRATT.ESTETICI DIMAGRIM;TIPO B CENTRO DI ABBRONZATURA,VIA PESTALOZZI GIOVANNI ENRICO N. 4 ; (z.d. 6),VIA,PESTALOZZI GIOVANNI ENRICO,4,5294.0,6,,,50.0,False,True,True,True,False
3162,TIPO A ESTETICA MANUALE;TIPO D ESTET.APPAR.ELETTROMECC;TIPO C TRATT.ESTETICI DIMAGRIM;TIPO B CENTRO DI ABBRONZATURA,VIA PONALE N. 48 ; (z.d. 9),VIA,PONALE,48,1616.0,9,,95.0,,False,True,True,True,False
3164,TIPO A ESTETICA MANUALE;TIPO D ESTET.APPAR.ELETTROMECC;TIPO C TRATT.ESTETICI DIMAGRIM;TIPO B CENTRO DI ABBRONZATURA,VIA S. GIOV. SUL MURO N. 14 ; (z.d. 1),VIA,S. GIOV. SUL MURO,14,609.0,1,,,,False,True,True,True,False
3163,TIPO A ESTETICA MANUALE;TIPO D ESTET.APPAR.ELETTROMECC;TIPO C TRATT.ESTETICI DIMAGRIM;TIPO B CENTRO DI ABBRONZATURA,VIA SAN MARCO N. 16 ; (z.d. 1),VIA,SAN MARCO,16,1036.0,1,,,,False,True,True,True,False
3165,TIPO A ESTETICA MANUALE;TIPO D ESTET.APPAR.ELETTROMECC;TIPO C TRATT.ESTETICI DIMAGRIM;TIPO B CENTRO DI ABBRONZATURA,VIA TERRUGGIA GIOVANNI N. 34 ; (z.d. 9),VIA,TERRUGGIA GIOVANNI,34,1533.0,9,,,,False,True,True,True,False
3166,TIPO A ESTETICA MANUALE;TIPO D ESTET.APPAR.ELETTROMECC;TIPO C TRATT.ESTETICI DIMAGRIM;TIPO B CENTRO DI ABBRONZATURA,VIA TRAU' N. 2 ; (z.d. 9),VIA,TRAU',2,1154.0,9,,,,False,True,True,True,False
3167,TIPO A ESTETICA MANUALE;TIPO D ESTET.APPAR.ELETTROMECC;TIPO C TRATT.ESTETICI DIMAGRIM;TIPO B CENTRO DI ABBRONZATURA,VLE ABRUZZI N. 92 ; (z.d. 3),VLE,ABRUZZI,92,2177.0,3,,,,False,True,True,True,False
3168,TIPO A ESTETICA MANUALE;TIPO D ESTET.APPAR.ELETTROMECC;TIPO C TRATT.ESTETICI DIMAGRIM;TIPO B CENTRO DI ABBRONZATURA,VLE ROMOLO N. 7 ; (z.d. 6),VLE,ROMOLO,7,5284.0,6,,,,False,True,True,True,False
2911,TIPO A-B-C-D,CSO DI PORTA VIGENTINA N. 26 ; (z.d. 1),CSO,DI PORTA VIGENTINA,26,4026.0,1,,,96.0,False,True,True,True,False
2912,TIPO A-B-C-D,CSO ITALIA N. 11 ; (z.d. 1),CSO,ITALIA,11,526.0,1,,24.0,84.0,False,True,True,True,False
2913,TIPO A-B-C-D,LGO TOSCANINI ARTURO N. 1 ; (z.d. 1),LGO,TOSCANINI ARTURO,1,97.0,1,,,90.0,False,True,True,True,False
2914,TIPO A-B-C-D,PLE CADORNA LUIGI N. 10 secondo piano; (z.d. 1),PLE,CADORNA LUIGI,10,601.0,1,,,,False,True,True,True,False
2915,TIPO A-B-C-D,PLE LUGANO N. 22 ; (z.d. 9),PLE,LUGANO,22,1238.0,9,,,22.0,False,True,True,True,False
2916,TIPO A-B-C-D,PZA BAZZI GIOVANNI ANTONIO N. 2 ; (z.d. 6),PZA,BAZZI GIOVANNI ANTONIO,2,6102.0,6,,,52.0,False,True,True,True,False
2917,TIPO A-B-C-D,PZA LUIGI DI SAVOIA N. 22 primo piano; (z.d. 2),PZA,LUIGI DI SAVOIA,22,2260.0,2,,,,False,True,True,True,False
2918,TIPO A-B-C-D,PZA MONTE FALTERONA N. 6 ; (z.d. 7),PZA,MONTE FALTERONA,6,6558.0,7,,,17.0,False,True,True,True,False
2919,TIPO A-B-C-D,PZA MONTI GIOSIA N. 9 ; (z.d. 7),PZA,MONTI GIOSIA,9,6332.0,7,,,9.0,False,True,True,True,False
2920,TIPO A-B-C-D,VIA ARZAGA N. 11 ; (z.d. 6),VIA,ARZAGA,11,6674.0,6,,,,False,True,True,True,False
2921,TIPO A-B-C-D,VIA BALDISSERA ANTONIO N. 4 ingr.v.stoppani 24 ang eustach; (z.d. 3),VIA,BALDISSERA ANTONIO,4,2164.0,3,,,,False,True,True,True,False
2922,TIPO A-B-C-D,VIA BONI GIACOMO N. 45 ; (z.d. 7),VIA,BONI GIACOMO,45,6098.0,7,,,,False,True,True,True,False
2923,TIPO A-B-C-D,VIA BROCCHI GIAN BATTISTA N. 19 ; (z.d. 3),VIA,BROCCHI GIAN BATTISTA,19,2562.0,3,,,41.0,False,True,True,True,False
2924,TIPO A-B-C-D,VIA CALZECCHI TEMISTOCLE N. 2 ; (z.d. 3),VIA,CALZECCHI TEMISTOCLE,2,3241.0,3,,,174.0,False,True,True,True,False
2925,TIPO A-B-C-D,VIA CARCANO FILIPPO N. 4 ; (z.d. 7),VIA,CARCANO FILIPPO,4,6389.0,7,,,69.0,False,True,True,True,False
2926,TIPO A-B-C-D,VIA CASTALDI PANFILO N. 42 ; (z.d. 3),VIA,CASTALDI PANFILO,42,2119.0,3,,,43.0,False,True,True,True,False
2927,TIPO A-B-C-D,VIA CATALANI ALFREDO N. 35 ; (z.d. 3),VIA,CATALANI ALFREDO,35,2425.0,3,,,,False,True,True,True,False
2928,TIPO A-B-C-D,VIA COSSA PIETRO N. 5 ; (z.d. 1),VIA,COSSA PIETRO,5,3066.0,1,,,109.0,False,True,True,True,False
2929,TIPO A-B-C-D,VIA DEGLI IMBRIANI N. 5 riservato ai soci; (z.d. 9),VIA,DEGLI IMBRIANI,5,1266.0,9,,,,False,True,True,True,False
2932,TIPO A-B-C-D,VIA DEL RICORDO N. 57 ; (z.d. 2),VIA,DEL RICORDO,57,2496.0,2,,,,False,True,True,True,False
2930,TIPO A-B-C-D,VIA DELLA COMMENDA N. 41 interno; (z.d. 1),VIA,DELLA COMMENDA,41,3146.0,1,,,,False,True,True,True,False
2931,TIPO A-B-C-D,VIA DELLE ASOLE N. 2 4^ piano; (z.d. 1),VIA,DELLE ASOLE,2,578.0,1,,,,False,True,True,True,False
2933,TIPO A-B-C-D,VIA FARINI CARLO N. 70 ; (z.d. 9),VIA,FARINI CARLO,70,1114.0,9,,,,False,True,True,True,False
2934,TIPO A-B-C-D,VIA FAUCHE' GIOVANNI BATTISTA N. 40 ; (z.d. 8),VIA,FAUCHE' GIOVANNI BATTISTA,40,7192.0,8,,,42.0,False,True,True,True,False
2935,TIPO A-B-C-D,VIA FEZZAN N. 9 ; (z.d. 6),VIA,FEZZAN,9,6677.0,6,,,,False,True,True,True,False
2936,TIPO A-B-C-D,VIA GAMBOLOITA N. 7 ; (z.d. 4),VIA,GAMBOLOITA,7,4160.0,4,,,,False,True,True,True,False
2937,TIPO A-B-C-D,VIA GARIGLIANO N. 4 ; (z.d. 9),VIA,GARIGLIANO,4,1134.0,9,,,,False,True,True,True,False
2938,TIPO A-B-C-D,VIA GULLI TOMMASO N. 54 ; (z.d. 7),VIA,GULLI TOMMASO,54,6634.0,7,,,,False,True,True,True,False
2939,TIPO A-B-C-D,VIA KORISTKA FRANCESCO N. 17 ; (z.d. 8),VIA,KORISTKA FRANCESCO,17,7241.0,8,,,90.0,False,True,True,True,False
2940,TIPO A-B-C-D,VIA LARIO N. 9 ; (z.d. 9),VIA,LARIO,9,1171.0,9,,,,False,True,True,True,False
2941,TIPO A-B-C-D,VIA LEOPARDI GIACOMO N. 26 ; (z.d. 1),VIA,LEOPARDI GIACOMO,26,6156.0,1,,,,False,True,True,True,False
2942,TIPO A-B-C-D,VIA LULLI GIOVANNI N. 5 ; (z.d. 3),VIA,LULLI GIOVANNI,5,2253.0,3,,,40.0,False,True,True,True,False
2943,TIPO A-B-C-D,VIA MAESTRI CAMPIONESI N. 4 ; (z.d. 4),VIA,MAESTRI CAMPIONESI,4,3197.0,4,,,,False,True,True,True,False
2944,TIPO A-B-C-D,VIA MEDA GIUSEPPE N. 35 ; (z.d. 5),VIA,MEDA GIUSEPPE,35,5242.0,5,,,,False,True,True,True,False
2945,TIPO A-B-C-D,VIA MEDEGHINO N. 3 ; (z.d. 5),VIA,MEDEGHINO,3,5335.0,5,,,31.0,False,True,True,True,False
2946,TIPO A-B-C-D,VIA MERAVIGLI al p.t.- interr.- 2øp.interr. num.01214; (z.d. 1),VIA,MERAVIGLI,,614.0,1,,,,False,True,True,True,False
2947,TIPO A-B-C-D,VIA MURAT GIOACCHINO N. 85 ; (z.d. 9),VIA,MURAT GIOACCHINO,85,1316.0,9,,,182.0,False,True,True,True,False
2948,TIPO A-B-C-D,VIA OSTIGLIA N. 10 in seminterrato; (z.d. 4),VIA,OSTIGLIA,10,3285.0,4,,,157.0,False,True,True,True,False
2949,TIPO A-B-C-D,VIA PADOVA N. 12 ; (z.d. 2),VIA,PADOVA,12,2275.0,2,,,,False,True,True,True,False
2950,TIPO A-B-C-D,VIA PAPI LAZZARO N. 9 ; (z.d. 4),VIA,PAPI LAZZARO,9,4071.0,4,,,69.0,False,True,True,True,False
2951,TIPO A-B-C-D,VIA PARRAVICINI RAFFAELE N. 18 ingr. via edolo 30; (z.d. 2),VIA,PARRAVICINI RAFFAELE,18,1176.0,2,,,,False,True,True,True,False
2952,TIPO A-B-C-D,VIA PERGOLESI GIOVANNI BATTISTA N. 22 ; (z.d. 2),VIA,PERGOLESI GIOVANNI BATTISTA,22,2231.0,2,,,51.0,False,True,True,True,False
2953,TIPO A-B-C-D,VIA PICHI MARIO N. 3 ; (z.d. 6),VIA,PICHI MARIO,3,5236.0,6,,,35.0,False,True,True,True,False
2954,TIPO A-B-C-D,VIA PIRANESI GIOVANNI BATTISTA N. 22 ; (z.d. 4),VIA,PIRANESI GIOVANNI BATTISTA,22,3263.0,4,,,,False,True,True,True,False
2955,TIPO A-B-C-D,VIA PODGORA N. 11 piano rialzato; (z.d. 1),VIA,PODGORA,11,3055.0,1,,,,False,True,True,True,False
2956,TIPO A-B-C-D,VIA PONTE NUOVO N. 8 estetista in profumeria; (z.d. 2),VIA,PONTE NUOVO,8,2494.0,2,,,15.0,False,True,True,True,False
2957,TIPO A-B-C-D,VIA QUARANTA BERNARDO N. 45 ; (z.d. 5),VIA,QUARANTA BERNARDO,45,4271.0,5,,,,False,True,True,True,False
2958,TIPO A-B-C-D,VIA QUARENGHI GIACOMO N. 40 ; (z.d. 8),VIA,QUARENGHI GIACOMO,40,7478.0,8,,,,False,True,True,True,False
2959,TIPO A-B-C-D,VIA REDI FRANCESCO N. 23 piano rialzato; (z.d. 3),VIA,REDI FRANCESCO,23,2149.0,3,,,71.0,False,True,True,True,False
2960,TIPO A-B-C-D,VIA REINACH ERNESTO N. 7 ; (z.d. 9),VIA,REINACH ERNESTO,7,1496.0,9,,3.0,43.0,False,True,True,True,False
2961,TIPO A-B-C-D,VIA SCIESA AMATORE N. 21 ; (z.d. 4),VIA,SCIESA AMATORE,21,3072.0,4,,,80.0,False,True,True,True,False
2962,TIPO A-B-C-D,VIA SENATO N. 11 interno palestra (z.d. 1),VIA,SENATO,11,236.0,1,,,30.0,False,True,True,True,False
2963,TIPO A-B-C-D,VIA SILVA GUGLIELMO N. 39 ; (z.d. 8),VIA,SILVA GUGLIELMO,39,6400.0,8,,,45.0,False,True,True,True,False
2964,TIPO A-B-C-D,VIA TEANO N. 2 ; (z.d. 9),VIA,TEANO,2,1632.0,9,,,,False,True,True,True,False
2965,TIPO A-B-C-D,VIA TRECCANI DEGLI ALFIERI GIOVANNI N. 16 ; (z.d. 5),VIA,TRECCANI DEGLI ALFIERI GIOVANNI,16,5462.0,5,,,55.0,False,True,True,True,False
2966,TIPO A-B-C-D,VLE BLIGNY N. 25 in profumeria; (z.d. 5),VLE,BLIGNY,25,4045.0,5,,,,False,True,True,True,False
2967,TIPO A-B-C-D,VLE CORSICA N. 12 ; (z.d. 4),VLE,CORSICA,12,3262.0,4,,,55.0,False,True,True,True,False
2968,TIPO A-B-C-D,VLE CORSICA N. 42 ; (z.d. 4),VLE,CORSICA,42,3262.0,4,,,,False,True,True,True,False
2969,TIPO A-B-C-D,VLE LIGURIA N. 35 ; (z.d. 6),VLE,LIGURIA,35,5264.0,6,,,,False,True,True,True,False
2970,TIPO A-B-C-D,VLE MONZA N. 112 ; (z.d. 2),VLE,MONZA,112,2274.0,2,,,,False,True,True,True,False
2971,TIPO A-B-C-D,VLE MONZA N. 208 piano primo; (z.d. 2),VLE,MONZA,208,2274.0,2,,,48.0,False,True,True,True,False
2972,TIPO A-B-C-D,VLE MONZA N. 27 palazzo a secondo piano; (z.d. 2),VLE,MONZA,27,2274.0,2,,,26.0,False,True,True,True,False
2973,TIPO A-B-C-D,VLE REGINA MARGHERITA N. 4 ; (z.d. 1),VLE,REGINA MARGHERITA,4,3059.0,1,,,,False,True,True,True,False
2974,TIPO A-B-C-D,VLE STELVIO N. 66 ; (z.d. 9),VLE,STELVIO,66,1227.0,9,,,,False,True,True,True,False
2975,TIPO A-B-C-D,VLE TIBALDI N. 20 ; (z.d. 5),VLE,TIBALDI,20,5234.0,5,,,,False,True,True,True,False
2977,TIPO A-B-C-D;ACCONCIATORE,CSO LODI N. 56 ; (z.d. 4),CSO,LODI,56,4068.0,4,,,,True,True,True,True,False
2976,TIPO A-B-C-D;ACCONCIATORE,VIA CESARE DA SESTO N. 18 (z.d. 1),VIA,CESARE DA SESTO,18,5101.0,1,,,40.0,True,True,True,True,False
2978,TIPO A-B-C-D;ESTETISTA IN PROFUMERIA,VIA VAL DI SOLE N. 22 ; (z.d. 5),VIA,VAL DI SOLE,22,4295.0,5,,,25.0,False,True,True,True,False
2979,TIPO A-B-C-D;PARRUCCHIERE MISTO,CSO MAGENTA N. 25 ; (z.d. 1),CSO,MAGENTA,25,604.0,1,,,27.0,True,True,True,True,False
2980,TIPO A-B-C-D;PARRUCCHIERE MISTO,VIA GALVANI LUIGI N. 15 p.t.+soppalco; (z.d. 9),VIA,GALVANI LUIGI,15,1179.0,9,,,,True,True,True,True,False
3833,TIPO B CENTRO DI ABBRONZATURA,CSO VENTIDUE MARZO N. 49 ; (z.d. 4),CSO,VENTIDUE MARZO,49,3074.0,4,,,,False,False,True,False,False
3834,TIPO B CENTRO DI ABBRONZATURA,CSO VERCELLI N. 20 (z.d. 7),CSO,VERCELLI,20,6193.0,7,,,101.0,False,False,True,False,False
3835,TIPO B CENTRO DI ABBRONZATURA,PLE BACONE FRANCESCO N. 12 come da allegata planimetria; (z.d. 3),PLE,BACONE FRANCESCO,12,2100.0,3,,,,False,False,True,False,False
3836,TIPO B CENTRO DI ABBRONZATURA,VIA ACERBI ENRICO N. 34 (z.d. 9),VIA,ACERBI ENRICO,34,1651.0,9,,,45.0,False,False,True,False,False
3837,TIPO B CENTRO DI ABBRONZATURA,VIA ADRIANO PUBLIO ELIO N. 100 ; (z.d. 2),VIA,ADRIANO PUBLIO ELIO,100,2410.0,2,,,,False,False,True,False,False
3838,TIPO B CENTRO DI ABBRONZATURA,VIA ALDROVANDI ULISSE N. 7 ang. via masera; (z.d. 3),VIA,ALDROVANDI ULISSE,7,2145.0,3,,,26.0,False,False,True,False,False
3839,TIPO B CENTRO DI ABBRONZATURA,VIA BARI num.011d; (z.d. 6),VIA,BARI,,5218.0,6,,,29.0,False,False,True,False,False
3840,TIPO B CENTRO DI ABBRONZATURA,VIA BERGOGNONE AMBROGIO DA FOSSANO N. 31 ingresso lato b; (z.d. 6),VIA,BERGOGNONE AMBROGIO DA FOSSANO,31,5130.0,6,,,64.0,False,False,True,False,False
3841,TIPO B CENTRO DI ABBRONZATURA,VIA BRIOSCHI FRANCESCO N. 5 ; (z.d. 5),VIA,BRIOSCHI FRANCESCO,5,5243.0,5,,,,False,False,True,False,False
3842,TIPO B CENTRO DI ABBRONZATURA,VIA BRUSUGLIO N. 73 ; (z.d. 9),VIA,BRUSUGLIO,73,1550.0,9,,,116.0,False,False,True,False,False
3843,TIPO B CENTRO DI ABBRONZATURA,VIA CANONICA LUIGI N. 59 ; (z.d. 1),VIA,CANONICA LUIGI,59,7121.0,1,,,32.0,False,False,True,False,False
3844,TIPO B CENTRO DI ABBRONZATURA,VIA CASCINA BELLARIA N. 1 ingr.via novara; (z.d. 7),VIA,CASCINA BELLARIA,1,6744.0,7,,,,False,False,True,False,False
3845,TIPO B CENTRO DI ABBRONZATURA,VIA CASORETTO N. 8 ; (z.d. 3),VIA,CASORETTO,8,2420.0,3,,,,False,False,True,False,False
3846,TIPO B CENTRO DI ABBRONZATURA,VIA CINQUE MAGGIO N. 9 ; (z.d. 8),VIA,CINQUE MAGGIO,9,7459.0,8,,,,False,False,True,False,False
3847,TIPO B CENTRO DI ABBRONZATURA,VIA EDOLO N. 44 ; (z.d. 2),VIA,EDOLO,44,1217.0,2,,,,False,False,True,False,False
3850,TIPO B CENTRO DI ABBRONZATURA,VIA F.LLI ZOIA N. 43 ingr.al pubblico via marx; (z.d. 7),VIA,F.LLI ZOIA,43,6306.0,7,solarium,,,False,False,True,False,False
3848,TIPO B CENTRO DI ABBRONZATURA,VIA FACCHINETTI CIPRIANO N. 2 ; (z.d. 4),VIA,FACCHINETTI CIPRIANO,2,3365.0,4,,,,False,False,True,False,False
3849,TIPO B CENTRO DI ABBRONZATURA,VIA FATEBENEFRATELLI N. 30 (z.d. 1),VIA,FATEBENEFRATELLI,30,144.0,1,,,50.0,False,False,True,False,False
3851,TIPO B CENTRO DI ABBRONZATURA,VIA GIOIA MELCHIORRE N. 55 (z.d. 2),VIA,GIOIA MELCHIORRE,55,1108.0,2,estetica A e solarium,,70.0,False,False,True,False,False
3852,TIPO B CENTRO DI ABBRONZATURA,VIA GOZZI GASPARE N. 4 ; (z.d. 3),VIA,GOZZI GASPARE,4,3104.0,3,,,,False,False,True,False,False
3853,TIPO B CENTRO DI ABBRONZATURA,VIA LITTA MODIGNANI ALESSANDRO N. 7 ; (z.d. 9),VIA,LITTA MODIGNANI ALESSANDRO,7,1539.0,9,,,,False,False,True,False,False
3854,TIPO B CENTRO DI ABBRONZATURA,VIA MAC MAHON N. 12 ; (z.d. 8),VIA,MAC MAHON,12,7221.0,8,,,57.0,False,False,True,False,False
3855,TIPO B CENTRO DI ABBRONZATURA,VIA MARGHERA N. 14 ; (z.d. 7),VIA,MARGHERA,14,6280.0,7,,,,False,False,True,False,False
3856,TIPO B CENTRO DI ABBRONZATURA,VIA MILLELIRE DOMENICO N. 19 ; (z.d. 7),VIA,MILLELIRE DOMENICO,19,6620.0,7,solarium,,29.0,False,False,True,False,False
3857,TIPO B CENTRO DI ABBRONZATURA,VIA NOVARA N. 15 (z.d. 7),VIA,NOVARA,15,6624.0,7,,,45.0,False,False,True,False,False
3858,TIPO B CENTRO DI ABBRONZATURA,VIA ORNATO LUIGI N. 34 ; (z.d. 9),VIA,ORNATO LUIGI,34,1591.0,9,,,,False,False,True,False,False
3859,TIPO B CENTRO DI ABBRONZATURA,VIA PARENZO N. 6 ; (z.d. 6),VIA,PARENZO,6,5367.0,6,,,,False,False,True,False,False
3860,TIPO B CENTRO DI ABBRONZATURA,VIA PIACENZA N. 4 ; (z.d. 5),VIA,PIACENZA,4,4064.0,5,solarium,,69.0,False,False,True,False,False
3861,TIPO B CENTRO DI ABBRONZATURA,VIA PIRANESI GIOVANNI BATTISTA N. 9 ; (z.d. 4),VIA,PIRANESI GIOVANNI BATTISTA,9,3263.0,4,,,65.0,False,False,True,False,False
3862,TIPO B CENTRO DI ABBRONZATURA,VIA PLINIO CAIO SECONDO N. 40 ; (z.d. 3),VIA,PLINIO CAIO SECONDO,40,2144.0,3,,,61.0,False,False,True,False,False
3863,TIPO B CENTRO DI ABBRONZATURA,VIA PONTI ETTORE N. 21 edificio b; (z.d. 6),VIA,PONTI ETTORE,21,5297.0,6,,,40.0,False,False,True,False,False
3864,TIPO B CENTRO DI ABBRONZATURA,VIA REMBRANDT N. 12 ; (z.d. 7),VIA,REMBRANDT,12,6618.0,7,,,61.0,False,False,True,False,False
3865,TIPO B CENTRO DI ABBRONZATURA,VIA RIVA DI TRENTO N. 1 ; (z.d. 4),VIA,RIVA DI TRENTO,1,4155.0,4,,,,False,False,True,False,False
3866,TIPO B CENTRO DI ABBRONZATURA,VIA ROGOREDO N. 97 ; (z.d. 4),VIA,ROGOREDO,97,4373.0,4,,,,False,False,True,False,False
3867,TIPO B CENTRO DI ABBRONZATURA,VIA RUBENS PIETRO N. 28 ; (z.d. 7),VIA,RUBENS PIETRO,28,6597.0,7,,,,False,False,True,False,False
3868,TIPO B CENTRO DI ABBRONZATURA,VIA SAN MAMETE N. 15 (z.d. 2),VIA,SAN MAMETE,15,2413.0,2,,,62.0,False,False,True,False,False
3869,TIPO B CENTRO DI ABBRONZATURA,VIA SEBENICO N. 3 ; (z.d. 9),VIA,SEBENICO,3,1131.0,9,,,71.0,False,False,True,False,False
3870,TIPO B CENTRO DI ABBRONZATURA,VIA TARTINI GIUSEPPE N. 12 ; (z.d. 9),VIA,TARTINI GIUSEPPE,12,1501.0,9,,,,False,False,True,False,False
3871,TIPO B CENTRO DI ABBRONZATURA,VIA TORRE CARLO N. 37 ; (z.d. 6),VIA,TORRE CARLO,37,5271.0,6,,,,False,False,True,False,False
3873,TIPO B CENTRO DI ABBRONZATURA,VIA VAL TROMPIA N. 43 ; (z.d. 8),VIA,VAL TROMPIA,43,7494.0,8,,,,False,False,True,False,False
3872,TIPO B CENTRO DI ABBRONZATURA,VIA VALTELLINA N. 18 ; (z.d. 9),VIA,VALTELLINA,18,1188.0,9,,,,False,False,True,False,False
3874,TIPO B CENTRO DI ABBRONZATURA,VIA VERTOIBA N. 3 ; (z.d. 4),VIA,VERTOIBA,3,3212.0,4,,,69.0,False,False,True,False,False
3875,TIPO B CENTRO DI ABBRONZATURA,VIA VIGEVANO N. 8 ; (z.d. 6),VIA,VIGEVANO,8,5116.0,6,,,126.0,False,False,True,False,False
3876,TIPO B CENTRO DI ABBRONZATURA,VIA VIPACCO N. 4 con ingresso via brunico; (z.d. 2),VIA,VIPACCO,4,2444.0,2,,,,False,False,True,False,False
3877,TIPO B CENTRO DI ABBRONZATURA,VIA VITRUVIO N. 7 ; (z.d. 3),VIA,VITRUVIO,7,2134.0,3,,,,False,False,True,False,False
3878,TIPO B CENTRO DI ABBRONZATURA,VIA WITTGENS FERNANDA N. 12 ; (z.d. 1),VIA,WITTGENS FERNANDA,12,597.0,1,,,,False,False,True,False,False
3879,TIPO B CENTRO DI ABBRONZATURA,VLE BEZZI ERGISTO N. 81 ; (z.d. 7),VLE,BEZZI ERGISTO,81,6272.0,7,,,,False,False,True,False,False
3880,TIPO B CENTRO DI ABBRONZATURA,VLE CATERINA DA FORLI' N. 36 ; (z.d. 7),VLE,CATERINA DA FORLI',36,6611.0,7,,,,False,False,True,False,False
3881,TIPO B CENTRO DI ABBRONZATURA,VLE CORSICA N. 7 ; (z.d. 4),VLE,CORSICA,7,3262.0,4,,,33.0,False,False,True,False,False
3882,TIPO B CENTRO DI ABBRONZATURA,VLE FAMAGOSTA N. 21 (z.d. 6),VLE,FAMAGOSTA,21,5353.0,6,,,,False,False,True,False,False
3883,TIPO B CENTRO DI ABBRONZATURA,VLE MONZA N. 265 ; (z.d. 2),VLE,MONZA,265,2274.0,2,,,,False,False,True,False,False
3884,TIPO B CENTRO DI ABBRONZATURA,VLE MONZA N. 8 ; (z.d. 2),VLE,MONZA,8,2274.0,2,,,,False,False,True,False,False
3885,TIPO B CENTRO DI ABBRONZATURA,VLE SARCA N. 336 ; (z.d. 9),VLE,SARCA,336,1427.0,9,,,,False,False,True,False,False
3886,TIPO B CENTRO DI ABBRONZATURA;TIPO A - REG.2003,CSO MAGENTA N. 66 ; (z.d. 1),CSO,MAGENTA,66,604.0,1,ESTETICA A E SOLARIUM,,,False,True,True,False,False
3887,TIPO B CENTRO DI ABBRONZATURA;TIPO A - REG.2003,GLL UNIONE N. 3 (z.d. 1),GLL,UNIONE,3,510.0,1,ESTETICA A B,,90.0,False,True,True,False,False
3888,TIPO B CENTRO DI ABBRONZATURA;TIPO A - REG.2003,PLE F.LLI ZAVATTARI N. 6 ; (z.d. 7),PLE,F.LLI ZAVATTARI,6,6537.0,7,,,,False,True,True,False,False
3889,TIPO B CENTRO DI ABBRONZATURA;TIPO A - REG.2003,VIA FARINI CARLO N. 39 ; (z.d. 9),VIA,FARINI CARLO,39,1114.0,9,,,49.0,False,True,True,False,False
3890,TIPO B CENTRO DI ABBRONZATURA;TIPO A - REG.2003,VIA GESSI ROMOLO N. 48 con ingresso v.fra' bartolomeo; (z.d. 6),VIA,GESSI ROMOLO,48,6121.0,6,,,,False,True,True,False,False
3891,TIPO B CENTRO DI ABBRONZATURA;TIPO A - REG.2003,VIA PIRANESI GIOVANNI BATTISTA N. 26 (z.d. 4),VIA,PIRANESI GIOVANNI BATTISTA,26,3263.0,4,SOLARIUM E ESTETICA DI TIPO A,4.0,60.0,False,True,True,False,False
3892,TIPO B CENTRO DI ABBRONZATURA;TIPO A - REG.2003,VIA SATTA SEBASTIANO N. 20 (z.d. 8),VIA,SATTA SEBASTIANO,20,7352.0,8,ESTETICA TIPO A - B,34.0,37.0,False,True,True,False,False
3893,TIPO B CENTRO DI ABBRONZATURA;TIPO A - REG.2003,VIA SPALLANZANI LAZZARO N. 15 (z.d. 3),VIA,SPALLANZANI LAZZARO,15,2153.0,3,estetica A e solarium,,,False,True,True,False,False
3894,TIPO B CENTRO DI ABBRONZATURA;TIPO A - REG.2003,VLE MONTE NERO N. 60 ; (z.d. 4),VLE,MONTE NERO,60,3062.0,4,,30.0,40.0,False,True,True,False,False
3895,TIPO C TRATT.ESTETICI DIMAGRIM,VIA CERADINI GIULIO N. 24 ; (z.d. 3),VIA,CERADINI GIULIO,24,3109.0,3,,,26.0,False,False,False,True,False
3896,TIPO C TRATT.ESTETICI DIMAGRIM,VIA DURER ALBERTO N. 4 primo piano; (z.d. 7),VIA,DURER ALBERTO,4,6602.0,7,,,43.0,False,False,False,True,False
3897,TIPO C TRATT.ESTETICI DIMAGRIM,VIA ZURETTI GIANFRANCO N. 31 al secondo piano scala a; (z.d. 2),VIA,ZURETTI GIANFRANCO,31,1216.0,2,,,,False,False,False,True,False
3898,TIPO C TRATT.ESTETICI DIMAGRIM;TIPO B CENTRO DI ABBRONZATURA,VIA CASARSA N. 9 ; (z.d. 9),VIA,CASARSA,9,1577.0,9,,,,False,False,True,True,False
3899,TIPO C TRATT.ESTETICI DIMAGRIM;TIPO B CENTRO DI ABBRONZATURA,VIA CENISIO N. 16 ; (z.d. 8),VIA,CENISIO,16,7184.0,8,,,,False,False,True,True,False
3900,TIPO C TRATT.ESTETICI DIMAGRIM;TIPO B CENTRO DI ABBRONZATURA,VIA DEGLI IMBRIANI N. 35 ; (z.d. 9),VIA,DEGLI IMBRIANI,35,1266.0,9,,,,False,False,True,True,False
3901,TIPO C TRATT.ESTETICI DIMAGRIM;TIPO B CENTRO DI ABBRONZATURA,VIA POMA CARLO N. 58 ; (z.d. 4),VIA,POMA CARLO,58,3090.0,4,,,,False,False,True,True,False
3902,TIPO D ESTET.APPAR.ELETTROMECC,VIA VARESE N. 4 ; (z.d. 1),VIA,VARESE,4,1031.0,1,,,,False,False,False,True,False
3903,TIPO D ESTET.APPAR.ELETTROMECC,VIA WASHINGTON GIORGIO N. 52 ; (z.d. 7),VIA,WASHINGTON GIORGIO,52,6111.0,7,,,,False,False,False,True,False
3904,TIPO D ESTET.APPAR.ELETTROMECC;TIPO C TRATT.ESTETICI DIMAGRIM,VIA SARPI FRA' PAOLO N. 1 con ingr.da v.le montello 4/6; (z.d. 1),VIA,SARPI FRA' PAOLO,1,7210.0,1,,,,False,False,False,True,False
3905,TIPO D ESTET.APPAR.ELETTROMECC;TIPO C TRATT.ESTETICI DIMAGRIM;TIPO B CENTRO DI ABBRONZATURA,CSO DI PORTA TICINESE N. 4 ; (z.d. 1),CSO,DI PORTA TICINESE,4,541.0,1,,,65.0,False,False,True,True,False
3906,TIPO D ESTET.APPAR.ELETTROMECC;TIPO C TRATT.ESTETICI DIMAGRIM;TIPO B CENTRO DI ABBRONZATURA,VIA CANDOGLIA N. 2 ; (z.d. 9),VIA,CANDOGLIA,2,1518.0,9,,,,False,False,True,True,False
3907,TIPO D ESTET.APPAR.ELETTROMECC;TIPO C TRATT.ESTETICI DIMAGRIM;TIPO B CENTRO DI ABBRONZATURA,VIA NIRONE num.002a; (z.d. 1),VIA,NIRONE,,640.0,1,,,,False,False,True,True,False
3908,TRUCCATORE,VIA MADONNINA N. 15 ; (z.d. 1),VIA,MADONNINA,15,134.0,1,,,85.0,False,True,False,False,False
1090,ESECUZIONE DI TATUAGGI E PIERCING,VIA ALBERTINELLI MARIOTTO N. 7 (z.d. 7),VIA,ALBERTINELLI MARIOTTO,7,6561.0,7,ESECUZIONE DI TATUAGGI E PIERCING,,67.0,False,False,False,False,True
1091,ESECUZIONE DI TATUAGGI E PIERCING,VIA BARACCHINI FLAVIO N. 9 (z.d. 1),VIA,BARACCHINI FLAVIO,9,356.0,1,TATUAGGIO,,,False,False,False,False,True
1092,ESECUZIONE DI TATUAGGI E PIERCING,VIA BATTAGLIA NATALE N. 6 (z.d. 2),VIA,BATTAGLIA NATALE,6,2268.0,2,,,30.0,False,False,False,False,True
1093,ESECUZIONE DI TATUAGGI E PIERCING,VIA BROGGI GIUSEPPE N. 5 (z.d. 3),VIA,BROGGI GIUSEPPE,5,2150.0,3,,,15.0,False,False,False,False,True
1094,ESECUZIONE DI TATUAGGI E PIERCING,VIA CREMA N. 4 (z.d. 5),VIA,CREMA,4,4061.0,5,ESECUZIONE DI TATUAGGI E PIERCING,,30.0,False,False,False,False,True
1095,ESECUZIONE DI TATUAGGI E PIERCING,VIA DELLE FORZE ARMATE N. 105 (z.d. 7),VIA,DELLE FORZE ARMATE,105,6643.0,7,tatuaggi e piercing,,,False,False,False,False,True
1096,ESECUZIONE DI TATUAGGI E PIERCING,VIA ILLIRICO N. 11 (z.d. 3),VIA,ILLIRICO,11,3245.0,3,ESECUZIONE DI TATUAGGI E PIERCING,,88.0,False,False,False,False,True
1097,ESECUZIONE DI TATUAGGI E PIERCING,VIA LECCO N. 5 (z.d. 3),VIA,LECCO,5,2110.0,3,ESECUZIONE DI TATUAGGI E PIERCING,,40.0,False,False,False,False,True
1098,ESECUZIONE DI TATUAGGI E PIERCING,VIA LODOVICO IL MORO N. 179 (z.d. 6),VIA,LODOVICO IL MORO,179,5290.0,6,TATUAGGIO E PIERCING,3.0,58.0,False,False,False,False,True
1099,ESECUZIONE DI TATUAGGI E PIERCING,VIA MILLELIRE DOMENICO N. 12 (z.d. 7),VIA,MILLELIRE DOMENICO,12,6620.0,7,ESECUZIONE DI TATUAGGI E PIERCING,,39.0,False,False,False,False,True
1100,ESECUZIONE DI TATUAGGI E PIERCING,VIA PARUTA PAOLO N. 66 (z.d. 2),VIA,PARUTA PAOLO,66,2363.0,2,TATUAGGI E PIERCING,,,False,False,False,False,True
1101,ESECUZIONE DI TATUAGGI E PIERCING,VIA POLLAIUOLO ANTONIO N. 2 (z.d. 9),VIA,POLLAIUOLO ANTONIO,2,1146.0,9,ESECUZIONE DI TATUAGGI,,29.0,False,False,False,False,True
1102,ESECUZIONE DI TATUAGGI E PIERCING,VIA RAVIZZA CARLO N. 8 (z.d. 7),VIA,RAVIZZA CARLO,8,6285.0,7,TATUAGGI E PIERCING,,,False,False,False,False,True
1103,ESECUZIONE DI TATUAGGI E PIERCING,VIA SERCOGNANI GIUSEPPE N. 2 (z.d. 8),VIA,SERCOGNANI GIUSEPPE,2,7281.0,8,TATUAGGI E PIERCING,,,False,False,False,False,True
1104,ESECUZIONE DI TATUAGGI E PIERCING,VIA VIGEVANO N. 7 (z.d. 6),VIA,VIGEVANO,7,5116.0,6,TATUAGGI E PIERCING,,,False,False,False,False,True
1105,ESECUZIONE DI TATUAGGI E PIERCING,VLE BRIANZA N. 19 (z.d. 3),VLE,BRIANZA,19,2263.0,3,ESECUZIONE DI TATUAGGI,,59.0,False,False,False,False,True
0,,LGO DEI GELSOMINI N. 10 (z.d. 6),LGO,DEI GELSOMINI,10,5394.0,6,,,55.0,False,False,False,False,False
1,,PZA FIDIA N. 3 (z.d. 9),PZA,FIDIA,3,1144.0,9,CENTRO MASSAGGI RILASSANTI NON ESTETICI,2.0,28.0,False,False,False,False,False
2,,VIA ADIGE N. 10 (z.d. 5),VIA,ADIGE,10,4216.0,5,CENTRO BENESSERE,2.0,27.0,False,False,False,False,False
3,,VIA BARACCHINI FLAVIO N. 9 (z.d. 1),VIA,BARACCHINI FLAVIO,9,356.0,1,TRUCCO SEMIPERMANENTE,,,False,False,False,False,False
4,,VIA BERGAMO N. 12 (z.d. 4),VIA,BERGAMO,12,3189.0,4,,,50.0,False,False,False,False,False
5,,VIA BOTTEGO VITTORIO N. 13 (z.d. 2),VIA,BOTTEGO VITTORIO,13,2521.0,2,CENTRO BENESSERE,5.0,90.0,False,False,False,False,False
6,,VIA BRIOSCHI FRANCESCO N. 39 (z.d. 5),VIA,BRIOSCHI FRANCESCO,39,5243.0,5,,,123.0,False,False,False,False,False
7,,VIA CUCCHIARI DOMENICO N. 25 (z.d. 8),VIA,CUCCHIARI DOMENICO,25,7224.0,8,CENTRO MASSAGGI RILASSANTI NON ESTETICI,50.0,176.0,False,False,False,False,False
8,,VIA JAN GIORGIO N. 6 (z.d. 3),VIA,JAN GIORGIO,6,2154.0,3,ESTETICA TIPO A,26.0,35.0,False,False,False,False,False
9,,VIA LEGNONE N. 20 (z.d. 9),VIA,LEGNONE,20,1298.0,9,,,45.0,False,False,False,False,False
10,,VIA MELLONI MACEDONIO N. 30 (z.d. 4),VIA,MELLONI MACEDONIO,30,3085.0,4,CENTRO MASSAGGI RILASSANTI NON ESTETICI,29.0,20.0,False,False,False,False,False
11,,VIA NEGROLI N. 2 (z.d. 4),VIA,NEGROLI,2,3279.0,4,CENTRO MASSAGGI,11.0,33.0,False,False,False,False,False
12,,VIA PALMANOVA N. 67 (z.d. 2),VIA,PALMANOVA,67,2390.0,2,,,50.0,False,False,False,False,False
13,,VIA POLLAIUOLO ANTONIO N. 16 ; (z.d. 9),VIA,POLLAIUOLO ANTONIO,16,1146.0,9,,,100.0,False,False,False,False,False
14,,VIA PORPORA NICOLA ANTONIO N. 111 (z.d. 3),VIA,PORPORA NICOLA ANTONIO,111,2229.0,3,CENTRO MASSAGGI RILASSANTI NON ESTETICI,14.0,19.0,False,False,False,False,False
15,,VIA PROCACCINI GIULIO CESARE N. 36 (z.d. 8),VIA,PROCACCINI GIULIO CESARE,36,7204.0,8,,,85.0,False,False,False,False,False
16,,VIA ROSSI PELLEGRINO N. 83 (z.d. 9),VIA,ROSSI PELLEGRINO,83,1510.0,9,CENTRO MASSAGGI,,,False,False,False,False,False
17,,VIA SANT' ANATALONE N. 5 ; (z.d. 6),VIA,SANT' ANATALONE,5,6587.0,6,,,,False,False,False,False,False
18,,VIA SARPI FRA' PAOLO N. 22 ; (z.d. 8),VIA,SARPI FRA' PAOLO,22,7210.0,8,,,56.0,False,False,False,False,False
19,,VIA SETTALA LODOVICO N. 20 (z.d. 3),VIA,SETTALA LODOVICO,20,2111.0,3,,,40.0,False,False,False,False,False
20,,VIA STRAMBIO GAETANO N. 23 estetista in appartamento; (z.d. 3),VIA,STRAMBIO GAETANO,23,3168.0,3,,,36.0,False,False,False,False,False
21,,VIA TENCA CARLO N. 10 (z.d. 2),VIA,TENCA CARLO,10,2118.0,2,TATUAGGI E PIERCING,52.0,47.0,False,False,False,False,False
22,,VIA TOSELLI PIETRO N. 1 (z.d. 2),VIA,TOSELLI PIETRO,1,2360.0,2,,,45.0,False,False,False,False,False
23,,VIA VERITA' DON GIOVANNI N. 4 (z.d. 9),VIA,VERITA' DON GIOVANNI,4,1469.0,9,,,,False,False,False,False,False
24,,VIA WATT GIACOMO N. 5 (z.d. 6),VIA,WATT GIACOMO,5,5292.0,6,CENTRO MASSAGGI RILASSANTI NON ESTETICI,,,False,False,False,False,False
25,,VLE BLIGNY N. 23 (z.d. 5),VLE,BLIGNY,23,4045.0,5,SERVIZI DI CENTRI PER IL BENESSERE FISICO,,149.0,False,False,False,False,False
26,,VLE CORSICA N. 91 (z.d. 4),VLE,CORSICA,91,3262.0,4,,,45.0,False,False,False,False,False
27,,VLE SABOTINO N. 5 (z.d. 5),VLE,SABOTINO,5,4046.0,5,,,51.0,False,False,False,False,False
28,,VLE SABOTINO N. 8 (z.d. 5),VLE,SABOTINO,8,4046.0,5,ESTETICA A,,46.0,False,False,False,False,False
29,,VLE SUZZANI GIOVANNI N. 19 (z.d. 9),VLE,SUZZANI GIOVANNI,19,1446.0,9,,,66.0,False,False,False,False,False
30,,VLE TUNISIA N. 38 (z.d. 2),VLE,TUNISIA,38,2121.0,2,acconciatore,3.0,32.0,False,False,False,False,False
