,Tipo via,Via,Civico,Codice via,Municipio,Attivita Primaria,Superficie altri usi,Superficie lavorativa,ACCONCIATORE,ESTETISTA,CENTRO ABBRONZATURA,TRATTAMENTO,TATUAGGI E PIERCING
208,ALZ,NAVIGLIO PAVESE,52,5161.0,6,ACCONCIATORE,2.0,12.0,True,False,False,False,False
209,BST,DI PORTA VOLTA,13,1066.0,1,ACCONCIATORE,0.0,30.0,True,False,False,False,False
211,CSO,BUENOS AIRES,64,2129.0,3,ACCONCIATORE,0.0,57.0,True,False,False,False,False
212,CSO,COLOMBO CRISTOFORO,8,5114.0,6,ACCONCIATORE,0.0,41.0,True,False,False,False,False
213,CSO,COLOMBO CRISTOFORO,9,5114.0,6,ACCONCIATORE,0.0,25.0,True,False,False,False,False
214,CSO,DI PORTA NUOVA,34,1044.0,1,ACCONCIATORE,16.0,38.0,True,False,False,False,False
215,CSO,DI PORTA ROMANA,117,402.0,1,ACCONCIATORE,0.0,30.0,True,False,False,False,False
216,CSO,DI PORTA ROMANA,40,402.0,1,ACCONCIATORE,0.0,30.0,True,False,False,False,False
217,CSO,DI PORTA ROMANA,79,402.0,1,ACCONCIATORE,0.0,30.0,True,False,False,False,False
218,CSO,DI PORTA ROMANA,96,402.0,1,ACCONCIATORE,0.0,68.0,True,False,False,False,False
219,CSO,DI PORTA VIGENTINA,40,4026.0,1,ACCONCIATORE,0.0,50.0,True,False,False,False,False
220,CSO,DI PORTA VITTORIA,32,3016.0,1,ACCONCIATORE,0.0,49.0,True,False,False,False,False
222,CSO,GARIBALDI GIUSEPPE,79,1010.0,1,ACCONCIATORE,46.0,78.0,True,False,False,False,False
223,CSO,GARIBALDI GIUSEPPE,81,1010.0,1,ACCONCIATORE,0.0,30.0,True,False,False,False,False
226,CSO,LODI,93/1,4068.0,4,ACCONCIATORE,0.0,30.0,True,False,False,False,False
227,CSO,MAGENTA,87,604.0,1,ACCONCIATORE,8.0,26.0,True,False,False,False,False
228,CSO,MONFORTE,16,348.0,1,ACCONCIATORE,0.0,25.0,True,False,False,False,False
229,CSO,VENEZIA,8,238.0,1,ACCONCIATORE,14.0,81.0,True,False,False,False,False
230,CSO,VENTIDUE MARZO,25,3074.0,4,ACCONCIATORE,0.0,30.0,True,False,False,False,False
231,CSO,VENTIDUE MARZO,5,3074.0,4,ACCONCIATORE,0.0,30.0,True,False,False,False,False
233,CSO,VITTORIO EMANUELE II,24,214.0,1,ACCONCIATORE,0.0,42.0,True,False,False,False,False
234,CSO,VITTORIO EMANUELE II,30,214.0,1,ACCONCIATORE,0.0,40.0,True,False,False,False,False
235,FOR,BUONAPARTE,55,711.0,1,ACCONCIATORE,0.0,30.0,True,False,False,False,False
236,FOR,BUONAPARTE,63,711.0,1,ACCONCIATORE,0.0,45.0,True,False,False,False,False
237,LGO,DEI GELSOMINI,6,5394.0,6,ACCONCIATORE,5.0,15.0,True,False,False,False,False
238,LGO,DELLA CROCETTA,2,654.0,1,ACCONCIATORE,0.0,30.0,True,False,False,False,False
239,LGO,MURANI ORESTE,2,3234.0,3,ACCONCIATORE,0.0,30.0,True,False,False,False,False
241,LGO,TOSCANINI ARTURO,1,97.0,1,ACCONCIATORE,0.0,55.0,True,False,False,False,False
242,LGO,VULCI,5,1339.0,9,ACCONCIATORE,0.0,28.0,True,False,False,False,False
244,PLE,BAIAMONTI ANTONIO,1,7235.0,8,ACCONCIATORE,0.0,30.0,True,False,False,False,False
245,PLE,CUOCO VINCENZO,5,3163.0,4,ACCONCIATORE,0.0,70.0,True,False,False,False,False
247,PLE,GAMBARA VERONICA,5,6593.0,7,ACCONCIATORE,0.0,30.0,True,False,False,False,False
250,PLE,MARTESANA,4,2707.0,2,ACCONCIATORE,0.0,30.0,True,False,False,False,False
251,PLE,NIGRA COSTANTINO,6,1236.0,9,ACCONCIATORE,0.0,45.0,True,False,False,False,False
252,PLE,SIENA,8,6616.0,7,ACCONCIATORE,10.0,24.0,True,False,False,False,False
253,PZA,ARGENTINA,4,2233.0,3,ACCONCIATORE,0.0,33.0,True,False,False,False,False
254,PZA,ASPROMONTE,35,2246.0,3,ACCONCIATORE,0.0,49.0,True,False,False,False,False
255,PZA,CAIAZZO,2,2259.0,3,ACCONCIATORE,0.0,32.0,True,False,False,False,False
257,PZA,DEI VOLONTARI,3,7143.0,1,ACCONCIATORE,0.0,53.0,True,False,False,False,False
258,PZA,DELLA TRIVULZIANA,1,1765.0,9,ACCONCIATORE,0.0,30.0,True,False,False,False,False
259,PZA,DERGANO,2,1500.0,9,ACCONCIATORE,0.0,30.0,True,False,False,False,False
260,PZA,DERGANO,9,1500.0,9,ACCONCIATORE,0.0,63.0,True,False,False,False,False
261,PZA,GUARDI FRANCESCO,4,3312.0,3,ACCONCIATORE,0.0,30.0,True,False,False,False,False
262,PZA,IMPERATORE TITO,8,3216.0,4,ACCONCIATORE,0.0,25.0,True,False,False,False,False
263,PZA,INSUBRIA,10,3221.0,4,ACCONCIATORE,0.0,42.0,True,False,False,False,False
264,PZA,MIANI GUGLIELMO,5,5308.0,6,ACCONCIATORE,0.0,30.0,True,False,False,False,False
265,PZA,MONTE FALTERONA,3,6558.0,7,ACCONCIATORE,0.0,52.0,True,False,False,False,False
266,PZA,NAPOLI,19,5131.0,6,ACCONCIATORE,0.0,25.0,True,False,False,False,False
269,PZA,SAN GIUSEPPE,9,1442.0,9,ACCONCIATORE,0.0,40.0,True,False,False,False,False
270,PZA,SAN LUIGI,5,4145.0,4,ACCONCIATORE,0.0,70.0,True,False,False,False,False
271,PZA,SCOLARI ROSA,1,6579.0,8,ACCONCIATORE,0.0,20.0,True,False,False,False,False
272,PZA,SIGMUND FREUD,1,1705.0,9,ACCONCIATORE,0.0,30.0,True,False,False,False,False
273,PZA,VIGILI DEL FUOCO,8,2710.0,3,ACCONCIATORE,0.0,30.0,True,False,False,False,False
274,VIA,AGNELLO,18,209.0,1,ACCONCIATORE,0.0,100.0,True,False,False,False,False
275,VIA,ALBANI FRANCESCO,63,6399.0,8,ACCONCIATORE,3.0,33.0,True,False,False,False,False
276,VIA,ALBERTO DA GIUSSANO,1,6188.0,7,ACCONCIATORE,5.0,26.0,True,False,False,False,False
278,VIA,ALDINI ANTONIO,47,7461.0,8,ACCONCIATORE,0.0,26.0,True,False,False,False,False
280,VIA,ALTAMURA SAVERIO,7,6576.0,5,ACCONCIATORE,0.0,30.0,True,False,False,False,False
281,VIA,AMADEO GIAN ANTONIO,24,3228.0,3,ACCONCIATORE,0.0,30.0,True,False,False,False,False
282,VIA,AMEDEI,3,529.0,1,ACCONCIATORE,0.0,53.0,True,False,False,False,False
284,VIA,ANGUISSOLA SOFONISBA,31,6609.0,7,ACCONCIATORE,0.0,31.0,True,False,False,False,False
285,VIA,ANTONELLO DA MESSINA,22,6594.0,7,ACCONCIATORE,7.0,25.0,True,False,False,False,False
287,VIA,ARBE,33,1352.0,2,ACCONCIATORE,0.0,30.0,True,False,False,False,False
288,VIA,ARESE FRANCESCO,20,1186.0,9,ACCONCIATORE,0.0,30.0,True,False,False,False,False
289,VIA,ARGELATI FILIPPO,1,5152.0,6,ACCONCIATORE,0.0,30.0,True,False,False,False,False
290,VIA,ARIMONDI GIUSEPPE,11,7179.0,8,ACCONCIATORE,0.0,30.0,True,False,False,False,False
291,VIA,ARIOSTO LODOVICO,27,6184.0,1,ACCONCIATORE,0.0,51.0,True,False,False,False,False
293,VIA,ASELLI GASPARE,20,3167.0,3,ACCONCIATORE,0.0,30.0,True,False,False,False,False
294,VIA,ASELLI GASPARE,26,3167.0,3,ACCONCIATORE,0.0,30.0,True,False,False,False,False
295,VIA,ASELLI GASPARE,5,3167.0,3,ACCONCIATORE,0.0,30.0,True,False,False,False,False
296,VIA,BAINSIZZA,2,5213.0,5,ACCONCIATORE,0.0,30.0,True,False,False,False,False
297,VIA,BARONI COSTANTINO,242,5422.0,5,ACCONCIATORE,0.0,30.0,True,False,False,False,False
298,VIA,BARRILI  ANTON GIULIO,24,5324.0,5,ACCONCIATORE,1.0,21.0,True,False,False,False,False
299,VIA,BATTISTI CESARE,21,3019.0,1,ACCONCIATORE,0.0,30.0,True,False,False,False,False
300,VIA,BECCARIA CESARE,5,307.0,1,ACCONCIATORE,1.0,22.0,True,False,False,False,False
302,VIA,BELLINI GENTILE,10,5387.0,6,ACCONCIATORE,0.0,30.0,True,False,False,False,False
303,VIA,BERGOGNONE AMBROGIO DA FOSSANO,31,5130.0,6,ACCONCIATORE,0.0,30.0,True,False,False,False,False
304,VIA,BERRA DOMENICO,3,2526.0,2,ACCONCIATORE,0.0,26.0,True,False,False,False,False
305,VIA,BERTOLAZZI CARLO,20,2662.0,3,ACCONCIATORE,0.0,30.0,True,False,False,False,False
306,VIA,BESSARIONE,42,4152.0,4,ACCONCIATORE,0.0,52.0,True,False,False,False,False
307,VIA,BETTI UGO,46D,7517.0,8,ACCONCIATORE,6.0,33.0,True,False,False,False,False
309,VIA,BIANCHI MOSE',11,6385.0,7,ACCONCIATORE,0.0,28.0,True,False,False,False,False
310,VIA,BIELLA,20,5305.0,6,ACCONCIATORE,0.0,39.0,True,False,False,False,False
311,VIA,BIGLI,28,224.0,1,ACCONCIATORE,0.0,36.0,True,False,False,False,False
313,VIA,BIUMI PAOLO GEROLAMO,18,2465.0,2,ACCONCIATORE,5.0,28.0,True,False,False,False,False
315,VIA,BOIARDO MATTEO MARIA,22,2323.0,2,ACCONCIATORE,0.0,29.0,True,False,False,False,False
316,VIA,BOIFAVA PIETRO,80,5341.0,5,ACCONCIATORE,2.0,23.0,True,False,False,False,False
318,VIA,BOLZANO,6,2312.0,2,ACCONCIATORE,10.0,20.0,True,False,False,False,False
319,VIA,FERMIGNANO,NOT-AVAILABLE,1607.0,9,ACCONCIATORE,0.0,30.0,True,False,False,False,False
320,VIA,BRIZI EUGENIO,1,4186.0,4,ACCONCIATORE,0.0,14.0,True,False,False,False,False
321,VIA,BRUNO CASSINARI,1,4386.0,4,ACCONCIATORE,0.0,55.0,True,False,False,False,False
322,VIA,BRUSUGLIO,67,1550.0,9,ACCONCIATORE,0.0,55.0,True,False,False,False,False
323,VIA,CABELLA BARTOLOMEO,21,6778.0,7,ACCONCIATORE,16.0,24.0,True,False,False,False,False
324,VIA,CADORE,21,3077.0,4,ACCONCIATORE,0.0,62.0,True,False,False,False,False
325,VIA,CADORE,39,3077.0,4,ACCONCIATORE,0.0,30.0,True,False,False,False,False
326,VIA,CALIFORNIA,2,6101.0,7,ACCONCIATORE,0.0,65.0,True,False,False,False,False
328,VIA,CALVI PIETRO,NOT-AVAILABLE,3083.0,4,ACCONCIATORE,5.0,193.0,True,False,False,False,False
329,VIA,CAMPERIO MANFREDO,17,610.0,1,ACCONCIATORE,0.0,50.0,True,False,False,False,False
330,VIA,CANDIANI GIUSEPPE,98,1242.0,9,ACCONCIATORE,0.0,30.0,True,False,False,False,False
331,VIA,CANONICA LUIGI,59,7121.0,1,ACCONCIATORE,2.0,48.0,True,False,False,False,False
332,VIA,CANOVA ANTONIO,1,7238.0,1,ACCONCIATORE,0.0,65.0,True,False,False,False,False
333,VIA,CAPECELATRO ALFONSO,14,6575.0,7,ACCONCIATORE,0.0,36.0,True,False,False,False,False
334,VIA,CAPRI,21,6761.0,7,ACCONCIATORE,0.0,30.0,True,False,False,False,False
335,VIA,CAPSONI SIRO,11,1652.0,9,ACCONCIATORE,0.0,30.0,True,False,False,False,False
337,VIA,CARDUCCI GIOSUE',12,602.0,1,ACCONCIATORE,0.0,46.0,True,False,False,False,False
338,VIA,CARLI GIAN RINALDO,39,1563.0,9,ACCONCIATORE,2.0,18.0,True,False,False,False,False
339,VIA,CARNEVALI ANTONIO,11,1268.0,9,ACCONCIATORE,0.0,30.0,True,False,False,False,False
340,VIA,CAROZZI GIUSEPPE,18,6661.0,6,ACCONCIATORE,2.0,35.0,True,False,False,False,False
341,VIA,CASATI FELICE,25,2122.0,2,ACCONCIATORE,0.0,48.0,True,False,False,False,False
342,VIA,CASELLA GIOVANNI BATTISTA,37,7382.0,8,ACCONCIATORE,0.0,40.0,True,False,False,False,False
343,VIA,CASORETTO,43,2420.0,3,ACCONCIATORE,0.0,30.0,True,False,False,False,False
344,VIA,CASSINIS GIOVANNI BATTISTA,23,4309.0,4,ACCONCIATORE,0.0,30.0,True,False,False,False,False
345,VIA,CASTALDI PANFILO,21,2119.0,3,ACCONCIATORE,0.0,30.0,True,False,False,False,False
347,VIA,CASTALDI PANFILO,37,2119.0,3,ACCONCIATORE,0.0,58.0,True,False,False,False,False
350,VIA,CAVALLOTTI FELICE,13,312.0,1,ACCONCIATORE,7.0,56.0,True,False,False,False,False
352,VIA,CENISIO,61,7184.0,8,ACCONCIATORE,0.0,36.0,True,False,False,False,False
354,VIA,CESARE DA SESTO,20,5101.0,1,ACCONCIATORE,0.0,29.0,True,False,False,False,False
355,VIA,CHAVEZ GIORGIO,1,2365.0,2,ACCONCIATORE,0.0,30.0,True,False,False,False,False
356,VIA,CHIARELLI LUIGI,10,7519.0,8,ACCONCIATORE,0.0,30.0,True,False,False,False,False
357,VIA,CHIESE,60,1627.0,9,ACCONCIATORE,0.0,30.0,True,False,False,False,False
358,VIA,CHOPIN FEDERICO,50,4297.0,5,ACCONCIATORE,0.0,30.0,True,False,False,False,False
360,VIA,CICERI VISCONTI LAURA,2,3220.0,4,ACCONCIATORE,0.0,50.0,True,False,False,False,False
361,VIA,CICOGNA MOZZONI CARLO,23,1676.0,9,ACCONCIATORE,0.0,30.0,True,False,False,False,False
362,VIA,CIVITALI MATTEO,7,6569.0,7,ACCONCIATORE,0.0,37.0,True,False,False,False,False
363,VIA,COLA DI RIENZO,44,6094.0,6,ACCONCIATORE,3.0,33.0,True,False,False,False,False
365,VIA,COLONNA VITTORIA,8,6284.0,7,ACCONCIATORE,0.0,34.0,True,False,False,False,False
366,VIA,COLUMELLA LUCIO GIUNIO,40,2399.0,2,ACCONCIATORE,0.0,30.0,True,False,False,False,False
367,VIA,CONCILIO VATICANO II,3,7356.0,8,ACCONCIATORE,0.0,30.0,True,False,False,False,False
369,VIA,CORRENTI CESARE,22,555.0,1,ACCONCIATORE,0.0,47.0,True,False,False,False,False
370,VIA,CORRENTI CESARE,26,555.0,1,ACCONCIATORE,0.0,21.0,True,False,False,False,False
371,VIA,COSTA ANDREA,4,2276.0,3,ACCONCIATORE,0.0,36.0,True,False,False,False,False
372,VIA,COSTANZA,3,6237.0,7,ACCONCIATORE,3.0,74.0,True,False,False,False,False
373,VIA,COTTOLENGO SAN GIUSEPPE,12,5375.0,6,ACCONCIATORE,0.0,30.0,True,False,False,False,False
374,VIA,CREMA,21,4061.0,5,ACCONCIATORE,0.0,30.0,True,False,False,False,False
375,VIA,CRESCENZAGO,13,2396.0,3,ACCONCIATORE,2.0,20.0,True,False,False,False,False
376,VIA,CRESCENZAGO,36,2396.0,3,ACCONCIATORE,0.0,26.0,True,False,False,False,False
379,VIA,D'ADDA CARLO,NOT-AVAILABLE,5272.0,6,ACCONCIATORE,9.0,30.0,True,False,False,False,False
381,VIA,DAL RE MARCANTONIO,2,7381.0,8,ACCONCIATORE,0.0,52.0,True,False,False,False,False
380,VIA,DALL'ONGARO FRANCESCO,2,3287.0,4,ACCONCIATORE,2.0,28.0,True,False,False,False,False
382,VIA,DE AMICIS EDMONDO,36,574.0,1,ACCONCIATORE,0.0,28.0,True,False,False,False,False
383,VIA,DE AMICIS EDMONDO,61,574.0,1,ACCONCIATORE,0.0,30.0,True,False,False,False,False
384,VIA,DE CRISTOFORIS CARLO,2,1120.0,9,ACCONCIATORE,0.0,30.0,True,False,False,False,False
405,VIA,DE MARCHI EMILIO,3,1418.0,2,ACCONCIATORE,0.0,55.0,True,False,False,False,False
386,VIA,DEGLI IMBRIANI,25,1266.0,9,ACCONCIATORE,0.0,30.0,True,False,False,False,False
387,VIA,DEGLI IMBRIANI,31,1266.0,9,ACCONCIATORE,0.0,20.0,True,False,False,False,False
388,VIA,DEI MARTINITT,3,6336.0,7,ACCONCIATORE,0.0,45.0,True,False,False,False,False
389,VIA,DEI TRANSITI,1,2284.0,2,ACCONCIATORE,0.0,35.0,True,False,False,False,False
390,VIA,DEI TULIPANI,2,6713.0,6,ACCONCIATORE,0.0,40.0,True,False,False,False,False
391,VIA,DEL FANTE COSIMO,6,5192.0,1,ACCONCIATORE,0.0,30.0,True,False,False,False,False
404,VIA,DEL VECCHIO POLITECNICO,4,2101.0,1,ACCONCIATORE,0.0,30.0,True,False,False,False,False
397,VIA,DELL' ASSUNTA,3,4274.0,5,ACCONCIATORE,0.0,95.0,True,False,False,False,False
393,VIA,DELLA FERRERA,18,5451.0,6,ACCONCIATORE,0.0,34.0,True,False,False,False,False
394,VIA,DELLA MOSCOVA,10,1016.0,1,ACCONCIATORE,8.0,60.0,True,False,False,False,False
395,VIA,DELLA MOSCOVA,9,1016.0,1,ACCONCIATORE,2.0,17.0,True,False,False,False,False
402,VIA,DELLE FORZE ARMATE,407,6643.0,7,ACCONCIATORE,0.0,30.0,True,False,False,False,False
403,VIA,DELLE FORZE ARMATE,410,6643.0,7,ACCONCIATORE,4.0,32.0,True,False,False,False,False
407,VIA,DERNA,9,2376.0,2,ACCONCIATORE,0.0,46.0,True,False,False,False,False
408,VIA,DESIDERIO DA SETTIGNANO,3,6395.0,8,ACCONCIATORE,0.0,30.0,True,False,False,False,False
409,VIA,DEZZA GIUSEPPE,24,6108.0,7,ACCONCIATORE,0.0,30.0,True,False,False,False,False
412,VIA,DONATELLO,32,2214.0,3,ACCONCIATORE,0.0,37.0,True,False,False,False,False
413,VIA,EMO ANGELO,2,2518.0,2,ACCONCIATORE,0.0,30.0,True,False,False,False,False
414,VIA,EUSTACHI BARTOLOMEO,24,2165.0,3,ACCONCIATORE,0.0,30.0,True,False,False,False,False
415,VIA,EUSTACHI BARTOLOMEO,8,2165.0,3,ACCONCIATORE,0.0,16.0,True,False,False,False,False
430,VIA,F.LLI BRONZETTI,25,3089.0,4,ACCONCIATORE,0.0,90.0,True,False,False,False,False
416,VIA,FAA' DI BRUNO EMILIO,14,4095.0,4,ACCONCIATORE,0.0,30.0,True,False,False,False,False
417,VIA,FAA' DI BRUNO EMILIO,5,4095.0,4,ACCONCIATORE,0.0,35.0,True,False,False,False,False
418,VIA,FARA GUSTAVO,14,1183.0,2,ACCONCIATORE,0.0,74.0,True,False,False,False,False
419,VIA,FARA GUSTAVO,5,1183.0,9,ACCONCIATORE,0.0,22.0,True,False,False,False,False
421,VIA,FARUFFINI FEDERICO,11,6286.0,7,ACCONCIATORE,0.0,30.0,True,False,False,False,False
423,VIA,FAUCHE' GIOVANNI BATTISTA,24,7192.0,8,ACCONCIATORE,0.0,25.0,True,False,False,False,False
424,VIA,FERABOLI ACHILLE,35,5421.0,5,ACCONCIATORE,0.0,30.0,True,False,False,False,False
426,VIA,FERRIERI ENZO,16,6367.0,7,ACCONCIATORE,0.0,30.0,True,False,False,False,False
427,VIA,FIAMMA GALVANO,36,3079.0,4,ACCONCIATORE,0.0,32.0,True,False,False,False,False
429,VIA,DE MARTINO EMILIO,1,1693.0,9,ACCONCIATORE,0.0,30.0,True,False,False,False,False
431,VIA,FOPPA VINCENZO,41,6109.0,6,ACCONCIATORE,5.0,44.0,True,False,False,False,False
432,VIA,FRAPOLLI LUIGI,31,3288.0,4,ACCONCIATORE,0.0,30.0,True,False,False,False,False
433,VIA,FRIULI,51,3199.0,4,ACCONCIATORE,0.0,30.0,True,False,False,False,False
434,VIA,GALLI DINA,8,1162.0,9,ACCONCIATORE,0.0,30.0,True,False,False,False,False
435,VIA,GARIGLIANO,12,1134.0,9,ACCONCIATORE,0.0,15.0,True,False,False,False,False
436,VIA,GARIGLIANO,5,1134.0,9,ACCONCIATORE,0.0,38.0,True,False,False,False,False
441,VIA,GIGANTE GIACINTO,5,6562.0,7,ACCONCIATORE,0.0,28.0,True,False,False,False,False
443,VIA,GIOIA MELCHIORRE,71,1108.0,2,ACCONCIATORE,0.0,40.0,True,False,False,False,False
444,VIA,GIOVANNI DA PROCIDA,28,7151.0,8,ACCONCIATORE,2.0,37.0,True,False,False,False,False
445,VIA,GIOVANNI DA PROCIDA,5,7151.0,8,ACCONCIATORE,0.0,34.0,True,False,False,False,False
446,VIA,GIOVANNI DA PROCIDA,7,7151.0,8,ACCONCIATORE,0.0,30.0,True,False,False,False,False
448,VIA,GONZAGA MAURIZIO,4,344.0,1,ACCONCIATORE,0.0,38.0,True,False,False,False,False
449,VIA,GOZZOLI BENOZZO,130,6789.0,7,ACCONCIATORE,0.0,45.0,True,False,False,False,False
450,VIA,GUICCIARDINI FRANCESCO,10,3084.0,9,ACCONCIATORE,0.0,15.0,True,False,False,False,False
451,VIA,HERMADA,4,1588.0,9,ACCONCIATORE,0.0,31.0,True,False,False,False,False
452,VIA,IMBONATI CARLO,51,1311.0,9,ACCONCIATORE,0.0,30.0,True,False,False,False,False
453,VIA,IMBONATI CARLO,61,1311.0,9,ACCONCIATORE,0.0,33.0,True,False,False,False,False
458,VIA,INGANNI ANGELO,54,6672.0,6,ACCONCIATORE,0.0,27.0,True,False,False,False,False
460,VIA,INGANNI ANGELO,83,6672.0,6,ACCONCIATORE,7.0,28.0,True,False,False,False,False
462,VIA,KRAMER ANTONIO,23,3180.0,3,ACCONCIATORE,8.0,32.0,True,False,False,False,False
464,VIA,LAMARMORA ALFONSO,36,4103.0,1,ACCONCIATORE,0.0,30.0,True,False,False,False,False
465,VIA,LARIO,54,1171.0,9,ACCONCIATORE,0.0,60.0,True,False,False,False,False
466,VIA,LASSALLE FERDINANDO,7,5433.0,5,ACCONCIATORE,0.0,30.0,True,False,False,False,False
467,VIA,LAZZARETTO,2,2112.0,3,ACCONCIATORE,16.0,44.0,True,False,False,False,False
468,VIA,LECCO,22,2110.0,3,ACCONCIATORE,0.0,45.0,True,False,False,False,False
469,VIA,LEGNONE,19,1298.0,9,ACCONCIATORE,0.0,30.0,True,False,False,False,False
470,VIA,LENTASIO,8,410.0,1,ACCONCIATORE,1.0,33.0,True,False,False,False,False
471,VIA,LEOPARDI GIACOMO,7,6156.0,1,ACCONCIATORE,0.0,30.0,True,False,False,False,False
472,VIA,LESSONA MICHELE,2,7490.0,8,ACCONCIATORE,0.0,45.0,True,False,False,False,False
473,VIA,LESSONA MICHELE,48,7490.0,8,ACCONCIATORE,0.0,45.0,True,False,False,False,False
474,VIA,LODOVICO IL MORO,61,5290.0,6,ACCONCIATORE,0.0,60.0,True,False,False,False,False
475,VIA,LOMAZZO PAOLO,6,7079.0,8,ACCONCIATORE,0.0,50.0,True,False,False,False,False
476,VIA,LOMELLINA,23,3280.0,4,ACCONCIATORE,0.0,30.0,True,False,False,False,False
479,VIA,LONGHENA BALDASSARE,16,4179.0,4,ACCONCIATORE,0.0,30.0,True,False,False,False,False
482,VIA,LORENTEGGIO,43,5132.0,6,ACCONCIATORE,3.0,35.0,True,False,False,False,False
483,VIA,LORENTEGGIO,62,5132.0,6,ACCONCIATORE,0.0,26.0,True,False,False,False,False
484,VIA,LORENZO DI CREDI,6,6547.0,7,ACCONCIATORE,11.0,50.0,True,False,False,False,False
486,VIA,LULLI GIOVANNI,32,2253.0,3,ACCONCIATORE,0.0,30.0,True,False,False,False,False
487,VIA,MAC MAHON,107,7221.0,8,ACCONCIATORE,12.0,21.0,True,False,False,False,False
489,VIA,MAC MAHON,30,7221.0,8,ACCONCIATORE,0.0,30.0,True,False,False,False,False
490,VIA,MAC MAHON,75,7221.0,8,ACCONCIATORE,0.0,45.0,True,False,False,False,False
491,VIA,MAC MAHON,87,7221.0,8,ACCONCIATORE,0.0,30.0,True,False,False,False,False
492,VIA,MADERNA BRUNO,2,3382.0,4,ACCONCIATORE,0.0,30.0,True,False,False,False,False
493,VIA,MAGGI CARLO MARIA,NOT-AVAILABLE,7115.0,1,ACCONCIATORE,0.0,30.0,True,False,False,False,False
494,VIA,MAMBRETTI ANTONIO,17,7455.0,8,ACCONCIATORE,0.0,50.0,True,False,False,False,False
495,VIA,MAMELI GOFFREDO,48,3088.0,4,ACCONCIATORE,10.0,20.0,True,False,False,False,False
496,VIA,MANZONI ALESSANDRO,39,230.0,1,ACCONCIATORE,0.0,70.0,True,False,False,False,False
497,VIA,MARCELLO BENEDETTO,91,2128.0,3,ACCONCIATORE,0.0,30.0,True,False,False,False,False
498,VIA,MARCO AURELIO,8,2298.0,2,ACCONCIATORE,0.0,30.0,True,False,False,False,False
499,VIA,MARCO D'AGRATE,25,4276.0,5,ACCONCIATORE,0.0,28.0,True,False,False,False,False
500,VIA,MARSALA,2,1035.0,1,ACCONCIATORE,0.0,30.0,True,False,False,False,False
501,VIA,MARSALA,9,1035.0,1,ACCONCIATORE,0.0,65.0,True,False,False,False,False
502,VIA,MARTIRI TRIESTINI,3,6509.0,7,ACCONCIATORE,0.0,51.0,True,False,False,False,False
504,VIA,MASOTTO UMBERTO,30,3283.0,4,ACCONCIATORE,0.0,30.0,True,False,False,False,False
505,VIA,MASSARA DE CAPITANI,3,1261.0,9,ACCONCIATORE,0.0,30.0,True,False,False,False,False
506,VIA,MECENATE,32,3323.0,4,ACCONCIATORE,0.0,40.0,True,False,False,False,False
507,VIA,MEDA GIUSEPPE,17,5242.0,5,ACCONCIATORE,0.0,30.0,True,False,False,False,False
508,VIA,MEDA GIUSEPPE,33,5242.0,5,ACCONCIATORE,0.0,45.0,True,False,False,False,False
509,VIA,MEDA GIUSEPPE,38,5242.0,5,ACCONCIATORE,0.0,30.0,True,False,False,False,False
510,VIA,MEDA GIUSEPPE,57,5242.0,5,ACCONCIATORE,0.0,43.0,True,False,False,False,False
511,VIA,MEDA GIUSEPPE,6,5242.0,5,ACCONCIATORE,0.0,25.0,True,False,False,False,False
512,VIA,MEDA GIUSEPPE,7,5242.0,5,ACCONCIATORE,0.0,30.0,True,False,False,False,False
513,VIA,MEDEGHINO,32,5335.0,5,ACCONCIATORE,0.0,30.0,True,False,False,False,False
514,VIA,MESSINA,13,7211.0,8,ACCONCIATORE,0.0,30.0,True,False,False,False,False
515,VIA,MESSINA,17,7211.0,8,ACCONCIATORE,0.0,30.0,True,False,False,False,False
516,VIA,MESSINA,2,7211.0,8,ACCONCIATORE,2.0,34.0,True,False,False,False,False
517,VIA,MESSINA,6,7211.0,8,ACCONCIATORE,0.0,16.0,True,False,False,False,False
518,VIA,MESTRE,7,2647.0,3,ACCONCIATORE,0.0,50.0,True,False,False,False,False
520,VIA,MEUCCI ANTONIO,11,2497.0,2,ACCONCIATORE,0.0,30.0,True,False,False,False,False
521,VIA,MILLY MIGNONE CARLA,5,6871.0,7,ACCONCIATORE,0.0,30.0,True,False,False,False,False
524,VIA,MONTEGANI LODOVICO,49,5330.0,5,ACCONCIATORE,0.0,20.0,True,False,False,False,False
525,VIA,MONTEGANI LODOVICO,64,5330.0,5,ACCONCIATORE,0.0,30.0,True,False,False,False,False
528,VIA,MONTI VINCENZO,58,6155.0,1,ACCONCIATORE,0.0,30.0,True,False,False,False,False
529,VIA,MORGANTINI MARIO,11,6568.0,7,ACCONCIATORE,0.0,45.0,True,False,False,False,False
530,VIA,MURAT GIOACCHINO,60,1316.0,9,ACCONCIATORE,10.0,40.0,True,False,False,False,False
531,VIA,MURAT GIOACCHINO,73,1316.0,9,ACCONCIATORE,0.0,24.0,True,False,False,False,False
532,VIA,MURATORI LODOVICO,54,4076.0,4,ACCONCIATORE,0.0,31.0,True,False,False,False,False
533,VIA,MUSSI GIUSEPPE,11,7199.0,8,ACCONCIATORE,0.0,42.0,True,False,False,False,False
535,VIA,NEGROLI,39,3279.0,4,ACCONCIATORE,0.0,30.0,True,False,False,False,False
536,VIA,NIKOLAJEVKA,3,6473.0,7,ACCONCIATORE,0.0,42.0,True,False,False,False,False
537,VIA,NOVARA,123,6624.0,7,ACCONCIATORE,0.0,40.0,True,False,False,False,False
538,VIA,NOVARA,139,6624.0,7,ACCONCIATORE,0.0,63.0,True,False,False,False,False
539,VIA,NOVARA,15,6624.0,7,ACCONCIATORE,0.0,50.0,True,False,False,False,False
540,VIA,ORNATO LUIGI,19,1591.0,9,ACCONCIATORE,0.0,30.0,True,False,False,False,False
541,VIA,ORNATO LUIGI,24,1591.0,9,ACCONCIATORE,0.0,45.0,True,False,False,False,False
542,VIA,ORNATO LUIGI,53,1591.0,9,ACCONCIATORE,0.0,44.0,True,False,False,False,False
543,VIA,OSOPPO,13,6596.0,7,ACCONCIATORE,0.0,30.0,True,False,False,False,False
544,VIA,OZANAM FEDERICO,8,2143.0,3,ACCONCIATORE,1.0,20.0,True,False,False,False,False
545,VIA,PACINI GIOVANNI,25,2571.0,3,ACCONCIATORE,0.0,65.0,True,False,False,False,False
546,VIA,PACINI GIOVANNI,54,2571.0,3,ACCONCIATORE,0.0,65.0,True,False,False,False,False
547,VIA,PADOVA,12,2275.0,2,ACCONCIATORE,0.0,23.0,True,False,False,False,False
553,VIA,PADOVA,26,2275.0,2,ACCONCIATORE,0.0,30.0,True,False,False,False,False
554,VIA,PADOVA,279,2275.0,2,ACCONCIATORE,0.0,48.0,True,False,False,False,False
555,VIA,PADOVA,39,2275.0,2,ACCONCIATORE,0.0,30.0,True,False,False,False,False
557,VIA,PADOVA,45,2275.0,2,ACCONCIATORE,0.0,30.0,True,False,False,False,False
558,VIA,PADOVA,60,2275.0,2,ACCONCIATORE,2.0,16.0,True,False,False,False,False
559,VIA,PADOVA,65,2275.0,2,ACCONCIATORE,0.0,30.0,True,False,False,False,False
560,VIA,PADOVA,70,2275.0,2,ACCONCIATORE,0.0,25.0,True,False,False,False,False
561,VIA,PADOVA,77,2275.0,2,ACCONCIATORE,0.0,24.0,True,False,False,False,False
562,VIA,PADOVA,87,2275.0,2,ACCONCIATORE,0.0,22.0,True,False,False,False,False
564,VIA,PAISIELLO GIOVANNI,2,2245.0,3,ACCONCIATORE,2.0,17.0,True,False,False,False,False
565,VIA,PALAZZI LAZZARO,19,2171.0,3,ACCONCIATORE,0.0,32.0,True,False,False,False,False
566,VIA,PALAZZI LAZZARO,3,2171.0,3,ACCONCIATORE,0.0,30.0,True,False,False,False,False
567,VIA,PALAZZI LAZZARO,7,2171.0,3,ACCONCIATORE,0.0,32.0,True,False,False,False,False
568,VIA,PALMA JACOPO,26,6605.0,7,ACCONCIATORE,0.0,24.0,True,False,False,False,False
569,VIA,PALMANOVA,67,2390.0,2,ACCONCIATORE,0.0,31.0,True,False,False,False,False
570,VIA,PARACELSO FILIPPO,10,2168.0,3,ACCONCIATORE,0.0,30.0,True,False,False,False,False
571,VIA,PARAVIA PIER ALESSANDRO,77,6571.0,7,ACCONCIATORE,0.0,26.0,True,False,False,False,False
572,VIA,PASCARELLA CESARE,22,7349.0,8,ACCONCIATORE,0.0,30.0,True,False,False,False,False
574,VIA,PECCHIO GIUSEPPE,5,2240.0,3,ACCONCIATORE,3.0,15.0,True,False,False,False,False
576,VIA,PIERO DELLA FRANCESCA,54,7188.0,8,ACCONCIATORE,13.0,30.0,True,False,False,False,False
577,VIA,GROSOTTO,5,7328.0,8,ACCONCIATORE,0.0,30.0,True,False,False,False,False
578,VIA,PIRANDELLO LUIGI,4,6242.0,7,ACCONCIATORE,0.0,30.0,True,False,False,False,False
579,VIA,PISANELLO,21,6600.0,7,ACCONCIATORE,0.0,25.0,True,False,False,False,False
581,VIA,PLANA GIOVANNI ANTONIO,23,7177.0,8,ACCONCIATORE,0.0,36.0,True,False,False,False,False
584,VIA,PLANA GIOVANNI ANTONIO,32,7177.0,8,ACCONCIATORE,0.0,35.0,True,False,False,False,False
585,VIA,PLINIO CAIO SECONDO,29,2144.0,3,ACCONCIATORE,7.0,40.0,True,False,False,False,False
587,VIA,POLA,4A,1156.0,2,ACCONCIATORE,0.0,30.0,True,False,False,False,False
588,VIA,POLESINE,21,4159.0,4,ACCONCIATORE,0.0,52.0,True,False,False,False,False
589,VIA,POLESINE,23,4159.0,4,ACCONCIATORE,0.0,27.0,True,False,False,False,False
591,VIA,POLESINE,25,4159.0,4,ACCONCIATORE,4.0,33.0,True,False,False,False,False
592,VIA,POLESINE,39,4159.0,4,ACCONCIATORE,0.0,30.0,True,False,False,False,False
593,VIA,POLIZIANO,12,7196.0,8,ACCONCIATORE,0.0,30.0,True,False,False,False,False
594,VIA,POLIZIANO,13,7196.0,8,ACCONCIATORE,0.0,54.0,True,False,False,False,False
595,VIA,PONTE SEVESO,33,1203.0,2,ACCONCIATORE,0.0,45.0,True,False,False,False,False
597,VIA,PONTE VECCHIO,4,2487.0,2,ACCONCIATORE,0.0,30.0,True,False,False,False,False
601,VIA,PRIMATICCIO FRANCESCO,2,6646.0,6,ACCONCIATORE,0.0,30.0,True,False,False,False,False
603,VIA,PURICELLI GIAN PIETRO,2,6636.0,7,ACCONCIATORE,0.0,30.0,True,False,False,False,False
604,VIA,QUADRIO MAURIZIO,25,1115.0,8,ACCONCIATORE,0.0,56.0,True,False,False,False,False
606,VIA,RESEGONE,1,1228.0,9,ACCONCIATORE,0.0,30.0,True,False,False,False,False
607,VIA,RICCARDI PADRE PLACIDO,23,2385.0,2,ACCONCIATORE,0.0,30.0,True,False,False,False,False
608,VIA,RICCIARELLI DANIELE,20,6553.0,7,ACCONCIATORE,16.0,39.0,True,False,False,False,False
609,VIA,RICCIARELLI DANIELE,39,6553.0,7,ACCONCIATORE,0.0,32.0,True,False,False,False,False
610,VIA,RICORDI GIOVANNI,30,2251.0,3,ACCONCIATORE,0.0,29.0,True,False,False,False,False
612,VIA,RIPAMONTI GIUSEPPE,227,4066.0,5,ACCONCIATORE,0.0,50.0,True,False,False,False,False
613,VIA,RIPAMONTI GIUSEPPE,244,4066.0,5,ACCONCIATORE,8.0,35.0,True,False,False,False,False
614,VIA,RIPAMONTI GIUSEPPE,5,4066.0,5,ACCONCIATORE,0.0,30.0,True,False,False,False,False
618,VIA,RISMONDO FRANCESCO,9,6756.0,7,ACCONCIATORE,0.0,30.0,True,False,False,False,False
619,VIA,RIVOLI,2,7080.0,1,ACCONCIATORE,0.0,40.0,True,False,False,False,False
620,VIA,ROGGIA SCAGNA,1,2299.0,2,ACCONCIATORE,0.0,30.0,True,False,False,False,False
621,VIA,ROMAGNOSI GIAN DOMENICO,4,119.0,1,ACCONCIATORE,0.0,30.0,True,False,False,False,False
622,VIA,ROMANO GIULIO,25,4057.0,5,ACCONCIATORE,0.0,29.0,True,False,False,False,False
623,VIA,ROMANO GIULIO,9,4057.0,5,ACCONCIATORE,0.0,28.0,True,False,False,False,False
624,VIA,ROMBON,23,2659.0,3,ACCONCIATORE,0.0,55.0,True,False,False,False,False
626,VIA,ROMILLI ARCIVESCOVO,5,4154.0,4,ACCONCIATORE,0.0,27.0,True,False,False,False,False
627,VIA,ROSSI PELLEGRINO,21,1510.0,9,ACCONCIATORE,0.0,30.0,True,False,False,False,False
628,VIA,ROSSI PELLEGRINO,49,1510.0,9,ACCONCIATORE,0.0,24.0,True,False,False,False,False
629,VIA,ROSSI PELLEGRINO,90,1510.0,9,ACCONCIATORE,0.0,43.0,True,False,False,False,False
630,VIA,SALIERI ANTONIO,3,2569.0,3,ACCONCIATORE,0.0,30.0,True,False,False,False,False
631,VIA,SALMINI VITTORIO,4,4062.0,5,ACCONCIATORE,0.0,17.0,True,False,False,False,False
632,VIA,SALUTATI COLUCCIO,2,6197.0,7,ACCONCIATORE,0.0,39.0,True,False,False,False,False
634,VIA,SAN FAUSTINO,27,2681.0,3,ACCONCIATORE,0.0,30.0,True,False,False,False,False
638,VIA,SAN VINCENZO,1,5098.0,1,ACCONCIATORE,0.0,21.0,True,False,False,False,False
633,VIA,SAND GEORGE,2,1554.0,9,ACCONCIATORE,0.0,30.0,True,False,False,False,False
636,VIA,SANT' ANTONIO,14,332.0,1,ACCONCIATORE,0.0,52.0,True,False,False,False,False
635,VIA,SANTA MARIA SEGRETA,7,624.0,1,ACCONCIATORE,0.0,54.0,True,False,False,False,False
637,VIA,SANTA RITA DA CASCIA,59,5301.0,6,ACCONCIATORE,0.0,30.0,True,False,False,False,False
640,VIA,SARPI FRA' PAOLO,19,7210.0,1,ACCONCIATORE,13.0,45.0,True,False,False,False,False
641,VIA,SARPI FRA' PAOLO,50,7210.0,8,ACCONCIATORE,4.0,32.0,True,False,False,False,False
642,VIA,SARPI FRA' PAOLO,52,7210.0,8,ACCONCIATORE,0.0,110.0,True,False,False,False,False
643,VIA,SARPI FRA' PAOLO,63,7210.0,8,ACCONCIATORE,0.0,30.0,True,False,False,False,False
645,VIA,SEBASTIANO DEL PIOMBO,15,6397.0,8,ACCONCIATORE,0.0,40.0,True,False,False,False,False
647,VIA,SMAREGLIA ANTONIO,1,3284.0,4,ACCONCIATORE,3.0,45.0,True,False,False,False,False
651,PZA,FRATTINI PIETRO,19,5389.0,6,ACCONCIATORE,0.0,30.0,True,False,False,False,False
652,VIA,SOLAROLI PAOLO,10,4254.0,5,ACCONCIATORE,0.0,30.0,True,False,False,False,False
654,VIA,SOLFERINO,56,1028.0,1,ACCONCIATORE,0.0,30.0,True,False,False,False,False
655,VIA,SONNINO SIDNEY,2,7262.0,8,ACCONCIATORE,0.0,74.0,True,False,False,False,False
656,VIA,SPARTACO,23,3186.0,4,ACCONCIATORE,0.0,30.0,True,False,False,False,False
657,VIA,SPARTACO,37,3186.0,4,ACCONCIATORE,0.0,33.0,True,False,False,False,False
658,VIA,SPONTINI GASPARE,4,2141.0,3,ACCONCIATORE,0.0,55.0,True,False,False,False,False
660,VIA,STATUTO,18,1029.0,1,ACCONCIATORE,0.0,30.0,True,False,False,False,False
661,VIA,STOPPANI ANTONIO,10,2163.0,3,ACCONCIATORE,0.0,36.0,True,False,False,False,False
662,VIA,STRAMBIO GAETANO,29,3168.0,3,ACCONCIATORE,0.0,30.0,True,False,False,False,False
663,VIA,STRIGELLI GAETANO,5,3214.0,4,ACCONCIATORE,12.0,30.0,True,False,False,False,False
664,VIA,TADINO ALESSANDRO,15,2109.0,3,ACCONCIATORE,0.0,30.0,True,False,False,False,False
666,VIA,TANTARDINI ANTONIO,8,5224.0,5,ACCONCIATORE,0.0,30.0,True,False,False,False,False
667,VIA,TAORMINA,2,1331.0,9,ACCONCIATORE,0.0,30.0,True,False,False,False,False
668,VIA,F.LLI ZANZOTTERA,8,6733.0,7,ACCONCIATORE,0.0,40.0,True,False,False,False,False
669,VIA,TEANO,8,1632.0,9,ACCONCIATORE,0.0,24.0,True,False,False,False,False
670,VIA,TELLINI ENRICO,2,7225.0,8,ACCONCIATORE,0.0,45.0,True,False,False,False,False
671,VIA,TENCA CARLO,24,2118.0,2,ACCONCIATORE,0.0,30.0,True,False,False,False,False
673,VIA,TEODOSIO,104,2550.0,3,ACCONCIATORE,0.0,25.0,True,False,False,False,False
674,VIA,TEODOSIO,74,2550.0,3,ACCONCIATORE,0.0,30.0,True,False,False,False,False
675,VIA,TERRUGGIA GIOVANNI,1,1533.0,9,ACCONCIATORE,0.0,30.0,True,False,False,False,False
676,VIA,TESSA DELIO,2,1020.0,1,ACCONCIATORE,0.0,30.0,True,False,False,False,False
677,VIA,TITO LIVIO,20,4086.0,4,ACCONCIATORE,0.0,30.0,True,False,False,False,False
678,VIA,TITO LIVIO,22,4086.0,4,ACCONCIATORE,0.0,50.0,True,False,False,False,False
679,VIA,TITO LIVIO,25,4086.0,4,ACCONCIATORE,0.0,30.0,True,False,False,False,False
680,VIA,TITO LIVIO,26,4086.0,4,ACCONCIATORE,0.0,30.0,True,False,False,False,False
681,VIA,TORRICELLI EVANGELISTA,9,5240.0,5,ACCONCIATORE,0.0,29.0,True,False,False,False,False
682,VIA,TRINCEA DELLE FRASCHE,1,5173.0,5,ACCONCIATORE,0.0,56.0,True,False,False,False,False
683,VIA,VAL DI LEDRO,11,1532.0,9,ACCONCIATORE,0.0,32.0,True,False,False,False,False
687,VIA,VAL MAIRA,6,1098.0,9,ACCONCIATORE,0.0,30.0,True,False,False,False,False
684,VIA,VALFURVA,2,1168.0,9,ACCONCIATORE,0.0,31.0,True,False,False,False,False
686,VIA,VALLAZZE,66,2250.0,3,ACCONCIATORE,0.0,30.0,True,False,False,False,False
688,VIA,VARE' GIOVANNI BATTISTA,30,1245.0,9,ACCONCIATORE,0.0,30.0,True,False,False,False,False
689,VIA,VARESE,8,1031.0,1,ACCONCIATORE,0.0,30.0,True,False,False,False,False
690,VIA,VARESINA,92,7290.0,8,ACCONCIATORE,0.0,30.0,True,False,False,False,False
691,VIA,VEGLIA,7,1337.0,9,ACCONCIATORE,8.0,20.0,True,False,False,False,False
692,VIA,VENINI GIULIO E CORRADO,61,2258.0,2,ACCONCIATORE,0.0,45.0,True,False,False,False,False
693,VIA,SPALLANZANI LAZZARO,6,2153.0,3,ACCONCIATORE,0.0,30.0,True,False,False,False,False
694,VIA,VERDI GIUSEPPE,2,118.0,1,ACCONCIATORE,0.0,30.0,True,False,False,False,False
695,VIA,VERRAZZANO GIOVANNI,1,2519.0,2,ACCONCIATORE,0.0,30.0,True,False,False,False,False
696,VIA,VETERE,9,5185.0,1,ACCONCIATORE,0.0,25.0,True,False,False,False,False
697,VIA,VETTABBIA,1,5187.0,1,ACCONCIATORE,8.0,17.0,True,False,False,False,False
698,VIA,VIGEVANO,20,5116.0,6,ACCONCIATORE,0.0,31.0,True,False,False,False,False
699,VIA,VIMINALE,8,2568.0,3,ACCONCIATORE,0.0,30.0,True,False,False,False,False
703,VIA,VITRUVIO,5,2134.0,3,ACCONCIATORE,0.0,20.0,True,False,False,False,False
705,VIA,VITRUVIO,7,2134.0,3,ACCONCIATORE,8.0,16.0,True,False,False,False,False
706,VIA,VITTADINI CARLO,5,4055.0,5,ACCONCIATORE,0.0,30.0,True,False,False,False,False
707,VIA,VITTORINI ELIO,14,3379.0,4,ACCONCIATORE,0.0,30.0,True,False,False,False,False
709,VIA,VOLVINIO,28,5333.0,5,ACCONCIATORE,0.0,64.0,True,False,False,False,False
711,VIA,VOLVINIO,39,5333.0,5,ACCONCIATORE,0.0,39.0,True,False,False,False,False
712,VIA,VOLVINIO,46,5333.0,5,ACCONCIATORE,0.0,30.0,True,False,False,False,False
714,VIA,WASHINGTON GIORGIO,80,6111.0,6,ACCONCIATORE,0.0,30.0,True,False,False,False,False
715,VIA,WATT GIACOMO,16,5292.0,6,ACCONCIATORE,0.0,30.0,True,False,False,False,False
716,VIA,ZAMBALDI SILVIO,1,2689.0,3,ACCONCIATORE,4.0,25.0,True,False,False,False,False
717,VIA,ZANELLA GIACOMO,68,3257.0,4,ACCONCIATORE,0.0,30.0,True,False,False,False,False
719,VIA,ZANTE,21,3364.0,4,ACCONCIATORE,0.0,30.0,True,False,False,False,False
720,VIA,ZUMBINI BONAVENTURA,NOT-AVAILABLE,5302.0,6,ACCONCIATORE,0.0,30.0,True,False,False,False,False
721,VIA,ZURIGO,22,6318.0,7,ACCONCIATORE,0.0,30.0,True,False,False,False,False
723,VLE,ABRUZZI,64,2177.0,3,ACCONCIATORE,0.0,30.0,True,False,False,False,False
724,VLE,ARGONNE,10,3254.0,4,ACCONCIATORE,0.0,24.0,True,False,False,False,False
725,VLE,ARGONNE,24,3254.0,4,ACCONCIATORE,0.0,30.0,True,False,False,False,False
726,VLE,ARGONNE,3,3254.0,3,ACCONCIATORE,0.0,30.0,True,False,False,False,False
728,VLE,BIANCA MARIA,10,3050.0,1,ACCONCIATORE,0.0,22.0,True,False,False,False,False
729,VLE,BLIGNY,41,4045.0,5,ACCONCIATORE,0.0,30.0,True,False,False,False,False
730,VLE,BRENTA,6,4151.0,4,ACCONCIATORE,0.0,50.0,True,False,False,False,False
732,VLE,CALDARA EMILIO,30,4036.0,1,ACCONCIATORE,0.0,30.0,True,False,False,False,False
733,VLE,CAMPANIA,42,3100.0,4,ACCONCIATORE,0.0,55.0,True,False,False,False,False
734,VLE,CASSALA,45,5275.0,6,ACCONCIATORE,10.0,20.0,True,False,False,False,False
735,VLE,CERTOSA,121,7174.0,8,ACCONCIATORE,0.0,30.0,True,False,False,False,False
736,VLE,CERTOSA,36,7174.0,8,ACCONCIATORE,0.0,45.0,True,False,False,False,False
738,VLE,COL DI LANA,2,5198.0,5,ACCONCIATORE,8.0,25.0,True,False,False,False,False
739,VLE,COL DI LANA,5,5198.0,5,ACCONCIATORE,0.0,40.0,True,False,False,False,False
740,VLE,CORSICA,16,3262.0,4,ACCONCIATORE,0.0,15.0,True,False,False,False,False
741,VLE,DORIA ANDREA,24,2230.0,3,ACCONCIATORE,0.0,53.0,True,False,False,False,False
742,VLE,DORIA ANDREA,44,2230.0,3,ACCONCIATORE,0.0,74.0,True,False,False,False,False
744,VIA,MINCIO,3,4157.0,4,ACCONCIATORE,0.0,30.0,True,False,False,False,False
745,VIA,TAGLIAMENTO,19,4147.0,4,ACCONCIATORE,0.0,48.0,True,False,False,False,False
746,VLE,GIOVANNI DA CERMENATE,24,5261.0,5,ACCONCIATORE,0.0,30.0,True,False,False,False,False
748,VLE,JENNER EDOARDO,10,1230.0,9,ACCONCIATORE,0.0,17.0,True,False,False,False,False
749,VLE,LAZIO,1,4089.0,4,ACCONCIATORE,0.0,15.0,True,False,False,False,False
751,VLE,LOMBARDIA,65,2400.0,3,ACCONCIATORE,0.0,30.0,True,False,False,False,False
752,VLE,LUNIGIANA,12,1214.0,2,ACCONCIATORE,0.0,37.0,True,False,False,False,False
753,VLE,LUNIGIANA,15,1214.0,2,ACCONCIATORE,10.0,28.0,True,False,False,False,False
754,VLE,MARTINI ENRICO,13,4175.0,4,ACCONCIATORE,0.0,35.0,True,False,False,False,False
755,VLE,MOLISE,54,3178.0,4,ACCONCIATORE,0.0,35.0,True,False,False,False,False
757,VLE,MONTE CENERI,34,7176.0,8,ACCONCIATORE,0.0,34.0,True,False,False,False,False
758,VLE,MONTE CENERI,36,7176.0,8,ACCONCIATORE,0.0,34.0,True,False,False,False,False
761,VLE,MONTE NERO,38,3062.0,4,ACCONCIATORE,0.0,18.0,True,False,False,False,False
762,VLE,MONTE NERO,76,3062.0,4,ACCONCIATORE,0.0,14.0,True,False,False,False,False
759,VLE,MONTELLO,18,7126.0,1,ACCONCIATORE,0.0,30.0,True,False,False,False,False
760,VLE,MONTELLO,5,7126.0,1,ACCONCIATORE,0.0,29.0,True,False,False,False,False
764,VLE,MONZA,18,2274.0,2,ACCONCIATORE,0.0,70.0,True,False,False,False,False
765,VLE,MONZA,233,2274.0,2,ACCONCIATORE,0.0,30.0,True,False,False,False,False
766,VLE,MONZA,249,2274.0,2,ACCONCIATORE,0.0,55.0,True,False,False,False,False
768,VLE,MONZA,256,2274.0,2,ACCONCIATORE,0.0,30.0,True,False,False,False,False
769,VLE,MONZA,267,2274.0,2,ACCONCIATORE,0.0,30.0,True,False,False,False,False
770,VLE,MONZA,39,2274.0,2,ACCONCIATORE,0.0,30.0,True,False,False,False,False
772,VLE,PASUBIO,12,1112.0,9,ACCONCIATORE,0.0,20.0,True,False,False,False,False
773,VLE,PIAVE,3,2179.0,1,ACCONCIATORE,0.0,50.0,True,False,False,False,False
774,VLE,PIAVE,7,2179.0,1,ACCONCIATORE,0.0,30.0,True,False,False,False,False
775,VLE,PICENO,29,3114.0,4,ACCONCIATORE,0.0,55.0,True,False,False,False,False
777,VLE,PISA,6,6615.0,7,ACCONCIATORE,0.0,57.0,True,False,False,False,False
778,VLE,RAPISARDI MARIO,4,1656.0,9,ACCONCIATORE,0.0,65.0,True,False,False,False,False
780,VLE,SABOTINO,14,4046.0,5,ACCONCIATORE,0.0,30.0,True,False,False,False,False
783,VLE,SARCA,163,1427.0,9,ACCONCIATORE,0.0,50.0,True,False,False,False,False
784,VLE,SARCA,81,1427.0,9,ACCONCIATORE,0.0,30.0,True,False,False,False,False
785,VLE,SAURO NAZARIO,9,1175.0,2,ACCONCIATORE,3.0,25.0,True,False,False,False,False
787,VLE,TESTI FULVIO,82,1441.0,9,ACCONCIATORE,0.0,30.0,True,False,False,False,False
790,VLE,UNGHERIA,26,3357.0,4,ACCONCIATORE,0.0,80.0,True,False,False,False,False
793,VLO,SANTA MARIA VALLE,4,534.0,1,ACCONCIATORE,0.0,32.0,True,False,False,False,False
210,CSO,LODI,72,4068.0,4,ACCONCIATORE,0.0,50.0,True,False,False,False,False
243,CSO,SEMPIONE,10,7137.0,1,ACCONCIATORE,0.0,30.0,True,False,False,False,False
803,CSO,CONCORDIA,12,3116.0,4,ACCONCIATORE,0.0,65.0,True,True,False,False,False
804,CSO,DI PORTA VITTORIA,13,3016.0,1,ACCONCIATORE,0.0,50.0,True,True,False,False,False
807,CSO,GARIBALDI GIUSEPPE,73,1010.0,1,ACCONCIATORE,0.0,50.0,True,True,False,False,False
809,CSO,MONFORTE,9,348.0,1,ACCONCIATORE,10.0,220.0,True,True,False,False,False
810,CSO,SAN GOTTARDO,34,5203.0,5,ACCONCIATORE,0.0,20.0,True,True,False,False,False
811,CSO,SEMPIONE,65,7137.0,8,ACCONCIATORE,0.0,50.0,True,True,False,False,False
812,CSO,SEMPIONE,71,7137.0,8,ACCONCIATORE,0.0,50.0,True,True,False,False,False
813,VIA,AMADEO GIAN ANTONIO,40,3228.0,3,ACCONCIATORE,0.0,115.0,True,True,False,False,False
814,VIA,BALBO CESARE,36,4208.0,5,ACCONCIATORE,0.0,55.0,True,True,False,False,False
815,VIA,BENELLI SEM,11,7497.0,8,ACCONCIATORE,0.0,40.0,True,True,False,False,False
817,VIA,BIONDI EZIO,1,7186.0,8,ACCONCIATORE,0.0,43.0,True,True,False,False,False
818,VIA,BROLETTO,30,720.0,1,ACCONCIATORE,0.0,65.0,True,True,False,False,False
819,VIA,BROLETTO,39,720.0,1,ACCONCIATORE,0.0,50.0,True,True,False,False,False
820,VIA,BUGATTI ETTORE,9,4353.0,5,ACCONCIATORE,0.0,44.0,True,True,False,False,False
821,VIA,CENISIO,37,7184.0,8,ACCONCIATORE,0.0,50.0,True,True,False,False,False
823,VIA,CERVA,10,314.0,1,ACCONCIATORE,0.0,55.0,True,True,False,False,False
824,VIA,COL MOSCHIN,1,5211.0,5,ACCONCIATORE,0.0,50.0,True,True,False,False,False
825,VIA,COLONNA VITTORIA,43,6284.0,7,ACCONCIATORE,0.0,50.0,True,True,False,False,False
826,VIA,COLONNA VITTORIA,51,6284.0,7,ACCONCIATORE,0.0,50.0,True,True,False,False,False
827,VIA,CONTE VERDE,1,1505.0,9,ACCONCIATORE,0.0,50.0,True,True,False,False,False
828,VIA,DE FILIPPI FILIPPO,4,2159.0,3,ACCONCIATORE,0.0,60.0,True,True,False,False,False
831,VIA,F.LLI RUFFINI,9,6163.0,1,ACCONCIATORE,0.0,81.0,True,True,False,False,False
829,VIA,FARINI CARLO,8,1114.0,9,ACCONCIATORE,2.0,35.0,True,True,False,False,False
830,VIA,FAUCHE' GIOVANNI BATTISTA,38,7192.0,8,ACCONCIATORE,0.0,30.0,True,True,False,False,False
834,VIA,LARGA,2,318.0,1,ACCONCIATORE,0.0,160.0,True,True,False,False,False
835,VIA,LOSANNA,14,7190.0,8,ACCONCIATORE,0.0,50.0,True,True,False,False,False
836,VIA,MADONNINA,13,134.0,1,ACCONCIATORE,0.0,78.0,True,True,False,False,False
837,VIA,MANZONI ALESSANDRO,16,230.0,1,ACCONCIATORE,0.0,50.0,True,True,False,False,False
838,VIA,MARGHERA,14,6280.0,7,ACCONCIATORE,0.0,50.0,True,True,False,False,False
839,VIA,MAURI ACHILLE,4,527.0,1,ACCONCIATORE,0.0,50.0,True,True,False,False,False
840,VIA,MAZZINI GIUSEPPE,16,516.0,1,ACCONCIATORE,0.0,50.0,True,True,False,False,False
841,VIA,MEDA GIUSEPPE,34,5242.0,5,ACCONCIATORE,0.0,48.0,True,True,False,False,False
842,VIA,MONTI VINCENZO,29,6155.0,1,ACCONCIATORE,0.0,55.0,True,True,False,False,False
843,VIA,MONTI VINCENZO,41,6155.0,1,ACCONCIATORE,0.0,56.0,True,True,False,False,False
844,VIA,PACINI GIOVANNI,15,2571.0,3,ACCONCIATORE,0.0,36.0,True,True,False,False,False
845,VIA,PADOVA,63,2275.0,2,ACCONCIATORE,0.0,50.0,True,True,False,False,False
846,VIA,PONTE VETERO,10,718.0,1,ACCONCIATORE,0.0,111.0,True,True,False,False,False
847,VIA,RAVIZZA CARLO,21,6285.0,7,ACCONCIATORE,0.0,63.0,True,True,False,False,False
848,VIA,REMBRANDT,9,6618.0,7,ACCONCIATORE,0.0,50.0,True,True,False,False,False
850,VIA,SAN MARCO,20,1036.0,1,ACCONCIATORE,0.0,50.0,True,True,False,False,False
851,VIA,SANTA CROCE,1,5188.0,1,ACCONCIATORE,0.0,35.0,True,True,False,False,False
852,VIA,SANTA SOFIA,18,408.0,1,ACCONCIATORE,0.0,50.0,True,True,False,False,False
854,VIA,SARDEGNA,35,6265.0,7,ACCONCIATORE,0.0,50.0,True,True,False,False,False
856,VIA,STATUTO,12,1029.0,1,ACCONCIATORE,0.0,50.0,True,True,False,False,False
857,VIA,TALLONE CESARE,16,3309.0,3,ACCONCIATORE,10.0,51.0,True,True,False,False,False
858,VIA,TERRAGGIO,23,644.0,1,ACCONCIATORE,0.0,67.0,True,True,False,False,False
859,VIA,TRAIANO MARCO ULPIO,50,7157.0,9,ACCONCIATORE,0.0,50.0,True,True,False,False,False
860,VIA,VILLORESI EUGENIO,4,5145.0,6,ACCONCIATORE,0.0,70.0,True,True,False,False,False
862,VLE,CASSIODORO,4,6359.0,8,ACCONCIATORE,0.0,50.0,True,True,False,False,False
864,VLE,COL DI LANA,NOT-AVAILABLE,5198.0,5,ACCONCIATORE,3.0,27.0,True,True,False,False,False
866,VLE,TUNISIA,23,2121.0,3,ACCONCIATORE,0.0,49.0,True,True,False,False,False
867,VLE,VIGLIANI PAOLO ONORATO,19,6422.0,8,ACCONCIATORE,0.0,55.0,True,True,False,False,False
870,CSO,ITALIA,6,526.0,1,ACCONCIATORE,0.0,54.0,True,True,True,False,False
871,CSO,SAN GOTTARDO,5,5203.0,5,ACCONCIATORE,0.0,54.0,True,True,True,False,False
872,GLL,UNIONE,1,510.0,1,ACCONCIATORE,0.0,64.0,True,True,True,False,False
874,PZA,GASPARRI PIETRO,4,1647.0,9,ACCONCIATORE,0.0,54.0,True,True,True,False,False
875,PZA,OBERDAN GUGLIELMO,10,2108.0,3,ACCONCIATORE,0.0,108.0,True,True,True,False,False
876,PZA,SANT' AGOSTINO,18,5091.0,1,ACCONCIATORE,40.0,50.0,True,True,True,False,False
877,VIA,ADRIANO PUBLIO ELIO,100,2410.0,2,ACCONCIATORE,0.0,123.0,True,True,True,False,False
878,VIA,ARONA,NOT-AVAILABLE,7169.0,8,ACCONCIATORE,0.0,54.0,True,True,True,False,False
880,VIA,BOIFAVA PIETRO,NOT-AVAILABLE,5341.0,5,ACCONCIATORE,0.0,20.0,True,True,True,False,False
881,VIA,BORDIGHERA,22,5265.0,5,ACCONCIATORE,0.0,48.0,True,True,True,False,False
882,VIA,CELLINI BENVENUTO,3,3081.0,4,ACCONCIATORE,0.0,40.0,True,True,True,False,False
883,VIA,CORRENTI CESARE,19,555.0,1,ACCONCIATORE,0.0,70.0,True,True,True,False,False
884,VIA,COSTA ANDREA,2,2276.0,3,ACCONCIATORE,0.0,54.0,True,True,True,False,False
885,VIA,DE AMICIS EDMONDO,39,574.0,1,ACCONCIATORE,0.0,39.0,True,True,True,False,False
891,VIA,DE PRETIS AGOSTINO,7,5431.0,6,ACCONCIATORE,0.0,54.0,True,True,True,False,False
886,VIA,DEI TULIPANI,16,6713.0,6,ACCONCIATORE,20.0,110.0,True,True,True,False,False
887,VIA,DELLA CAPINERA,5,6659.0,6,ACCONCIATORE,0.0,54.0,True,True,True,False,False
888,VIA,VOLTA ALESSANDRO,8,1018.0,1,ACCONCIATORE,0.0,54.0,True,True,True,False,False
889,VIA,DELLE BETULLE,34,6828.0,7,ACCONCIATORE,0.0,54.0,True,True,True,False,False
890,VIA,DELLE BETULLE,8,6828.0,7,ACCONCIATORE,0.0,54.0,True,True,True,False,False
895,VIA,FALCK ENRICO,NOT-AVAILABLE,7438.0,8,ACCONCIATORE,0.0,54.0,True,True,True,False,False
896,VIA,GROSSI TOMMASO,10,105.0,1,ACCONCIATORE,0.0,54.0,True,True,True,False,False
897,VIA,MAC MAHON,79,7221.0,8,ACCONCIATORE,0.0,41.0,True,True,True,False,False
898,VIA,MAFFEI ANDREA,15,3191.0,4,ACCONCIATORE,0.0,54.0,True,True,True,False,False
900,VIA,MARX CARLO,18,6082.0,7,ACCONCIATORE,0.0,54.0,True,True,True,False,False
902,VIA,MINTURNO,1,2482.0,2,ACCONCIATORE,0.0,65.0,True,True,True,False,False
903,VIA,MONTE BIANCO,NOT-AVAILABLE,6392.0,8,ACCONCIATORE,0.0,31.0,True,True,True,False,False
904,VIA,MONTE ROSA,69,6388.0,7,ACCONCIATORE,0.0,76.0,True,True,True,False,False
905,VIA,MONTI VINCENZO,56,6155.0,1,ACCONCIATORE,0.0,87.0,True,True,True,False,False
906,VIA,MORTARA,5,5115.0,6,ACCONCIATORE,0.0,54.0,True,True,True,False,False
907,VIA,MOSCA ANTONIO,178,6788.0,7,ACCONCIATORE,0.0,54.0,True,True,True,False,False
908,VIA,ORGANDINO GIUSEPPE,2,6255.0,7,ACCONCIATORE,0.0,54.0,True,True,True,False,False
909,VIA,PACINI GIOVANNI,34,2571.0,3,ACCONCIATORE,0.0,54.0,True,True,True,False,False
911,VIA,PARMIGIANINO,14,6599.0,7,ACCONCIATORE,20.0,84.0,True,True,True,False,False
912,VIA,PERINI CARLO,19,7326.0,8,ACCONCIATORE,0.0,54.0,True,True,True,False,False
913,VIA,PIRELLI GIOVANNI BATTISTA,27,1195.0,9,ACCONCIATORE,0.0,54.0,True,True,True,False,False
914,VIA,RESSI ADEODATO,21,1397.0,2,ACCONCIATORE,1.0,54.0,True,True,True,False,False
915,VIA,SAPONARO MICHELE,38,5432.0,5,ACCONCIATORE,0.0,54.0,True,True,True,False,False
918,VIA,VITRUVIO,43,2134.0,2,ACCONCIATORE,0.0,149.0,True,True,True,False,False
919,VIA,VOLTA ALESSANDRO,20,1018.0,1,ACCONCIATORE,0.0,54.0,True,True,True,False,False
920,VLE,BEZZI ERGISTO,73,6272.0,7,ACCONCIATORE,8.0,51.0,True,True,True,False,False
922,VLE,LOMBARDIA,25,2400.0,3,ACCONCIATORE,0.0,54.0,True,True,True,False,False
923,VLE,MONTE NERO,5,3062.0,1,ACCONCIATORE,0.0,54.0,True,True,True,False,False
924,VLE,UMBRIA,52,3145.0,4,ACCONCIATORE,0.0,54.0,True,True,True,False,False
794,VIA,DELLA MOSCOVA,29,1016.0,1,ACCONCIATORE,0.0,50.0,True,True,False,False,False
795,VIA,POMPONAZZI PIETRO,9,5246.0,5,ACCONCIATORE,0.0,61.0,True,True,False,False,False
796,VIA,WASHINGTON GIORGIO,17,6111.0,7,ACCONCIATORE,0.0,114.0,True,True,False,False,False
797,PZA,BOLIVAR SIMONE,10,6129.0,6,ACCONCIATORE,0.0,59.0,True,True,True,False,False
798,VIA,DURINI,2,313.0,1,ACCONCIATORE,0.0,96.0,True,True,True,False,False
34,CSO,DI PORTA NUOVA,46,1044.0,1,ACCONCIATORE,0.0,34.0,True,False,False,False,False
35,CSO,DI PORTA VITTORIA,54,3016.0,1,ACCONCIATORE,0.0,25.0,True,True,False,False,False
36,CSO,DI PORTA VITTORIA,8,3016.0,1,ACCONCIATORE,0.0,28.0,True,False,False,False,False
37,CSO,GARIBALDI GIUSEPPE,39,1010.0,1,ACCONCIATORE,0.0,54.0,True,False,False,False,False
38,CSO,GARIBALDI GIUSEPPE,65,1010.0,1,ACCONCIATORE,0.0,70.0,True,False,False,False,False
39,CSO,ITALIA,36,526.0,1,ACCONCIATORE,0.0,57.0,True,False,False,False,False
41,CSO,LODI,36,4068.0,5,ACCONCIATORE,1.0,18.0,True,False,False,False,False
42,CSO,PLEBISCITI,12,3120.0,4,ACCONCIATORE,0.0,30.0,True,False,False,False,False
43,CSO,VENTIDUE MARZO,40,3074.0,4,ACCONCIATORE,0.0,50.0,True,False,False,False,False
44,CSO,VERCELLI,29,6193.0,7,ACCONCIATORE,0.0,172.0,True,False,False,False,False
45,PAS,DUOMO,2,102.0,1,ACCONCIATORE,0.0,81.0,True,False,False,False,False
46,PLE,F.LLI ZAVATTARI,4,6537.0,7,ACCONCIATORE,0.0,45.0,True,False,False,False,False
48,PZA,ANGILBERTO II,9,4278.0,5,ACCONCIATORE,0.0,35.0,True,False,False,False,False
49,PZA,ASPARI DOMENICO,2,3173.0,3,ACCONCIATORE,0.0,30.0,True,False,False,False,False
51,PZA,BOLIVAR SIMONE,6,6129.0,6,ACCONCIATORE,0.0,33.0,True,False,False,False,False
55,PZA,DELLA REPUBBLICA,32,1055.0,2,ACCONCIATORE,0.0,35.0,True,False,False,False,False
56,PZA,OSPEDALE MAGGIORE,3,1523.0,9,ACCONCIATORE,0.0,40.0,True,False,False,False,False
58,PZA,RISORGIMENTO,7,3117.0,3,ACCONCIATORE,10.0,40.0,True,False,False,False,False
59,VIA,ALTAMURA SAVERIO,17,6576.0,7,ACCONCIATORE,0.0,37.0,True,False,False,False,False
60,VIA,AMADEO GIAN ANTONIO,27,3228.0,3,ACCONCIATORE,0.0,30.0,True,False,False,False,False
61,VIA,ARBE,65,1352.0,2,ACCONCIATORE,2.0,40.0,True,False,False,False,False
63,VIA,ARNOLFO DI CAMBIO,2,7230.0,8,ACCONCIATORE,0.0,55.0,True,False,False,False,False
65,VIA,BERGAMO,12A,3189.0,4,ACCONCIATORE,0.0,39.0,True,False,False,False,False
67,VIA,BERGOGNONE AMBROGIO DA FOSSANO,9,5130.0,6,ACCONCIATORE,0.0,16.0,True,False,False,False,False
68,VIA,BONGHI RUGGERO,12,5247.0,5,ACCONCIATORE,0.0,40.0,True,False,False,False,False
69,VIA,BORSI GIOSUE',2,5237.0,6,ACCONCIATORE,0.0,20.0,True,False,False,False,False
71,VIA,BOSCOVICH RUGGERO,17,2131.0,2,ACCONCIATORE,0.0,25.0,True,False,False,False,False
72,VIA,BOTTESINI GIOVANNI,7,2567.0,3,ACCONCIATORE,0.0,45.0,True,False,False,False,False
74,VIA,BUSCHI AVERARDO,20,2575.0,3,ACCONCIATORE,0.0,32.0,True,False,False,False,False
76,VIA,CADORE,48,3077.0,4,ACCONCIATORE,0.0,28.0,True,False,False,False,False
77,VIA,CAPECELATRO ALFONSO,23,6575.0,7,ACCONCIATORE,0.0,45.0,True,False,False,False,False
78,VIA,CAPPELLINI ALFREDO,16,2130.0,2,ACCONCIATORE,3.0,38.0,True,False,False,False,False
82,VIA,CESARIANO CESARE,8,7113.0,1,ACCONCIATORE,0.0,30.0,True,False,False,False,False
84,VIA,COLLETTA PIETRO,9,4078.0,4,ACCONCIATORE,0.0,30.0,True,False,False,False,False
86,VIA,COPERNICO NICOLO',61,1204.0,2,ACCONCIATORE,0.0,35.0,True,False,False,False,False
87,VIA,CORREGGIO,8,6287.0,7,ACCONCIATORE,0.0,30.0,True,False,False,False,False
90,VIA,CRESPI PIETRO,13,2296.0,2,ACCONCIATORE,0.0,30.0,True,False,False,False,False
91,VIA,CUSANI,7,719.0,1,ACCONCIATORE,0.0,56.0,True,False,False,False,False
92,VIA,DARWIN CARLO ROBERTO,17,5238.0,6,ACCONCIATORE,0.0,25.0,True,False,False,False,False
93,VIA,DE AMICIS EDMONDO,47,574.0,1,ACCONCIATORE,9.0,51.0,True,False,False,False,False
94,VIA,DE CRISTOFORIS CARLO,15,1120.0,9,ACCONCIATORE,1.0,43.0,True,False,False,False,False
99,VIA,DE PRETIS AGOSTINO,5,5431.0,6,ACCONCIATORE,6.0,44.0,True,False,False,False,False
98,VIA,DEL RICORDO,57,2496.0,2,ACCONCIATORE,0.0,30.0,True,False,False,False,False
95,VIA,DELLA MOSCOVA,48,1016.0,1,ACCONCIATORE,24.0,50.0,True,False,False,False,False
97,VIA,DELLE FORZE ARMATE,234,6643.0,7,ACCONCIATORE,0.0,28.0,True,False,False,False,False
101,VIA,DRAGO MARIA,1,7464.0,8,ACCONCIATORE,11.0,16.0,True,False,False,False,False
102,VIA,FARINI CARLO,40,1114.0,9,ACCONCIATORE,0.0,36.0,True,False,False,False,False
103,VIA,FILZI FABIO,8,1190.0,2,ACCONCIATORE,150.0,30.0,True,False,False,False,False
104,VIA,FRIULI,75,3199.0,4,ACCONCIATORE,0.0,40.0,True,False,False,False,False
105,VIA,GAFFURIO FRANCHINO,5,2138.0,3,ACCONCIATORE,0.0,35.0,True,False,False,False,False
106,VIA,GESSI ROMOLO,34,6121.0,6,ACCONCIATORE,0.0,36.0,True,False,False,False,False
107,VIA,GIAMBELLINO,150,5136.0,6,ACCONCIATORE,0.0,46.0,True,False,False,False,False
108,VIA,GIAMBELLINO,71,5136.0,6,ACCONCIATORE,0.0,30.0,True,False,False,False,False
109,VIA,GIOIA MELCHIORRE,55,1108.0,2,ACCONCIATORE,0.0,39.0,True,False,False,False,False
111,VIA,ISIMBARDI INNOCENZO,27,5332.0,5,ACCONCIATORE,0.0,45.0,True,False,False,False,False
112,VIA,LARIO,30,1171.0,9,ACCONCIATORE,2.0,49.0,True,False,False,False,False
113,VIA,LEPETIT ROBERTO,29,2096.0,2,ACCONCIATORE,0.0,65.0,True,False,False,False,False
114,VIA,LESSONA MICHELE,57,7490.0,8,ACCONCIATORE,0.0,40.0,True,False,False,False,False
115,VIA,LIVIGNO,6A,1296.0,9,ACCONCIATORE,0.0,66.0,True,False,False,False,False
116,VIA,LODOVICO IL MORO,3,5290.0,6,ACCONCIATORE,0.0,25.0,True,False,False,False,False
118,VIA,MANTOVA,15,4217.0,5,ACCONCIATORE,0.0,45.0,True,False,False,False,False
119,VIA,MANTOVA,3,4217.0,5,ACCONCIATORE,0.0,30.0,True,False,False,False,False
121,VIA,MASCHERONI LORENZO,14,6183.0,1,ACCONCIATORE,0.0,35.0,True,False,False,False,False
122,VIA,MASOLINO DA PANICALE,2,7264.0,8,ACCONCIATORE,0.0,45.0,True,False,False,False,False
124,VIA,MEDA GIUSEPPE,53,5242.0,5,ACCONCIATORE,0.0,40.0,True,False,False,False,False
125,VIA,MEDA GIUSEPPE,55,5242.0,5,ACCONCIATORE,0.0,30.0,True,False,False,False,False
127,VIA,MERLO CARLO GIUSEPPE,3,329.0,1,ACCONCIATORE,0.0,43.0,True,False,False,False,False
128,VIA,MEUCCI ANTONIO,70,2497.0,2,ACCONCIATORE,0.0,28.0,True,False,False,False,False
129,VIA,MILLELIRE DOMENICO,10,6620.0,7,ACCONCIATORE,0.0,58.0,True,False,False,False,False
130,VIA,MILLELIRE DOMENICO,6,6620.0,7,ACCONCIATORE,4.0,35.0,True,False,False,False,False
131,VIA,MONTE CENGIO,3,4366.0,4,ACCONCIATORE,0.0,50.0,True,False,False,False,False
132,VIA,MONTE GENEROSO,53,7180.0,8,ACCONCIATORE,0.0,70.0,True,False,False,False,False
134,VIA,MORIGI,1,633.0,1,ACCONCIATORE,0.0,36.0,True,False,False,False,False
135,VIA,NERINO,10,564.0,1,ACCONCIATORE,0.0,40.0,True,False,False,False,False
136,VIA,ORSINI VINCENZO GIORDANO,2,6648.0,7,ACCONCIATORE,0.0,40.0,True,False,False,False,False
137,VIA,PALIZZI FILIPPO,119F,7451.0,8,ACCONCIATORE,11.0,30.0,True,False,False,False,False
138,VIA,PALMA JACOPO,5,6605.0,7,ACCONCIATORE,13.0,34.0,True,False,False,False,False
139,VIA,PAMPURI FRA' RICCARDO,3,4322.0,5,ACCONCIATORE,0.0,26.0,True,False,False,False,False
140,VIA,PARAVIA PIER ALESSANDRO,26,6571.0,7,ACCONCIATORE,0.0,40.0,True,False,False,False,False
142,VIA,PASCOLI GIOVANNI,2,3132.0,3,ACCONCIATORE,0.0,86.0,True,False,False,False,False
143,VIA,PAULUCCI DI CALBOLI FULCIERI,24,1590.0,9,ACCONCIATORE,0.0,30.0,True,False,False,False,False
144,VIA,PAVIA,6/2,5262.0,5,ACCONCIATORE,0.0,30.0,True,False,False,False,False
145,VIA,PECCHIO GIUSEPPE,17,2240.0,3,ACCONCIATORE,0.0,48.0,True,False,False,False,False
148,VIA,PEZZOTTI GIOVANNI,19,5244.0,5,ACCONCIATORE,0.0,63.0,True,False,False,False,False
151,VIA,PIRANO,4,2483.0,2,ACCONCIATORE,0.0,65.0,True,False,False,False,False
152,VIA,PLINIO CAIO SECONDO,46,2144.0,3,ACCONCIATORE,0.0,25.0,True,False,False,False,False
153,VIA,PONTE SEVESO,22,1203.0,2,ACCONCIATORE,0.0,46.0,True,False,False,False,False
156,VIA,PRINCIPE EUGENIO,22,7223.0,8,ACCONCIATORE,0.0,35.0,True,False,False,False,False
157,VIA,PRINCIPE EUGENIO,25,7223.0,8,ACCONCIATORE,0.0,30.0,True,False,False,False,False
158,VIA,PULCI LUIGI,15,1622.0,9,ACCONCIATORE,0.0,45.0,True,False,False,False,False
159,VIA,QUARENGHI GIACOMO,8,7478.0,8,ACCONCIATORE,0.0,35.0,True,False,False,False,False
160,VIA,REMBRANDT,65,6618.0,7,ACCONCIATORE,0.0,30.0,True,False,False,False,False
161,VIA,RIPAMONTI GIUSEPPE,128,4066.0,5,ACCONCIATORE,0.0,36.0,True,False,False,False,False
162,VIA,RONCHI,39,2655.0,3,ACCONCIATORE,0.0,20.0,True,False,False,False,False
163,VIA,RUBENS PIETRO,14,6597.0,7,ACCONCIATORE,0.0,35.0,True,False,False,False,False
171,VIA,S. GIOV. SUL MURO,12,609.0,1,ACCONCIATORE,1.0,80.0,True,False,False,False,False
164,VIA,SALA DEI LONGOBARDI,2,217.0,1,ACCONCIATORE,0.0,30.0,True,False,False,False,False
165,VIA,SAN GREGORIO,27,2123.0,3,ACCONCIATORE,2.0,55.0,True,False,False,False,False
166,VIA,SAN LUCA,4,5193.0,1,ACCONCIATORE,0.0,30.0,True,False,False,False,False
170,VIA,SAN VINCENZO,20,5098.0,1,ACCONCIATORE,0.0,30.0,True,False,False,False,False
168,VIA,SANT' EUFEMIA,17,405.0,1,ACCONCIATORE,0.0,31.0,True,False,False,False,False
169,VIA,SANTISSIMI NABORE E FELICE,1,6621.0,7,ACCONCIATORE,0.0,41.0,True,False,False,False,False
174,VIA,TARAMELLI TORQUATO,70,1164.0,2,ACCONCIATORE,0.0,21.0,True,False,False,False,False
177,VIA,TARTINI GIUSEPPE,12,1501.0,9,ACCONCIATORE,0.0,54.0,True,False,False,False,False
178,VIA,TRAIANO MARCO ULPIO,64,7157.0,8,ACCONCIATORE,0.0,55.0,True,False,False,False,False
179,VIA,TRIESTE,19,6261.0,7,ACCONCIATORE,0.0,54.0,True,False,False,False,False
180,VIA,TRIVULZIO ANTONIO TOLOMEO,2,6277.0,7,ACCONCIATORE,0.0,45.0,True,False,False,False,False
181,VIA,VAL DI BONDO,14,1648.0,9,ACCONCIATORE,0.0,50.0,True,False,False,False,False
182,VIA,VAL TROMPIA,41,7494.0,8,ACCONCIATORE,0.0,30.0,True,False,False,False,False
183,VIA,VARESINA,68,7290.0,8,ACCONCIATORE,0.0,30.0,True,False,False,False,False
184,VIA,VITRUVIO,35,2134.0,3,ACCONCIATORE,0.0,19.0,True,False,False,False,False
185,VIA,VIVIANI VINCENZO,2,1185.0,9,ACCONCIATORE,0.0,62.0,True,False,False,False,False
186,VIA,WASHINGTON GIORGIO,15,6111.0,7,ACCONCIATORE,0.0,35.0,True,False,False,False,False
188,VIA,ZECCA VECCHIA,4,565.0,1,ACCONCIATORE,0.0,32.0,True,False,False,False,False
191,VLE,D'ANNUNZIO GABRIELE,25,5170.0,1,ACCONCIATORE,0.0,15.0,True,False,False,False,False
192,VLE,DELLE RIMEMBRANZE DI GRECO,8,1412.0,2,ACCONCIATORE,0.0,30.0,True,False,False,False,False
193,VLE,DORIA ANDREA,12,2230.0,2,ACCONCIATORE,0.0,42.0,True,False,False,False,False
194,VLE,FAMAGOSTA,48,5353.0,6,ACCONCIATORE,0.0,46.0,True,False,False,False,False
196,VLE,PIAVE,21,2179.0,1,ACCONCIATORE,0.0,47.0,True,False,False,False,False
197,VLE,REGINA GIOVANNA,30,2157.0,3,ACCONCIATORE,0.0,79.0,True,False,False,False,False
198,VLE,REGINA GIOVANNA,42,2157.0,3,ACCONCIATORE,8.0,17.0,True,False,False,False,False
199,VLE,REGINA MARGHERITA,2,3059.0,1,ACCONCIATORE,0.0,36.0,True,False,False,False,False
200,VLE,SABOTINO,8,4046.0,5,ACCONCIATORE,0.0,46.0,True,False,False,False,False
201,VLE,STELVIO,39,1227.0,9,ACCONCIATORE,0.0,25.0,True,False,False,False,False
202,VLE,TESTI FULVIO,70,1441.0,9,ACCONCIATORE,0.0,45.0,True,False,False,False,False
203,VLE,TROYA CARLO,4,5140.0,6,ACCONCIATORE,0.0,70.0,True,False,False,False,False
204,VLE,UMBRIA,35,3145.0,4,ACCONCIATORE,0.0,53.0,True,False,False,False,False
205,VLE,UMBRIA,53,3145.0,4,ACCONCIATORE,0.0,35.0,True,False,False,False,False
206,VLE,UMBRIA,99,3145.0,4,ACCONCIATORE,0.0,50.0,True,False,False,False,False
207,VLE,VITTORIO VENETO,6,2107.0,3,ACCONCIATORE,0.0,45.0,True,False,False,False,False
799,CSO,BUENOS AIRES,23,2129.0,3,ACCONCIATORE,0.0,45.0,True,True,False,False,False
801,VIA,MONTEGANI LODOVICO,10,5330.0,5,ACCONCIATORE,0.0,45.0,True,True,False,False,False
802,VIA,RENZO E LUCIA,1,5412.0,5,ACCONCIATORE,16.0,18.0,True,True,False,False,False
868,VLE,MONZA,38,2274.0,2,ACCONCIATORE,0.0,86.0,True,True,True,False,False
925,CSO,VENEZIA,13,238.0,1,ACCONCIATORE,0.0,30.0,True,False,False,False,False
926,PLE,PERRUCCHETTI GIUSEPPE,1,6632.0,7,ACCONCIATORE,0.0,30.0,True,False,False,False,False
927,VIA,SAINT BON SIMONE,38,6670.0,7,CENTRO ABBRONZATURA,0.0,45.5,False,False,True,False,False
928,VLE,COL DI LANA,12,5198.0,5,CENTRO ABBRONZATURA,0.0,56.0,False,False,True,False,False
929,PZA,LIMA,2,2135.0,3,CENTRO ABBRONZATURA,0.0,38.0,False,False,True,False,False
930,VIA,CIVITALI MATTEO,7,6569.0,7,CENTRO ABBRONZATURA,0.0,56.0,False,False,True,False,False
931,VIA,DEI VALTORTA,22,2324.0,2,CENTRO ABBRONZATURA,0.0,156.0,False,False,True,False,False
932,VIA,DOGANA,3,341.0,1,CENTRO ABBRONZATURA,0.0,45.5,False,False,True,False,False
933,VIA,LECCO,6,2110.0,3,CENTRO ABBRONZATURA,8.0,25.0,False,False,True,False,False
934,VIA,LODOVICO IL MORO,61,5290.0,6,CENTRO ABBRONZATURA,0.0,45.5,False,False,True,False,False
935,VIA,MANZONI ALESSANDRO,31,230.0,1,CENTRO ABBRONZATURA,0.0,7.0,False,False,True,False,False
936,VIA,MODESTINO,1,5112.0,1,CENTRO ABBRONZATURA,0.0,136.0,False,False,True,False,False
937,VIA,MORAZZONE,8,7131.0,1,CENTRO ABBRONZATURA,28.0,12.0,False,False,True,False,False
938,VIA,OZANAM FEDERICO,9,2143.0,3,CENTRO ABBRONZATURA,13.0,27.0,False,False,True,False,False
939,VIA,PADOVA,41,2275.0,2,CENTRO ABBRONZATURA,0.0,45.5,False,False,True,False,False
940,VIA,POGGIBONSI,14,6601.0,7,CENTRO ABBRONZATURA,0.0,56.0,False,False,True,False,False
941,VIA,POLONIA,10,7505.0,8,CENTRO ABBRONZATURA,0.0,35.0,False,False,True,False,False
942,VIA,PONTE SEVESO,36,1203.0,2,CENTRO ABBRONZATURA,0.0,45.5,False,False,True,False,False
943,VIA,REMBRANDT,56,6618.0,7,CENTRO ABBRONZATURA,0.0,30.0,False,False,True,False,False
944,VIA,RIPAMONTI GIUSEPPE,246,4066.0,5,CENTRO ABBRONZATURA,0.0,55.0,False,False,True,False,False
945,VIA,STAMIRA D'ANCONA,27,2337.0,2,CENTRO ABBRONZATURA,0.0,45.0,False,False,True,False,False
946,VIA,STAZIO CECILIO,18,2280.0,2,CENTRO ABBRONZATURA,0.0,45.5,False,False,True,False,False
947,VIA,VALLA LORENZO,14,5336.0,5,CENTRO ABBRONZATURA,0.0,30.0,False,False,True,False,False
948,VLE,ARETUSA,30,6565.0,7,CENTRO ABBRONZATURA,0.0,48.0,False,False,True,False,False
949,VLE,BIANCA MARIA,3,3050.0,1,CENTRO ABBRONZATURA,0.0,51.0,False,False,True,False,False
950,VLE,BLIGNY,23,4045.0,5,CENTRO ABBRONZATURA,0.0,46.0,False,False,True,False,False
951,VLE,LEGIONI ROMANE,55,6649.0,6,CENTRO ABBRONZATURA,0.0,25.0,False,False,True,False,False
952,VLE,LOMBARDIA,63,2400.0,3,CENTRO ABBRONZATURA,0.0,29.0,False,False,True,False,False
953,VLE,STELVIO,72,1227.0,9,CENTRO ABBRONZATURA,1.0,180.0,False,False,True,False,False
954,VIA,EMO ANGELO,19,2518.0,2,ESTETISTA,4.0,52.0,False,True,True,False,False
955,CSO,INDIPENDENZA,6,3118.0,4,CENTRO ABBRONZATURA,0.0,38.0,False,False,True,False,False
956,CSO,LODI,113,4068.0,4,CENTRO ABBRONZATURA,1.0,38.0,False,False,True,False,False
957,PLE,LAGOSTA,2,1155.0,9,CENTRO ABBRONZATURA,11.0,33.0,False,False,True,False,False
958,PZA,CARTAGINE,4,3327.0,4,CENTRO ABBRONZATURA,0.0,62.0,False,False,True,False,False
959,PZA,SEI FEBBRAIO,12,6358.0,8,CENTRO ABBRONZATURA,0.0,67.0,False,False,True,False,False
960,RIP,DI PTA TICINESE,129,5150.0,6,CENTRO ABBRONZATURA,14.0,44.0,False,False,True,False,False
961,VIA,ALCUINO,7,7165.0,8,CENTRO ABBRONZATURA,0.0,45.5,False,False,True,False,False
962,VIA,AMADEO GIAN ANTONIO,40,3228.0,3,CENTRO ABBRONZATURA,0.0,45.5,False,False,True,False,False
963,VIA,AMPERE ANDREA MARIA,120,2428.0,3,CENTRO ABBRONZATURA,0.0,45.5,False,False,True,False,False
964,VIA,ANSELMO DA BAGGIO,63,6782.0,7,CENTRO ABBRONZATURA,0.0,38.0,False,False,True,False,False
965,VIA,AOSTA,13,7227.0,8,CENTRO ABBRONZATURA,0.0,50.0,False,False,True,False,False
966,VIA,ARIMONDI GIUSEPPE,1,7179.0,8,CENTRO ABBRONZATURA,0.0,30.0,False,False,True,False,False
967,VIA,ARNOLFO DI CAMBIO,2,7230.0,8,CENTRO ABBRONZATURA,0.0,35.0,False,False,True,False,False
968,VIA,ASELLI GASPARE,29,3167.0,3,CENTRO ABBRONZATURA,0.0,51.0,False,False,True,False,False
969,VIA,ASTESANI ALESSANDRO,4,1558.0,9,CENTRO ABBRONZATURA,23.0,21.0,False,False,True,False,False
970,VIA,BENADIR,14,2380.0,2,CENTRO ABBRONZATURA,0.0,104.0,False,False,True,False,False
971,VIA,BIGLI,20,224.0,1,CENTRO ABBRONZATURA,0.0,45.5,False,False,True,False,False
972,VIA,BIXIO NINO,10,3133.0,3,CENTRO ABBRONZATURA,0.0,45.5,False,False,True,False,False
973,VIA,BRENO,2,4149.0,4,CENTRO ABBRONZATURA,0.0,53.0,False,False,True,False,False
974,VIA,BRIOSCHI FRANCESCO,44,5243.0,5,CENTRO ABBRONZATURA,0.0,99.0,False,False,True,False,False
976,VIA,CARDUCCI GIOSUE',19,602.0,1,CENTRO ABBRONZATURA,15.0,45.0,False,False,True,False,False
978,VIA,CASCINA BAROCCO,9,6695.0,7,CENTRO ABBRONZATURA,0.0,39.0,False,False,True,False,False
979,VIA,CASELLA GIOVANNI BATTISTA,17,7382.0,8,CENTRO ABBRONZATURA,0.0,118.0,False,False,True,False,False
980,VIA,CASTEL MORRONE,12,3185.0,3,CENTRO ABBRONZATURA,0.0,39.0,False,False,True,False,False
981,VIA,CENISIO,14,7184.0,8,CENTRO ABBRONZATURA,0.0,50.0,False,False,True,False,False
982,VIA,CENISIO,36,7184.0,8,CENTRO ABBRONZATURA,0.0,35.0,False,False,True,False,False
983,VIA,CERVIGNANO,1,3218.0,4,CENTRO ABBRONZATURA,0.0,37.0,False,False,True,False,False
984,VIA,CIVITALI MATTEO,13,6569.0,7,CENTRO ABBRONZATURA,0.0,35.0,False,False,True,False,False
985,VIA,CRESCENZAGO,34,2396.0,3,CENTRO ABBRONZATURA,17.0,70.0,False,False,True,False,False
986,VIA,CUSTODI PIETRO,10,5199.0,5,CENTRO ABBRONZATURA,0.0,35.0,False,False,True,False,False
992,VIA,DE SANCTIS FRANCESCO,45,5322.0,5,CENTRO ABBRONZATURA,0.0,46.0,False,False,True,False,False
987,VIA,DEL DON,5,596.0,1,CENTRO ABBRONZATURA,0.0,40.0,False,False,True,False,False
990,VIA,DEL RICORDO,1,2496.0,2,CENTRO ABBRONZATURA,0.0,45.5,False,False,True,False,False
991,VIA,DEL TURCHINO,13,3337.0,4,CENTRO ABBRONZATURA,0.0,49.0,False,False,True,False,False
988,VIA,DELLA CHIESA ROSSA,33,5321.0,5,CENTRO ABBRONZATURA,0.0,40.0,False,False,True,False,False
989,VIA,DELLA TORRE,34,2322.0,2,CENTRO ABBRONZATURA,0.0,45.5,False,False,True,False,False
993,VIA,EDOLO,28,1217.0,2,CENTRO ABBRONZATURA,0.0,25.0,False,False,True,False,False
994,VIA,FAA' DI BRUNO EMILIO,10,4095.0,4,CENTRO ABBRONZATURA,0.0,95.0,False,False,True,False,False
995,VIA,FANFULLA DA LODI,2,2364.0,2,CENTRO ABBRONZATURA,0.0,43.0,False,False,True,False,False
996,VIA,FARINI CARLO,42,1114.0,9,CENTRO ABBRONZATURA,0.0,38.0,False,False,True,False,False
997,VIA,FARINI CARLO,55,1114.0,9,CENTRO ABBRONZATURA,0.0,45.5,False,False,True,False,False
998,VIA,FAUCHE' GIOVANNI BATTISTA,37,7192.0,8,CENTRO ABBRONZATURA,2.0,34.0,False,False,True,False,False
999,VIA,FERRARI GAUDENZIO,12,5167.0,1,CENTRO ABBRONZATURA,0.0,35.0,False,False,True,False,False
1000,VIA,FILZI FABIO,15,1190.0,2,CENTRO ABBRONZATURA,0.0,50.0,False,False,True,False,False
1001,VIA,FIUGGI,44,1328.0,9,CENTRO ABBRONZATURA,0.0,35.0,False,False,True,False,False
1002,VIA,FRIULI,61,3199.0,4,CENTRO ABBRONZATURA,0.0,30.0,False,False,True,False,False
1003,VIA,GALLARATE,42,7420.0,8,CENTRO ABBRONZATURA,0.0,57.0,False,False,True,False,False
1004,VIA,GIAMBELLINO,110,5136.0,6,CENTRO ABBRONZATURA,1.0,30.0,False,False,True,False,False
1005,VIA,GIAMBELLINO,128,5136.0,6,CENTRO ABBRONZATURA,17.0,40.0,False,False,True,False,False
1006,VIA,GIAMBELLINO,42,5136.0,6,CENTRO ABBRONZATURA,0.0,65.0,False,False,True,False,False
1007,VIA,GLUCK CRISTOFORO,5,1215.0,2,CENTRO ABBRONZATURA,0.0,87.0,False,False,True,False,False
1008,VIA,INAMA VIRGILIO,25,3169.0,3,CENTRO ABBRONZATURA,0.0,45.5,False,False,True,False,False
1009,VIA,LAZZARETTO,2,2112.0,3,CENTRO ABBRONZATURA,0.0,52.0,False,False,True,False,False
1010,VIA,LECCO,12,2110.0,3,CENTRO ABBRONZATURA,0.0,45.5,False,False,True,False,False
1011,VIA,LECCO,4,2110.0,3,CENTRO ABBRONZATURA,0.0,50.0,False,False,True,False,False
1012,VIA,LEONCAVALLO RUGGERO,12,2389.0,3,CENTRO ABBRONZATURA,25.0,18.0,False,False,True,False,False
1013,VIA,LEPETIT ROBERTO,29,2096.0,2,CENTRO ABBRONZATURA,77.0,67.0,False,False,True,False,False
1014,VIA,LEPONTINA,2,1147.0,9,CENTRO ABBRONZATURA,0.0,45.5,False,False,True,False,False
1015,VIA,LIVIGNO,6A,1296.0,9,CENTRO ABBRONZATURA,0.0,45.5,False,False,True,False,False
1016,VIA,LOMELLINA,26,3280.0,4,CENTRO ABBRONZATURA,0.0,50.0,False,False,True,False,False
1017,VIA,LULLI GIOVANNI,1,2253.0,3,CENTRO ABBRONZATURA,0.0,36.0,False,False,True,False,False
1018,VIA,MADERNA BRUNO,2,3382.0,4,CENTRO ABBRONZATURA,12.0,80.0,False,False,True,False,False
1019,VIA,MARCELLO BENEDETTO,10,2128.0,3,CENTRO ABBRONZATURA,0.0,30.0,False,False,True,False,False
1020,VIA,MARCO D'AGRATE,14,4276.0,5,CENTRO ABBRONZATURA,0.0,86.0,False,False,True,False,False
1021,VIA,MARONCELLI PIETRO,19,1113.0,9,CENTRO ABBRONZATURA,0.0,32.0,False,False,True,False,False
1022,VIA,MEDA GIUSEPPE,38,5242.0,5,CENTRO ABBRONZATURA,0.0,63.0,False,False,True,False,False
1023,VIA,MENABREA LUIGI FEDERICO,20,1322.0,9,CENTRO ABBRONZATURA,0.0,58.0,False,False,True,False,False
1024,VIA,MENOTTI CIRO,35,3184.0,3,CENTRO ABBRONZATURA,12.0,15.0,False,False,True,False,False
1025,VIA,MEUCCI ANTONIO,22,2497.0,2,CENTRO ABBRONZATURA,46.0,42.0,False,False,True,False,False
1026,VIA,MONTEVIDEO,4,6091.0,6,CENTRO ABBRONZATURA,0.0,46.0,False,False,True,False,False
1027,VIA,MURATORI LODOVICO,7,4076.0,4,CENTRO ABBRONZATURA,0.0,13.0,False,False,True,False,False
1028,VIA,NICCOLINI GIOVANNI BATTISTA,16,7129.0,1,CENTRO ABBRONZATURA,0.0,45.5,False,False,True,False,False
1029,VIA,NOVARA,139,6624.0,7,CENTRO ABBRONZATURA,0.0,42.0,False,False,True,False,False
1030,VIA,PACINI GIOVANNI,22,2571.0,3,CENTRO ABBRONZATURA,41.0,34.0,False,False,True,False,False
1031,VIA,PACINOTTI FRA' ANTONIO,8,7259.0,8,CENTRO ABBRONZATURA,0.0,45.5,False,False,True,False,False
1032,VIA,PADOVA,154,2275.0,2,CENTRO ABBRONZATURA,0.0,45.5,False,False,True,False,False
1033,VIA,PADOVA,235,2275.0,2,CENTRO ABBRONZATURA,0.0,42.0,False,False,True,False,False
1034,VIA,PALLADIO ANDREA,3A,4213.0,5,CENTRO ABBRONZATURA,0.0,30.0,False,False,True,False,False
1035,VIA,PALMANOVA,28,2390.0,3,CENTRO ABBRONZATURA,0.0,68.0,False,False,True,False,False
1036,VIA,PALMANOVA,54,2390.0,3,CENTRO ABBRONZATURA,0.0,35.0,False,False,True,False,False
1037,VIA,PERGOLESI GIOVANNI BATTISTA,7,2231.0,3,CENTRO ABBRONZATURA,0.0,55.0,False,False,True,False,False
1038,VIA,PETRELLA ERRICO,4,2137.0,3,CENTRO ABBRONZATURA,0.0,30.0,False,False,True,False,False
1039,VIA,PETROCCHI POLICARPO,21,2320.0,2,CENTRO ABBRONZATURA,0.0,45.5,False,False,True,False,False
1040,VIA,PIERLUIGI GIOVANNI DA PALESTRINA,22,2235.0,3,CENTRO ABBRONZATURA,0.0,53.0,False,False,True,False,False
1041,VIA,PISTRUCCI SCIPIONE,23,3215.0,4,CENTRO ABBRONZATURA,0.0,45.5,False,False,True,False,False
1042,VIA,PLINIO CAIO SECONDO,61,2144.0,3,CENTRO ABBRONZATURA,0.0,45.5,False,False,True,False,False
1044,VIA,PORRO LAMBERTENGHI LUIGI,15,1142.0,9,CENTRO ABBRONZATURA,0.0,50.0,False,False,True,False,False
1045,VIA,PROCACCINI GIULIO CESARE,21,7204.0,8,CENTRO ABBRONZATURA,0.0,40.0,False,False,True,False,False
1046,VIA,RIPAMONTI GIUSEPPE,195,4066.0,5,CENTRO ABBRONZATURA,0.0,45.5,False,False,True,False,False
1047,VIA,RIPAMONTI GIUSEPPE,213,4066.0,5,CENTRO ABBRONZATURA,0.0,35.0,False,False,True,False,False
1048,VIA,RIPAMONTI GIUSEPPE,27,4066.0,5,CENTRO ABBRONZATURA,0.0,136.0,False,False,True,False,False
1050,VIA,SAN GREGORIO,27,2123.0,3,CENTRO ABBRONZATURA,0.0,45.5,False,False,True,False,False
1049,VIA,SANFELICE LUISA,10,3224.0,4,CENTRO ABBRONZATURA,0.0,35.0,False,False,True,False,False
1052,VIA,SANTA RITA DA CASCIA,3,5301.0,6,CENTRO ABBRONZATURA,0.0,53.0,False,False,True,False,False
1053,VIA,SIRTORI GIUSEPPE,4,2180.0,3,CENTRO ABBRONZATURA,0.0,45.5,False,False,True,False,False
1054,VIA,SISMONDI GIANCARLO,38,3256.0,4,CENTRO ABBRONZATURA,0.0,45.0,False,False,True,False,False
1055,VIA,SISMONDI GIANCARLO,48,3256.0,4,CENTRO ABBRONZATURA,0.0,45.5,False,False,True,False,False
1056,VIA,TADINO ALESSANDRO,19,2109.0,3,CENTRO ABBRONZATURA,0.0,45.5,False,False,True,False,False
1057,VIA,TAJANI FILIPPO,10,3235.0,3,CENTRO ABBRONZATURA,0.0,45.5,False,False,True,False,False
1060,VIA,TARTINI GIUSEPPE,34,1328.0,9,CENTRO ABBRONZATURA,0.0,45.5,False,False,True,False,False
1061,VIA,TENCA CARLO,24,2118.0,2,CENTRO ABBRONZATURA,0.0,35.0,False,False,True,False,False
1062,VIA,TEODOSIO,83,2550.0,3,CENTRO ABBRONZATURA,0.0,77.0,False,False,True,False,False
1063,VIA,TITO LIVIO,17,4086.0,4,CENTRO ABBRONZATURA,0.0,45.5,False,False,True,False,False
1064,VIA,TORRIANI NAPO,12,2126.0,2,CENTRO ABBRONZATURA,0.0,78.0,False,False,True,False,False
1065,VIA,TORRIANI NAPO,22,2126.0,2,CENTRO ABBRONZATURA,0.0,40.0,False,False,True,False,False
1066,VIA,TORRICELLI EVANGELISTA,3,5240.0,5,CENTRO ABBRONZATURA,0.0,49.0,False,False,True,False,False
1067,VIA,TRAIANO MARCO ULPIO,58,7157.0,8,CENTRO ABBRONZATURA,0.0,45.5,False,False,True,False,False
1068,VIA,UCCELLO PAOLO,14,6421.0,8,CENTRO ABBRONZATURA,0.0,40.0,False,False,True,False,False
1069,VIA,VALENZA,5,5121.0,6,CENTRO ABBRONZATURA,20.0,60.0,False,False,True,False,False
1070,VIA,VARANINI LUIGI,12,2288.0,2,CENTRO ABBRONZATURA,12.0,63.0,False,False,True,False,False
1071,VIA,VENINI GIULIO E CORRADO,43,2258.0,2,CENTRO ABBRONZATURA,0.0,45.5,False,False,True,False,False
1072,VIA,VENINI GIULIO E CORRADO,91,2258.0,2,CENTRO ABBRONZATURA,0.0,45.5,False,False,True,False,False
1073,VIA,ZANELLA GIACOMO,27,3257.0,4,CENTRO ABBRONZATURA,7.0,54.0,False,False,True,False,False
1074,VIA,ZURETTI GIANFRANCO,35,1216.0,2,CENTRO ABBRONZATURA,0.0,47.0,False,False,True,False,False
1075,VLE,ABRUZZI,68,2177.0,3,CENTRO ABBRONZATURA,0.0,52.0,False,False,True,False,False
1076,VLE,ARETUSA,17,6565.0,7,CENTRO ABBRONZATURA,32.0,32.0,False,False,True,False,False
1077,VLE,BEZZI ERGISTO,77,6272.0,7,CENTRO ABBRONZATURA,16.0,77.0,False,False,True,False,False
1078,VLE,CAMPANIA,49,3100.0,4,CENTRO ABBRONZATURA,0.0,45.5,False,False,True,False,False
1079,VLE,CERTOSA,139,7174.0,8,CENTRO ABBRONZATURA,11.0,55.0,False,False,True,False,False
1080,VLE,CRISPI FRANCESCO,5A,1063.0,1,CENTRO ABBRONZATURA,0.0,30.0,False,False,True,False,False
1081,VLE,D'ANNUNZIO GABRIELE,1,5170.0,1,CENTRO ABBRONZATURA,0.0,29.0,False,False,True,False,False
1082,VLE,GRAN SASSO,9,2243.0,3,CENTRO ABBRONZATURA,0.0,46.0,False,False,True,False,False
1083,VLE,LUCANIA,21,4173.0,4,CENTRO ABBRONZATURA,0.0,45.5,False,False,True,False,False
1084,VLE,MONZA,243,2274.0,2,CENTRO ABBRONZATURA,0.0,30.0,False,False,True,False,False
1085,VLE,PISA,45,6615.0,7,CENTRO ABBRONZATURA,20.0,24.0,False,False,True,False,False
1086,VLE,RODI,91,1623.0,9,CENTRO ABBRONZATURA,0.0,45.5,False,False,True,False,False
1087,VLE,SUZZANI GIOVANNI,18,1446.0,9,CENTRO ABBRONZATURA,0.0,45.0,False,False,True,False,False
1088,VLE,UMBRIA,41,3145.0,4,CENTRO ABBRONZATURA,1.0,89.0,False,False,True,False,False
1089,VIA,MANTOVA,13,4217.0,5,CENTRO ABBRONZATURA,6.0,75.0,False,False,True,False,False
1106,PZA,OBERDAN GUGLIELMO,3,2108.0,3,TATUAGGI E PIERCING,0.0,34.5,False,False,False,False,True
1107,VIA,VAL TROMPIA,45,7494.0,8,TATUAGGI E PIERCING,25.0,24.0,False,False,False,False,True
1108,VIA,VOLVINIO,31,5333.0,5,TATUAGGI E PIERCING,0.0,34.5,False,False,False,False,True
1109,VLE,CORSICA,16,3262.0,4,TATUAGGI E PIERCING,25.0,28.0,False,False,False,False,True
1110,VLE,PAPINIANO,22A,5097.0,1,TATUAGGI E PIERCING,0.0,34.5,False,False,False,False,True
1111,PZA,DEL TRICOLORE,4,3047.0,1,ESTETISTA,0.0,43.0,False,True,False,False,False
1112,VIA,ANFOSSI AUGUSTO,9,3071.0,4,ESTETISTA,0.0,37.0,False,True,False,False,False
1113,VIA,ASTICO,18,2462.0,2,ESTETISTA,0.0,32.0,False,True,False,False,False
1114,VIA,BONVESIN DE LA RIVA,9,3087.0,4,ESTETISTA,0.0,43.0,False,True,False,False,False
1115,VIA,BROCCHI GIAN BATTISTA,NOT-AVAILABLE,2562.0,3,ESTETISTA,0.0,37.0,False,True,False,False,False
1116,VIA,CADORE,29,3077.0,4,ESTETISTA,0.0,50.0,False,True,False,False,False
1117,VIA,CAPECELATRO ALFONSO,87,6575.0,7,ESTETISTA,0.0,43.0,False,True,False,False,False
1118,VIA,DEGLI OROMBELLI,18,2579.0,3,ESTETISTA,0.0,52.0,False,True,False,False,False
1120,VIA,DEL TURCHINO,17,3337.0,4,ESTETISTA,0.0,27.0,False,True,False,False,False
1121,VIA,MELLONI MACEDONIO,37,3085.0,4,ESTETISTA,0.0,43.0,False,True,False,False,False
1122,VIA,MORA GIAN GIACOMO,5,594.0,1,ESTETISTA,0.0,43.0,False,True,False,False,False
1123,VIA,PADOVA,154,2275.0,2,ESTETISTA,0.0,43.0,False,True,False,False,False
1124,VIA,PALMANOVA,127,2390.0,2,ESTETISTA,0.0,24.0,False,True,False,False,False
1125,VIA,PISACANE CARLO,3,2188.0,3,ESTETISTA,0.0,16.0,False,True,False,False,False
1126,VIA,PORDENONE,28,2650.0,3,ESTETISTA,0.0,43.0,False,True,False,False,False
1128,VIA,VISCONTI DI MODRONE UBERTO,38,361.0,1,ESTETISTA,0.0,32.0,False,True,False,False,False
1129,VLE,BRENTA,7,4151.0,4,ESTETISTA,0.0,34.0,False,True,False,False,False
1130,VLE,SABOTINO,12,4046.0,5,ESTETISTA,0.0,43.0,False,True,False,False,False
1131,VLE,CAMPANIA,26,3100.0,4,ESTETISTA,0.0,12.0,False,True,False,True,False
1132,VIA,EUSTACHI BARTOLOMEO,38,2165.0,3,ESTETISTA,6.0,40.0,False,True,False,False,False
1133,CSO,GARIBALDI GIUSEPPE,110,1010.0,1,ACCONCIATORE,0.0,88.0,True,True,False,False,False
1134,VIA,BOIARDO MATTEO MARIA,33,2323.0,2,ACCONCIATORE,70.0,56.0,True,True,False,False,False
1136,VIA,GRIGNA,15,7239.0,8,ACCONCIATORE,0.0,50.0,True,True,False,False,False
1137,VIA,PRINCIPE AMEDEO,NOT-AVAILABLE,1054.0,1,ACCONCIATORE,0.0,50.0,True,True,False,False,False
1139,VIA,GALLURA,1,4256.0,5,ESTETISTA,12.0,18.0,False,True,False,False,False
1140,VLE,ROMAGNA,67,3102.0,3,ACCONCIATORE,3.0,38.0,True,True,False,False,False
1141,CSO,COMO,11,1111.0,9,ACCONCIATORE,0.0,23.0,True,False,False,False,False
1142,CSO,CONCORDIA,6,3116.0,4,ACCONCIATORE,0.0,30.0,True,False,False,False,False
1144,CSO,SAN GOTTARDO,11,5203.0,5,ACCONCIATORE,15.0,25.0,True,False,False,False,False
1145,PLE,GOVERNO PROVVISORIO DI LOMBARDIA,6,2331.0,2,ACCONCIATORE,0.0,17.0,True,False,False,False,False
1146,PZA,FRATTINI PIETRO,15,5389.0,6,ACCONCIATORE,0.0,22.0,True,False,False,False,False
1147,PZA,OBERDAN GUGLIELMO,3,2108.0,3,ACCONCIATORE,0.0,61.0,True,False,False,False,False
1148,VIA,ALESSI GALEAZZO,11,5169.0,1,ACCONCIATORE,0.0,30.0,True,False,False,False,False
1149,VIA,ARGANINI GEROLAMO,26,1710.0,9,ACCONCIATORE,5.0,56.0,True,False,False,False,False
1150,VIA,CARABELLI RODOLFO,2,4096.0,4,ACCONCIATORE,0.0,31.0,True,False,False,False,False
1151,VIA,CARPI EUGENIO,4,2557.0,3,ACCONCIATORE,0.0,34.0,True,False,False,False,False
1156,VIA,DE ROSSI GIOVANNI BATTISTA,1,7401.0,8,ACCONCIATORE,0.0,35.0,True,False,False,False,False
1153,VIA,DEI BIANCOSPINI,12,6711.0,6,ACCONCIATORE,0.0,17.0,True,False,False,False,False
1154,VIA,DEI TRANSITI,27,2284.0,2,ACCONCIATORE,0.0,33.0,True,False,False,False,False
1157,VIA,DURAZZO,5,2658.0,3,ACCONCIATORE,0.0,30.0,True,False,False,False,False
1159,VIA,F.LLI BRONZETTI,26,3089.0,4,ACCONCIATORE,0.0,25.0,True,False,False,False,False
1158,VIA,FARA GUSTAVO,31,1183.0,9,ACCONCIATORE,0.0,24.0,True,False,False,False,False
1160,VIA,FORNI GEROLAMO,72,1677.0,9,ACCONCIATORE,0.0,48.0,True,False,False,False,False
1161,VIA,LORIA MOISE',76,6100.0,7,ACCONCIATORE,0.0,37.0,True,False,False,False,False
1163,VIA,ISERNIA,5,6461.0,8,ACCONCIATORE,0.0,30.0,True,False,False,False,False
1166,VIA,MAINONI D'INTIGNANO LUIGI,1,1432.0,9,ACCONCIATORE,0.0,38.0,True,False,False,False,False
1167,VIA,MENABREA LUIGI FEDERICO,14,1322.0,9,ACCONCIATORE,0.0,21.0,True,False,False,False,False
1168,VIA,MENOTTI CIRO,8,3184.0,3,ACCONCIATORE,0.0,42.0,True,False,False,False,False
1169,VIA,MOSCA ANTONIO,187,6788.0,7,ACCONCIATORE,0.0,30.0,True,False,False,False,False
1170,VIA,OLGETTINA,60,2530.0,3,ACCONCIATORE,0.0,30.0,True,False,False,False,False
1171,VIA,OLTROCCHI BALDASSARE,7,3217.0,4,ACCONCIATORE,0.0,33.0,True,False,False,False,False
1173,VIA,PASTEUR LUIGI,6,2283.0,2,ACCONCIATORE,0.0,30.0,True,False,False,False,False
1174,VIA,PASTRENGO,1,1127.0,9,ACCONCIATORE,0.0,30.0,True,False,False,False,False
1175,VIA,PEZZOTTI GIOVANNI,55,5244.0,5,ACCONCIATORE,0.0,16.0,True,False,False,False,False
1177,VIA,PIERLUIGI GIOVANNI DA PALESTRINA,1,2235.0,3,ACCONCIATORE,0.0,30.0,True,False,False,False,False
1178,VIA,PIERLUIGI GIOVANNI DA PALESTRINA,40,2235.0,2,ACCONCIATORE,0.0,30.0,True,False,False,False,False
1179,VIA,PLINIO CAIO SECONDO,11,2144.0,3,ACCONCIATORE,0.0,50.0,True,False,False,False,False
1180,VIA,PREVIATI GAETANO,21,6384.0,7,ACCONCIATORE,0.0,30.0,True,False,False,False,False
1181,VIA,RAVENNA,14,4281.0,4,ACCONCIATORE,0.0,32.0,True,False,False,False,False
1182,VIA,ROMEO NICOLA,3,5479.0,5,ACCONCIATORE,0.0,93.0,True,False,False,False,False
1183,VIA,ROMILLI ARCIVESCOVO,14,4154.0,5,ACCONCIATORE,0.0,28.0,True,False,False,False,False
1184,VIA,SANTI FERNANDO,8,5461.0,6,ACCONCIATORE,0.0,30.0,True,False,False,False,False
1185,VIA,SAVONA,13,5122.0,6,ACCONCIATORE,0.0,30.0,True,False,False,False,False
1186,VIA,SAVONA,14,5122.0,6,ACCONCIATORE,0.0,30.0,True,False,False,False,False
1187,VIA,SPARTACO,21,3186.0,4,ACCONCIATORE,0.0,30.0,True,False,False,False,False
1190,VIA,ZANELLA GIACOMO,27,3257.0,4,ACCONCIATORE,0.0,30.0,True,False,False,False,False
1191,VLE,ARETUSA,30,6565.0,7,ACCONCIATORE,0.0,30.0,True,False,False,False,False
1192,VLE,BLIGNY,44,4045.0,5,ACCONCIATORE,0.0,30.0,True,False,False,False,False
1193,VLE,BLIGNY,45,4045.0,5,ACCONCIATORE,0.0,30.0,True,False,False,False,False
1194,VLE,CONI ZUGNA,10,5110.0,7,ACCONCIATORE,9.0,46.0,True,False,False,False,False
1195,VLE,CONI ZUGNA,39,5110.0,1,ACCONCIATORE,0.0,30.0,True,False,False,False,False
1197,VLE,ESPINASSE CARLO,43,7390.0,8,ACCONCIATORE,0.0,30.0,True,False,False,False,False
1198,VLE,ETIOPIA,4,6131.0,6,ACCONCIATORE,5.0,15.0,True,False,False,False,False
1199,VLE,FAMAGOSTA,2,5353.0,6,ACCONCIATORE,0.0,34.0,True,False,False,False,False
1200,VLE,MONTE NERO,15,3062.0,1,ACCONCIATORE,17.0,38.0,True,False,False,False,False
1201,VLE,PASUBIO,3,1112.0,1,ACCONCIATORE,0.0,30.0,True,False,False,False,False
1202,VLE,ROMAGNA,12,3102.0,3,ACCONCIATORE,0.0,52.0,True,False,False,False,False
1204,VLE,TIBALDI,8,5234.0,5,ACCONCIATORE,0.0,17.0,True,False,False,False,False
1205,VLE,UMBRIA,16,3145.0,4,ACCONCIATORE,0.0,30.0,True,False,False,False,False
1207,VIA,TIRABOSCHI GEROLAMO,3,4072.0,4,ACCONCIATORE,0.0,50.0,True,True,False,False,False
1208,VIA,VAL MAIRA,14,1098.0,9,ACCONCIATORE,0.0,50.0,True,True,False,False,False
1209,VIA,VALTELLINA,40,1188.0,9,ACCONCIATORE,0.0,50.0,True,True,False,False,False
1210,VLE,ESPINASSE CARLO,84,7390.0,8,ACCONCIATORE,0.0,50.0,True,True,False,False,False
1211,VLE,MONTE NERO,68,3062.0,4,ACCONCIATORE,1.0,40.0,True,True,False,False,False
1212,VIA,CERVA,19,314.0,1,ACCONCIATORE,0.0,54.0,True,True,True,False,False
1213,VIA,FRUGONI CARLO INNOCENZO,23,1606.0,9,ACCONCIATORE,0.0,54.0,True,True,True,False,False
1214,VIA,GIARDINO GAETANO,1,343.0,1,ACCONCIATORE,0.0,55.0,True,True,True,False,False
1216,VLE,FAMAGOSTA,40,5353.0,6,ACCONCIATORE,0.0,54.0,True,True,True,False,False
1217,VLE,PREMUDA,14,3063.0,4,ACCONCIATORE,8.0,17.0,True,True,True,False,False
1218,VLE,TUNISIA,15,2121.0,3,ACCONCIATORE,2.0,27.0,True,True,True,False,False
1219,VLE,UMBRIA,18,3145.0,4,ACCONCIATORE,0.0,54.0,True,True,True,False,False
1206,VIA,MARGHERA,18,6280.0,7,ACCONCIATORE,16.0,94.0,True,True,False,False,False
1220,ALZ,NAVIGLIO GRANDE,34,5144.0,6,ACCONCIATORE,12.0,21.0,True,False,False,False,False
1221,BST,DI PORTA NUOVA,15,1062.0,1,ACCONCIATORE,0.0,44.0,True,False,False,False,False
1222,CSO,BUENOS AIRES,18,2129.0,3,ACCONCIATORE,0.0,29.0,True,False,False,False,False
1223,CSO,BUENOS AIRES,51,2129.0,3,ACCONCIATORE,0.0,30.0,True,False,False,False,False
1225,CSO,BUENOS AIRES,61,2129.0,3,ACCONCIATORE,0.0,45.0,True,False,False,False,False
1226,CSO,COMO,9,1111.0,9,ACCONCIATORE,0.0,34.0,True,False,False,False,False
1227,CSO,CONCORDIA,10,3116.0,4,ACCONCIATORE,4.0,54.0,True,False,False,False,False
1229,CSO,DI PORTA ROMANA,51,402.0,1,ACCONCIATORE,2.0,39.0,True,False,False,False,False
1230,CSO,DI PORTA ROMANA,54,402.0,1,ACCONCIATORE,4.0,30.0,True,False,False,False,False
1231,CSO,DI PORTA TICINESE,50,541.0,1,ACCONCIATORE,5.0,30.0,True,False,False,False,False
1232,CSO,GARIBALDI GIUSEPPE,46,1010.0,1,ACCONCIATORE,0.0,30.0,True,False,False,False,False
1234,CSO,INDIPENDENZA,12,3118.0,4,ACCONCIATORE,17.0,19.0,True,False,False,False,False
1235,CSO,INDIPENDENZA,6,3118.0,4,ACCONCIATORE,0.0,30.0,True,False,False,False,False
1236,CSO,ITALIA,35,526.0,1,ACCONCIATORE,0.0,29.0,True,False,False,False,False
1238,CSO,LODI,15,4068.0,4,ACCONCIATORE,0.0,30.0,True,False,False,False,False
1241,CSO,LODI,62,4068.0,4,ACCONCIATORE,0.0,30.0,True,False,False,False,False
1242,CSO,LODI,74,4068.0,4,ACCONCIATORE,0.0,30.0,True,False,False,False,False
1243,CSO,MAGENTA,66,604.0,1,ACCONCIATORE,0.0,68.0,True,False,False,False,False
1244,CSO,MAGENTA,76,604.0,1,ACCONCIATORE,0.0,30.0,True,False,False,False,False
1245,CSO,SEMPIONE,102,7137.0,8,ACCONCIATORE,0.0,20.0,True,False,False,False,False
1246,CSO,VENEZIA,33,238.0,1,ACCONCIATORE,0.0,62.0,True,False,False,False,False
1247,CSO,VENEZIA,35,238.0,1,ACCONCIATORE,0.0,30.0,True,False,False,False,False
1249,CSO,VENTIDUE MARZO,12,3074.0,4,ACCONCIATORE,0.0,25.0,True,False,False,False,False
1250,CSO,VENTIDUE MARZO,41,3074.0,4,ACCONCIATORE,8.0,40.0,True,False,False,False,False
1251,CSO,VENTIDUE MARZO,8,3074.0,4,ACCONCIATORE,0.0,48.0,True,False,False,False,False
1252,CSO,VERCELLI,35,6193.0,7,ACCONCIATORE,0.0,78.0,True,False,False,False,False
1253,FOR,BUONAPARTE,74,711.0,1,ACCONCIATORE,22.0,48.0,True,False,False,False,False
1254,GLL,BUENOS AIRES,6,2146.0,3,ACCONCIATORE,0.0,34.0,True,False,False,False,False
1255,GLL,PASSARELLA,1,303.0,1,ACCONCIATORE,0.0,78.0,True,False,False,False,False
1256,GLL,PASSARELLA,2,303.0,1,ACCONCIATORE,0.0,70.0,True,False,False,False,False
1257,LGO,BRASILIA,6,6145.0,6,ACCONCIATORE,4.0,18.0,True,False,False,False,False
1258,LGO,DEI GELSOMINI,14,5394.0,6,ACCONCIATORE,0.0,28.0,True,False,False,False,False
1259,LGO,DOMODOSSOLA,7,6140.0,8,ACCONCIATORE,0.0,77.0,True,False,False,False,False
1260,LGO,F.LLI CERVI,1,2218.0,2,ACCONCIATORE,0.0,27.0,True,False,False,False,False
1261,LGO,PROMESSI SPOSI,7,5415.0,5,ACCONCIATORE,25.0,25.0,True,False,False,False,False
1263,PLE,ARDUINO,9,6365.0,8,ACCONCIATORE,0.0,30.0,True,False,False,False,False
1264,PLE,BACONE FRANCESCO,6,2100.0,3,ACCONCIATORE,0.0,30.0,True,False,False,False,False
1265,PLE,BARACCA FRANCESCO,8,6180.0,7,ACCONCIATORE,0.0,71.0,True,False,False,False,False
1266,PLE,BIANCAMANO,2,7083.0,1,ACCONCIATORE,6.0,32.0,True,False,False,False,False
1267,PLE,CANTORE ANTONIO,4,5103.0,6,ACCONCIATORE,6.0,32.0,True,False,False,False,False
1268,PLE,CHIESA DAMIANO,11,7164.0,8,ACCONCIATORE,0.0,20.0,True,False,False,False,False
1270,PLE,ISTRIA,1,1347.0,9,ACCONCIATORE,0.0,29.0,True,False,False,False,False
1271,PLE,ISTRIA,2,1347.0,2,ACCONCIATORE,4.0,52.0,True,False,False,False,False
1272,PLE,LAGOSTA,10,1155.0,9,ACCONCIATORE,0.0,49.0,True,False,False,False,False
1273,PLE,LAVATER,2,2155.0,3,ACCONCIATORE,0.0,30.0,True,False,False,False,False
1275,PLE,LORETO,1,2264.0,2,ACCONCIATORE,0.0,36.0,True,False,False,False,False
1276,PLE,MACIACHINI CARLO,20,1361.0,9,ACCONCIATORE,0.0,34.0,True,False,False,False,False
1277,PLE,MARTINI FERDINANDO,11,3219.0,4,ACCONCIATORE,0.0,16.0,True,False,False,False,False
1279,PLE,MARTINI FERDINANDO,2,3219.0,4,ACCONCIATORE,0.0,30.0,True,False,False,False,False
1280,PLE,SIENA,18,6616.0,7,ACCONCIATORE,34.0,34.0,True,False,False,False,False
1281,PLE,SIENA,9,6616.0,7,ACCONCIATORE,2.0,40.0,True,True,True,False,False
1282,PLE,STAZIONE DI PORTA GENOVA,2,5120.0,6,ACCONCIATORE,0.0,40.0,True,False,False,False,False
1284,PLE,SUSA,6,3101.0,4,ACCONCIATORE,0.0,30.0,True,False,False,False,False
1285,PTA,PATTARI,NOT-AVAILABLE,299.0,1,ACCONCIATORE,0.0,32.0,True,False,False,False,False
1286,PZA,ASPROMONTE,31,2246.0,3,ACCONCIATORE,0.0,26.0,True,False,False,False,False
1287,PZA,BELFANTI SERAFINO,2,5270.0,6,ACCONCIATORE,16.0,29.0,True,False,False,False,False
1288,PZA,BETTINI LIONELLO,5,6653.0,7,ACCONCIATORE,0.0,32.0,True,False,False,False,False
1290,PZA,BUOZZI BRUNO,5,4221.0,4,ACCONCIATORE,12.0,21.0,True,False,False,False,False
1292,PZA,CHIARADIA ENRICO,12,4252.0,5,ACCONCIATORE,0.0,30.0,True,False,False,False,False
1293,PZA,CHIARADIA ENRICO,9,4252.0,5,ACCONCIATORE,3.0,16.0,True,False,False,False,False
1294,PZA,CINQUE GIORNATE,3,3053.0,1,ACCONCIATORE,0.0,30.0,True,False,False,False,False
1295,PZA,DELLA REPUBBLICA,17,1055.0,2,ACCONCIATORE,0.0,30.0,True,False,False,False,False
1296,PZA,FERRAVILLA EDOARDO,3,3125.0,3,ACCONCIATORE,2.0,30.0,True,False,False,False,False
1297,PZA,FORTUNATO GIUSTINO,9,1576.0,9,ACCONCIATORE,2.0,32.0,True,False,False,False,False
1298,PZA,GERUSALEMME,2,7201.0,8,ACCONCIATORE,14.0,34.0,True,False,False,False,False
1299,PZA,GRAMSCI ANTONIO,3,7205.0,8,ACCONCIATORE,0.0,30.0,True,False,False,False,False
1300,PZA,GRAMSCI ANTONIO,4,7205.0,8,ACCONCIATORE,0.0,46.0,True,False,False,False,False
1301,PZA,GRANDI GIUSEPPE,1,3112.0,4,ACCONCIATORE,0.0,30.0,True,False,False,False,False
1304,PZA,GUARDI FRANCESCO,15,3312.0,3,ACCONCIATORE,0.0,28.0,True,False,False,False,False
1305,PZA,IMPERATORE TITO,6,3216.0,4,ACCONCIATORE,0.0,30.0,True,False,False,False,False
1306,PZA,LIMA,3,2135.0,3,ACCONCIATORE,4.0,29.0,True,False,False,False,False
1307,PZA,MONTI GIOSIA,1,6332.0,7,ACCONCIATORE,4.0,42.0,True,False,False,False,False
1308,PZA,NAPOLI,7,5131.0,6,ACCONCIATORE,0.0,88.0,True,False,False,False,False
1309,PZA,PREALPI,4,7300.0,8,ACCONCIATORE,0.0,62.0,True,False,False,False,False
1310,PZA,RISORGIMENTO,4,3117.0,4,ACCONCIATORE,5.0,32.0,True,False,False,False,False
1311,PZA,SAN FEDELE,2,203.0,1,ACCONCIATORE,0.0,30.0,True,False,False,False,False
1313,PZA,SAN NAZARO IN BROLO,3,353.0,1,ACCONCIATORE,0.0,30.0,True,False,False,False,False
1315,PZA,SANT' AGOSTINO,24,5091.0,1,ACCONCIATORE,0.0,30.0,True,False,False,False,False
1314,PZA,SANTA FRANCESCA ROMANA,1,2183.0,3,ACCONCIATORE,0.0,30.0,True,False,False,False,False
1317,PZA,SCHIAVONE ANDREA,10,1250.0,9,ACCONCIATORE,0.0,34.0,True,False,False,False,False
1318,PZA,SCHIAVONE ANDREA,19,1250.0,9,ACCONCIATORE,0.0,34.0,True,False,False,False,False
1319,PZA,SCOLARI ROSA,4,6579.0,8,ACCONCIATORE,0.0,30.0,True,False,False,False,False
1320,PZA,TIRANA,12,5378.0,6,ACCONCIATORE,0.0,34.0,True,False,False,False,False
1321,PZA,VELASCA,10,335.0,1,ACCONCIATORE,0.0,63.0,True,False,False,False,False
1322,RIP,DI PTA TICINESE,107,5150.0,6,ACCONCIATORE,0.0,33.0,True,False,False,False,False
1323,RIP,DI PTA TICINESE,9,5150.0,6,ACCONCIATORE,0.0,30.0,True,False,False,False,False
1324,VIA,ABBAZIA,6,1310.0,2,ACCONCIATORE,5.0,26.0,True,False,False,False,False
1326,VIA,ADIGE,4,4216.0,5,ACCONCIATORE,0.0,30.0,True,False,False,False,False
1327,VIA,ADRIANO PUBLIO ELIO,94,2410.0,2,ACCONCIATORE,0.0,30.0,True,False,False,False,False
1328,VIA,AJACCIO,4,3246.0,3,ACCONCIATORE,3.0,35.0,True,False,False,False,False
1329,VIA,ALBANI FRANCESCO,58,6399.0,8,ACCONCIATORE,9.0,58.0,True,False,False,False,False
1330,VIA,ALBERTINELLI MARIOTTO,4,6561.0,7,ACCONCIATORE,0.0,28.0,True,False,False,False,False
1331,VIA,ALBRICCI ALBERICO,8,337.0,1,ACCONCIATORE,0.0,45.0,True,False,False,False,False
1332,VIA,ALCIATI AMBROGIO,15,6814.0,6,ACCONCIATORE,3.0,28.0,True,False,False,False,False
1333,VIA,ALCUINO,18,7165.0,8,ACCONCIATORE,0.0,45.0,True,False,False,False,False
1334,VIA,ALEARDI ALEARDO,4,7209.0,8,ACCONCIATORE,1.0,40.0,True,False,False,False,False
1335,VIA,ALSERIO,1,1153.0,9,ACCONCIATORE,0.0,30.0,True,False,False,False,False
1336,VIA,ALSERIO,3,1153.0,9,ACCONCIATORE,0.0,19.0,True,False,False,False,False
1337,VIA,AMADEO GIAN ANTONIO,28,3228.0,3,ACCONCIATORE,2.0,17.0,True,False,False,False,False
1339,VIA,AMORETTI CARLO,8A,7340.0,8,ACCONCIATORE,13.0,25.0,True,False,False,False,False
1340,VIA,AMPERE ANDREA MARIA,103,2428.0,3,ACCONCIATORE,0.0,30.0,True,False,False,False,False
1341,VIA,AMPERE ANDREA MARIA,65,2428.0,3,ACCONCIATORE,3.0,16.0,True,False,False,False,False
1342,VIA,ANFOSSI AUGUSTO,28,3071.0,4,ACCONCIATORE,0.0,30.0,True,False,False,False,False
1343,VIA,ANFOSSI AUGUSTO,44,3071.0,4,ACCONCIATORE,0.0,50.0,True,False,False,False,False
1344,VIA,ANGELO DELLA PERGOLA,7,1137.0,9,ACCONCIATORE,0.0,28.0,True,False,False,False,False
1345,VIA,ANGELONI LUIGI,23,1659.0,9,ACCONCIATORE,2.0,55.0,True,False,False,False,False
1346,VIA,ANGELONI LUIGI,33,1659.0,9,ACCONCIATORE,0.0,53.0,True,False,False,False,False
1347,VIA,ANGELONI LUIGI,40,1659.0,9,ACCONCIATORE,0.0,21.0,True,False,False,False,False
1348,VIA,ANSELMO DA BAGGIO,10,6782.0,7,ACCONCIATORE,0.0,23.0,True,False,False,False,False
1349,VIA,ANSELMO DA BAGGIO,63,6782.0,7,ACCONCIATORE,0.0,33.0,True,False,False,False,False
1350,VIA,ANZANI FRANCESCO,2,3076.0,4,ACCONCIATORE,8.0,29.0,True,False,False,False,False
1351,VIA,APELLE,20,2454.0,2,ACCONCIATORE,0.0,30.0,True,False,False,False,False
1352,VIA,APPENNINI,65,7514.0,8,ACCONCIATORE,0.0,17.0,True,False,False,False,False
1353,VIA,APPENNINI,NOT-AVAILABLE,7514.0,8,ACCONCIATORE,0.0,32.0,True,False,False,False,False
1354,VIA,ARBE,85,1352.0,2,ACCONCIATORE,0.0,16.0,True,False,False,False,False
1355,VIA,ARCHIMEDE,41,3086.0,4,ACCONCIATORE,0.0,21.0,True,False,False,False,False
1356,VIA,ARCHIMEDE,59,3086.0,4,ACCONCIATORE,0.0,30.0,True,False,False,False,False
1359,VIA,ARICI CESARE,3,2464.0,2,ACCONCIATORE,0.0,15.0,True,False,False,False,False
1360,VIA,ARISTOTELE,15,2488.0,2,ACCONCIATORE,0.0,18.0,True,False,False,False,False
1361,VIA,ARISTOTELE,39,2488.0,2,ACCONCIATORE,0.0,30.0,True,False,False,False,False
1362,VIA,ARISTOTELE,67,2488.0,2,ACCONCIATORE,2.0,43.0,True,False,False,False,False
1363,VIA,ARNO' RICCARDO,6,3230.0,3,ACCONCIATORE,0.0,17.0,True,False,False,False,False
1364,VIA,ARQUA',14,2366.0,2,ACCONCIATORE,8.0,16.0,True,False,False,False,False
1365,VIA,ARSIA,7,7472.0,8,ACCONCIATORE,0.0,31.0,True,False,False,False,False
1366,VIA,ARZAGA,24,6674.0,6,ACCONCIATORE,23.0,30.0,True,False,False,False,False
1367,VIA,ASIAGO,116,2459.0,2,ACCONCIATORE,0.0,29.0,True,False,False,False,False
1368,VIA,ASIAGO,68,2459.0,2,ACCONCIATORE,4.0,52.0,True,False,False,False,False
1369,VIA,ASTESANI ALESSANDRO,2,1558.0,9,ACCONCIATORE,5.0,20.0,True,False,False,False,False
1370,VIA,BALDINUCCI FILIPPO,102,1267.0,9,ACCONCIATORE,0.0,30.0,True,False,False,False,False
1371,VIA,BALDINUCCI FILIPPO,14,1267.0,9,ACCONCIATORE,0.0,30.0,True,False,False,False,False
1372,VIA,BALILLA,14,5207.0,5,ACCONCIATORE,18.0,20.0,True,False,False,False,False
1373,VIA,BARABINO NICOLO',7,4287.0,4,ACCONCIATORE,0.0,25.0,True,False,False,False,False
1374,VIA,BARDELLI GIUSEPPE,12,2578.0,3,ACCONCIATORE,0.0,18.0,True,False,False,False,False
1376,VIA,BARI,NOT-AVAILABLE,5218.0,6,ACCONCIATORE,14.0,28.0,True,False,False,False,False
1377,VIA,BARONI COSTANTINO,172,5422.0,5,ACCONCIATORE,3.0,12.0,True,False,False,False,False
1378,VIA,BARONI COSTANTINO,NOT-AVAILABLE,5422.0,5,ACCONCIATORE,2.0,30.0,True,True,True,False,False
1379,VIA,BASSI PAOLO,22,1320.0,9,ACCONCIATORE,0.0,30.0,True,False,False,False,False
1381,VIA,BATTISTOTTI SASSI LUISA,12,3273.0,4,ACCONCIATORE,0.0,57.0,True,False,False,False,False
1382,VIA,BATTISTOTTI SASSI LUISA,8,3273.0,4,ACCONCIATORE,0.0,52.0,True,False,False,False,False
1383,VIA,BAZZINI ANTONIO,27,2427.0,3,ACCONCIATORE,0.0,32.0,True,False,False,False,False
1385,VIA,BELLARMINO ROBERTO,25,5337.0,5,ACCONCIATORE,13.0,28.0,True,False,False,False,False
1386,VIA,BELLERIO CARLO,22,1551.0,9,ACCONCIATORE,0.0,20.0,True,False,False,False,False
1387,VIA,BELLEZZA GIOVANNI,12,4067.0,5,ACCONCIATORE,0.0,71.0,True,False,False,False,False
1389,VIA,BENACO,26,4143.0,5,ACCONCIATORE,0.0,17.0,True,False,False,False,False
1390,VIA,BENEFATTORI DELL'OSPEDALE,1,1522.0,9,ACCONCIATORE,0.0,30.0,True,False,False,False,False
1391,VIA,BERGAMO,8,3189.0,4,ACCONCIATORE,0.0,17.0,True,False,False,False,False
1392,VIA,BERTANI AGOSTINO,14,7112.0,1,ACCONCIATORE,0.0,30.0,True,False,False,False,False
1393,VIA,BERTELLI LUIGI,NOT-AVAILABLE,2358.0,2,ACCONCIATORE,0.0,30.0,True,False,False,False,False
1394,VIA,BERUTO CESARE,13,2586.0,3,ACCONCIATORE,0.0,35.0,True,False,False,False,False
1395,VIA,BETTI UGO,NOT-AVAILABLE,7517.0,8,ACCONCIATORE,2.0,35.0,True,False,False,False,False
1396,VIA,BEZZECCA,1,3075.0,4,ACCONCIATORE,0.0,27.0,True,False,False,False,False
1397,VIA,BIANCHI MOSE',26,6385.0,7,ACCONCIATORE,0.0,30.0,True,False,False,False,False
1398,VIA,BINDA AMBROGIO,5,5298.0,6,ACCONCIATORE,3.0,35.0,True,False,False,False,False
1400,VIA,BIONDI EZIO,5,7186.0,8,ACCONCIATORE,12.0,17.0,True,False,False,False,False
1401,VIA,BIRAGHI LUIGI,11,1332.0,9,ACCONCIATORE,0.0,30.0,True,False,False,False,False
1402,VIA,BISI ALBINI SOFIA,4,1349.0,2,ACCONCIATORE,0.0,17.0,True,False,False,False,False
1403,VIA,BISLERI FELICE,11,6501.0,7,ACCONCIATORE,3.0,80.0,True,False,False,False,False
1404,VIA,BIXIO NINO,12,3133.0,3,ACCONCIATORE,4.0,50.0,True,False,False,False,False
1405,VIA,BOCCACCIO GIOVANNI,NOT-AVAILABLE,6158.0,1,ACCONCIATORE,4.0,80.0,True,False,False,False,False
1407,VIA,BONCOMPAGNI CARLO,36,4182.0,4,ACCONCIATORE,0.0,29.0,True,False,False,False,False
1408,VIA,BONFADINI ROMUALDO,80,3341.0,4,ACCONCIATORE,3.0,18.0,True,False,False,False,False
1409,VIA,BONFADINI ROMUALDO,89,3341.0,4,ACCONCIATORE,0.0,30.0,True,False,False,False,False
1410,VIA,BONGHI RUGGERO,16,5247.0,5,ACCONCIATORE,1.0,36.0,True,False,False,False,False
1411,VIA,BONI GIACOMO,16,6098.0,7,ACCONCIATORE,0.0,18.0,True,False,False,False,False
1414,VIA,BONI GIACOMO,39,6098.0,7,ACCONCIATORE,0.0,33.0,True,False,False,False,False
1415,VIA,BONI GIACOMO,45,6098.0,7,ACCONCIATORE,12.0,25.0,True,False,False,False,False
1416,VIA,BORDONI ANTONIO,12,1180.0,9,ACCONCIATORE,11.0,16.0,True,False,False,False,False
1417,VIA,BORSIERI PIETRO,29,1128.0,9,ACCONCIATORE,0.0,108.0,True,False,False,False,False
1418,VIA,BOSCOVICH RUGGERO,61,2131.0,3,ACCONCIATORE,0.0,30.0,True,False,False,False,False
1423,VIA,BRA',14,2542.0,3,ACCONCIATORE,3.0,11.0,True,False,False,False,False
1420,VIA,BRACCIO DA MONTONE,2,7128.0,1,ACCONCIATORE,0.0,30.0,True,False,False,False,False
1421,VIA,BRAMANTE,14,7123.0,1,ACCONCIATORE,0.0,16.0,True,False,False,False,False
1422,VIA,BRAMANTE,7,7123.0,1,ACCONCIATORE,0.0,34.0,True,False,False,False,False
1424,VIA,BRISA,15,637.0,1,ACCONCIATORE,0.0,21.0,True,False,False,False,False
1425,VIA,BROGGI GIUSEPPE,15,2150.0,3,ACCONCIATORE,6.0,30.0,True,False,False,False,False
1426,VIA,BRONZINO,21,2191.0,3,ACCONCIATORE,0.0,28.0,True,False,False,False,False
1427,VIA,BRUNACCI VINCENZO,10,5241.0,5,ACCONCIATORE,0.0,40.0,True,False,False,False,False
1428,VIA,BRUNO GIORDANO,6,7130.0,1,ACCONCIATORE,0.0,18.0,True,False,False,False,False
1429,VIA,BRUZZESI GIACINTO,2,5388.0,6,ACCONCIATORE,11.0,28.0,True,False,False,False,False
1430,VIA,BUDUA,8,1342.0,9,ACCONCIATORE,0.0,26.0,True,False,False,False,False
1431,VIA,BUONARROTI MICHELANGELO,15,6253.0,7,ACCONCIATORE,0.0,130.0,True,False,False,False,False
1432,VIA,BUSCHI AVERARDO,25,2575.0,6,ACCONCIATORE,0.0,18.0,True,False,False,False,False
1434,VIA,CADIBONA,8,3339.0,4,ACCONCIATORE,0.0,22.0,True,False,False,False,False
1435,VIA,CAGLIERO GIOVANNI,6,1407.0,2,ACCONCIATORE,0.0,16.0,True,False,False,False,False
1436,VIA,CAGLIERO GIOVANNI,7,1407.0,2,ACCONCIATORE,0.0,30.0,True,False,False,False,False
1437,VIA,CAGNOLA LUIGI,7,7228.0,1,ACCONCIATORE,0.0,45.0,True,False,False,False,False
1438,VIA,GIOVIO PAOLO,4,6194.0,7,ACCONCIATORE,0.0,30.0,True,False,False,False,False
1440,VIA,CALZECCHI TEMISTOCLE,2,3241.0,3,ACCONCIATORE,4.0,42.0,True,False,False,False,False
1441,VIA,CAMERINI EUGENIO,7,2551.0,3,ACCONCIATORE,7.0,55.0,True,False,False,False,False
1442,VIA,CAMINADELLA,9,551.0,1,ACCONCIATORE,4.0,50.0,True,False,False,False,False
1443,VIA,CANNERO,15,1506.0,9,ACCONCIATORE,0.0,30.0,True,False,False,False,False
1444,VIA,CANTONI COSTANZO,11,1234.0,9,ACCONCIATORE,0.0,20.0,True,False,False,False,False
1445,VIA,CAPECELATRO ALFONSO,35,6575.0,7,ACCONCIATORE,0.0,16.0,True,False,False,False,False
1446,VIA,CAPECELATRO ALFONSO,61,6575.0,7,ACCONCIATORE,0.0,23.0,True,False,False,False,False
1447,VIA,CAPECELATRO ALFONSO,87,6575.0,7,ACCONCIATORE,0.0,120.0,True,False,False,False,False
1448,VIA,CAPPONI PIER LUIGI,1,6249.0,7,ACCONCIATORE,0.0,30.0,True,False,False,False,False
1449,VIA,CAPPONI PIER LUIGI,4,6249.0,7,ACCONCIATORE,0.0,32.0,True,False,False,False,False
1450,VIA,CARABELLI RODOLFO,11,4096.0,4,ACCONCIATORE,11.0,53.0,True,False,False,False,False
1451,VIA,CARACCIOLO FRANCESCO,92,7182.0,8,ACCONCIATORE,0.0,45.0,True,False,False,False,False
1452,VIA,CARCANO GIULIO,4,5248.0,5,ACCONCIATORE,1.0,34.0,True,False,False,False,False
1453,VIA,CARCANO GIULIO,NOT-AVAILABLE,5248.0,5,ACCONCIATORE,6.0,22.0,True,False,False,False,False
1455,VIA,CARDUCCI GIOSUE',27,602.0,1,ACCONCIATORE,42.0,52.0,True,False,False,False,False
1456,VIA,CARDUCCI GIOSUE',38,602.0,1,ACCONCIATORE,0.0,30.0,True,False,False,False,False
1457,VIA,CARLI GIAN RINALDO,15,1563.0,9,ACCONCIATORE,28.0,18.0,True,False,False,False,False
1458,VIA,CARLONE CARLO ANTONIO,4,6846.0,6,ACCONCIATORE,0.0,30.0,True,False,False,False,False
1459,VIA,CARNEVALI ANTONIO,74,1268.0,9,ACCONCIATORE,0.0,30.0,True,False,False,False,False
1461,VIA,CARNIA,7,2395.0,3,ACCONCIATORE,0.0,27.0,True,False,False,False,False
1462,VIA,CARONCINI ALBERTO,1,4093.0,4,ACCONCIATORE,0.0,26.0,True,False,False,False,False
1463,VIA,CARROCCIO,3,5094.0,1,ACCONCIATORE,0.0,46.0,True,False,False,False,False
1464,VIA,CASCINA BAROCCO,4,6695.0,7,ACCONCIATORE,0.0,27.0,True,False,False,False,False
1465,VIA,CASCINA BAROCCO,9,6695.0,7,ACCONCIATORE,32.0,48.0,True,False,False,False,False
1466,VIA,CASCINA BIANCA,16,5454.0,6,ACCONCIATORE,3.0,43.0,True,False,False,False,False
1467,VIA,CASORETTO,1,2420.0,3,ACCONCIATORE,9.0,20.0,True,False,False,False,False
1468,VIA,CASORETTO,37,2420.0,3,ACCONCIATORE,0.0,30.0,True,False,False,False,False
1469,VIA,CASORETTO,7,2420.0,3,ACCONCIATORE,0.0,37.0,True,False,False,False,False
1470,VIA,CASTALDI PANFILO,23,2119.0,3,ACCONCIATORE,0.0,33.0,True,False,False,False,False
1471,VIA,CASTALDI PANFILO,38,2119.0,3,ACCONCIATORE,0.0,30.0,True,False,False,False,False
1472,VIA,CASTALDI PANFILO,42,2119.0,3,ACCONCIATORE,0.0,83.0,True,False,False,False,False
1473,VIA,CASTEL MORRONE,18,3185.0,3,ACCONCIATORE,0.0,67.0,True,False,False,False,False
1474,VIA,CATALANI ALFREDO,35,2425.0,3,ACCONCIATORE,4.0,30.0,True,False,False,False,False
1475,VIA,CAVALCANTI GUIDO,1,2286.0,2,ACCONCIATORE,0.0,53.0,True,False,False,False,False
1476,VIA,CELIO,2,6623.0,7,ACCONCIATORE,31.0,35.0,True,False,False,False,False
1478,VIA,CENISIO,23,7184.0,8,ACCONCIATORE,0.0,30.0,True,False,False,False,False
1480,VIA,CENISIO,42,7184.0,8,ACCONCIATORE,0.0,26.0,True,False,False,False,False
1482,VIA,CENISIO,62,7184.0,8,ACCONCIATORE,3.0,41.0,True,False,False,False,False
1483,VIA,CENISIO,53,7184.0,8,ACCONCIATORE,0.0,28.0,True,False,False,False,False
1484,VIA,CESARE DA SESTO,8,5101.0,1,ACCONCIATORE,0.0,24.0,True,False,False,False,False
1487,VIA,CESARI ANTONIO,43,1603.0,9,ACCONCIATORE,0.0,17.0,True,False,False,False,False
1485,VIA,CESARIANO CESARE,11,7113.0,1,ACCONCIATORE,0.0,56.0,True,False,False,False,False
1486,VIA,CESARIANO CESARE,9,7113.0,1,ACCONCIATORE,0.0,35.0,True,False,False,False,False
1488,VIA,CHIANCIANO,6,1488.0,9,ACCONCIATORE,0.0,89.0,True,False,False,False,False
1489,VIA,POPULONIA,8,1315.0,9,ACCONCIATORE,0.0,30.0,True,False,False,False,False
1490,VIA,CHINOTTO EDOARDO,32,6631.0,7,ACCONCIATORE,0.0,30.0,True,False,False,False,False
1491,VIA,CHIOGGIA,1,2317.0,2,ACCONCIATORE,0.0,27.0,True,False,False,False,False
1492,VIA,CICERI VISCONTI LAURA,14,3220.0,4,ACCONCIATORE,0.0,36.0,True,False,False,False,False
1493,VIA,CILEA FRANCESCO,158,7526.0,8,ACCONCIATORE,0.0,20.0,True,False,False,False,False
1494,VIA,CIMABUE GIOVANNI,19,6466.0,8,ACCONCIATORE,11.0,14.0,True,False,False,False,False
1495,VIA,BOBBIO,2,5107.0,6,ACCONCIATORE,15.0,40.0,True,False,False,False,False
1496,VIA,CINO DA PISTOIA,9,1445.0,9,ACCONCIATORE,2.0,45.0,True,False,False,False,False
1497,VIA,CINQUE MAGGIO,11,7459.0,8,ACCONCIATORE,0.0,30.0,True,False,False,False,False
1499,VIA,CIVITALI MATTEO,42,6569.0,7,ACCONCIATORE,0.0,18.0,True,False,False,False,False
1500,VIA,COLA DI RIENZO,12,6094.0,6,ACCONCIATORE,0.0,41.0,True,False,False,False,False
1501,VIA,COLA MONTANO,40,1139.0,9,ACCONCIATORE,0.0,29.0,True,False,False,False,False
1502,VIA,COLLECCHIO,2,6459.0,8,ACCONCIATORE,4.0,30.0,True,False,False,False,False
1503,VIA,CONCA DEL NAVIGLIO,5,5180.0,1,ACCONCIATORE,14.0,21.0,True,False,False,False,False
1504,VIA,CONCHETTA,4,5239.0,5,ACCONCIATORE,0.0,32.0,True,False,False,False,False
1505,VIA,CONSOLE MARCELLO,14,7278.0,8,ACCONCIATORE,0.0,43.0,True,False,False,False,False
1506,VIA,CORREGGIO,57,6287.0,7,ACCONCIATORE,0.0,30.0,True,False,False,False,False
1507,VIA,CORREGGIO,63,6287.0,7,ACCONCIATORE,14.0,26.0,True,False,False,False,False
1509,VIA,CREMA,29,4061.0,5,ACCONCIATORE,0.0,30.0,True,False,False,False,False
1510,VIA,CREMA,6,4061.0,5,ACCONCIATORE,0.0,32.0,True,False,False,False,False
1511,VIA,CRESCENZAGO,28,2396.0,3,ACCONCIATORE,0.0,24.0,True,False,False,False,False
1512,VIA,CRESPI PIETRO,17,2296.0,2,ACCONCIATORE,0.0,43.0,True,False,False,False,False
1513,VIA,CUCCHIARI DOMENICO,15,7224.0,8,ACCONCIATORE,0.0,30.0,True,False,False,False,False
1514,VIA,CUCCHIARI DOMENICO,7,7224.0,8,ACCONCIATORE,0.0,24.0,True,False,False,False,False
1515,VIA,CUZZI GIUSEPPE,16,7258.0,8,ACCONCIATORE,0.0,17.0,True,False,False,False,False
1516,VIA,DAL RE MARCANTONIO,13,7381.0,8,ACCONCIATORE,0.0,22.0,True,False,False,False,False
1517,VIA,DAVANZATI BERNARDO,2,1284.0,9,ACCONCIATORE,0.0,30.0,True,False,False,False,False
1518,VIA,DE AMICIS EDMONDO,7,574.0,1,ACCONCIATORE,0.0,30.0,True,False,False,False,False
1559,VIA,DE MARCHI EMILIO,46,1418.0,2,ACCONCIATORE,0.0,21.0,True,False,False,False,False
1561,VIA,DE RUGGIERO GUIDO,8,5442.0,5,ACCONCIATORE,0.0,30.0,True,True,True,False,False
1562,VIA,DE SANCTIS FRANCESCO,17,5322.0,5,ACCONCIATORE,0.0,35.0,True,False,False,False,False
1563,VIA,DE SANCTIS FRANCESCO,50,5322.0,5,ACCONCIATORE,0.0,30.0,True,False,False,False,False
1519,VIA,DEGLI ARCIMBOLDI,NOT-AVAILABLE,522.0,1,ACCONCIATORE,1.0,16.0,True,False,False,False,False
1520,VIA,DEGLI ETRUSCHI,5,3227.0,4,ACCONCIATORE,0.0,13.0,True,False,False,False,False
1522,VIA,DEGLI UMILIATI,9,3347.0,4,ACCONCIATORE,9.0,17.0,True,False,False,False,False
1524,VIA,DEI BIANCOSPINI,3,6711.0,6,ACCONCIATORE,10.0,25.0,True,False,False,False,False
1526,VIA,DEI CINQUECENTO,19,4283.0,4,ACCONCIATORE,0.0,13.0,True,False,False,False,False
1527,VIA,DEI CINQUECENTO,27,4283.0,4,ACCONCIATORE,0.0,22.0,True,False,False,False,False
1528,VIA,DEI CINQUECENTO,3,4283.0,4,ACCONCIATORE,0.0,34.0,True,False,False,False,False
1530,VIA,DEI GRIMANI,1,6097.0,6,ACCONCIATORE,0.0,30.0,True,False,False,False,False
1531,VIA,DEI PANIGAROLA,2,4284.0,4,ACCONCIATORE,0.0,26.0,True,False,False,False,False
1532,VIA,DEL BOLLO,NOT-AVAILABLE,568.0,1,ACCONCIATORE,0.0,41.0,True,False,False,False,False
1534,VIA,DEL FUSARO,2,6258.0,7,ACCONCIATORE,0.0,55.0,True,False,False,False,False
1551,VIA,DEL LIRI,3,3370.0,4,ACCONCIATORE,0.0,26.0,True,False,False,False,False
1553,VIA,DEL TORCHIO,3,556.0,1,ACCONCIATORE,8.0,34.0,True,False,False,False,False
1554,VIA,DEL TORCHIO,4,556.0,1,ACCONCIATORE,2.0,28.0,True,False,False,False,False
1555,VIA,DEL TORCHIO,7,556.0,1,ACCONCIATORE,0.0,92.0,True,False,False,False,False
1556,VIA,DEL TURCHINO,10,3337.0,4,ACCONCIATORE,0.0,30.0,True,False,False,False,False
1557,VIA,DEL TURCHINO,15,3337.0,4,ACCONCIATORE,0.0,31.0,True,False,False,False,False
1558,VIA,DEL TURCHINO,4,3337.0,4,ACCONCIATORE,0.0,15.0,True,False,False,False,False
1537,VIA,DELL' ALLODOLA,16,6660.0,6,ACCONCIATORE,21.0,27.0,True,False,False,False,False
1552,VIA,DELL' UNIONE,4,521.0,1,ACCONCIATORE,0.0,48.0,True,False,False,False,False
1536,VIA,DELLA COMMENDA,28,3146.0,1,ACCONCIATORE,0.0,30.0,True,False,False,False,False
1538,VIA,DELLA PALLA,5,586.0,1,ACCONCIATORE,4.0,22.0,True,False,False,False,False
1539,VIA,DELLA SILA,4,2433.0,3,ACCONCIATORE,0.0,30.0,True,False,False,False,False
1540,VIA,DELLA SPIGA,23,226.0,1,ACCONCIATORE,0.0,55.0,True,False,False,False,False
1541,VIA,DELLA TORRE,1,2322.0,2,ACCONCIATORE,0.0,30.0,True,False,False,False,False
1542,VIA,DELLA TORRE,9,2322.0,2,ACCONCIATORE,0.0,26.0,True,False,False,False,False
1544,VIA,DELLE ERBE,1,713.0,1,ACCONCIATORE,0.0,31.0,True,False,False,False,False
1546,VIA,DELLE FORZE ARMATE,376,6643.0,7,ACCONCIATORE,0.0,30.0,True,False,False,False,False
1547,VIA,DELLE FORZE ARMATE,43,6643.0,7,ACCONCIATORE,0.0,24.0,True,False,False,False,False
1548,VIA,MILLELIRE DOMENICO,15,6620.0,7,ACCONCIATORE,3.0,35.0,True,False,False,False,False
1549,VIA,DELLE PRIMULE,1,6716.0,6,ACCONCIATORE,3.0,40.0,True,False,False,False,False
1550,VIA,DELLE STELLINE,1,6337.0,7,ACCONCIATORE,35.0,34.0,True,False,False,False,False
1560,VIA,DERNA,1,2376.0,2,ACCONCIATORE,0.0,37.0,True,True,False,False,False
1564,VIA,DESIDERIO,28,2565.0,3,ACCONCIATORE,0.0,22.0,True,False,False,False,False
1565,VIA,DIOTTI BENEDETTO,59,6753.0,7,ACCONCIATORE,4.0,12.0,True,False,False,False,False
1566,VIA,DOLCI CARLO,38,6555.0,7,ACCONCIATORE,2.0,32.0,True,False,False,False,False
1567,VIA,DOLOMITI,11,2334.0,2,ACCONCIATORE,0.0,30.0,True,False,False,False,False
1568,VIA,DOMENICHINO,2,6383.0,7,ACCONCIATORE,0.0,40.0,True,False,False,False,False
1569,VIA,DOMENICHINO,3,6383.0,7,ACCONCIATORE,0.0,55.0,True,False,False,False,False
1570,VIA,DOMOKOS,4,6630.0,7,ACCONCIATORE,0.0,26.0,True,False,False,False,False
1573,VIA,DON BOSCO,16,4144.0,4,ACCONCIATORE,0.0,22.0,True,False,False,False,False
1574,VIA,DON BOSCO,19,4144.0,4,ACCONCIATORE,0.0,35.0,True,False,False,False,False
1575,VIA,DON RODRIGO,2,5416.0,5,ACCONCIATORE,0.0,30.0,True,False,False,False,False
1571,VIA,DONATELLO,22,2214.0,3,ACCONCIATORE,0.0,39.0,True,True,True,False,False
1572,VIA,DONATELLO,37,2214.0,3,ACCONCIATORE,0.0,94.0,True,False,False,False,False
1576,VIA,DUGNANI ANTONIO,1,6223.0,1,ACCONCIATORE,0.0,39.0,True,False,False,False,False
1577,VIA,EDOLO,3,1217.0,2,ACCONCIATORE,7.0,11.0,True,False,False,False,False
1578,VIA,EDOLO,42,1217.0,2,ACCONCIATORE,0.0,58.0,True,False,False,False,False
1579,VIA,EDOLO,NOT-AVAILABLE,1217.0,2,ACCONCIATORE,2.0,24.0,True,False,False,False,False
1580,VIA,ESTERLE CARLO,29,2368.0,2,ACCONCIATORE,0.0,26.0,True,False,False,False,False
1581,VIA,EUSTACHI BARTOLOMEO,20,2165.0,3,ACCONCIATORE,0.0,19.0,True,False,False,False,False
1582,VIA,EUSTACHI BARTOLOMEO,21,2165.0,3,ACCONCIATORE,0.0,81.0,True,False,False,False,False
1599,VIA,F.LLI ANTONA TRAVERSI,20,7354.0,8,ACCONCIATORE,0.0,30.0,True,False,False,False,False
1600,VIA,F.LLI ANTONA TRAVERSI,23,7354.0,8,ACCONCIATORE,0.0,43.0,True,False,False,False,False
1601,VIA,F.LLI BRONZETTI,16,3089.0,4,ACCONCIATORE,0.0,25.0,True,False,False,False,False
1602,VIA,F.LLI LUMIERE,2,2308.0,2,ACCONCIATORE,12.0,22.0,True,False,False,False,False
1604,VIA,F.LLI ZOIA,220,6306.0,7,ACCONCIATORE,7.0,17.0,True,False,False,False,False
1583,VIA,FAA' DI BRUNO EMILIO,2,4095.0,4,ACCONCIATORE,0.0,30.0,True,False,False,False,False
1584,VIA,FABRIANO,2,1642.0,9,ACCONCIATORE,0.0,30.0,True,False,False,False,False
1585,VIA,FACCHINETTI CIPRIANO,2,3365.0,4,ACCONCIATORE,0.0,30.0,True,False,False,False,False
1586,VIA,FARINI CARLO,55,1114.0,9,ACCONCIATORE,0.0,30.0,True,False,False,False,False
1587,VIA,FARINI CARLO,61,1114.0,9,ACCONCIATORE,0.0,17.0,True,False,False,False,False
1588,VIA,FARINI CARLO,70,1114.0,9,ACCONCIATORE,0.0,30.0,True,False,False,False,False
1589,VIA,FARUFFINI FEDERICO,7,6286.0,7,ACCONCIATORE,0.0,39.0,True,False,False,False,False
1590,VIA,FAUCHE' GIOVANNI BATTISTA,8,7192.0,8,ACCONCIATORE,0.0,17.0,True,False,False,False,False
1591,VIA,FELTRE,27,2652.0,3,ACCONCIATORE,0.0,19.0,True,False,False,False,False
1593,VIA,FERRUCCI FRANCESCO,22,7150.0,8,ACCONCIATORE,0.0,29.0,True,False,False,False,False
1595,VIA,FILZI FABIO,23,1190.0,2,ACCONCIATORE,0.0,28.0,True,False,False,False,False
1597,VIA,FIUGGI,56,1328.0,9,ACCONCIATORE,1.0,47.0,True,False,False,False,False
1598,VIA,BELINZAGHI GIULIO,4,1318.0,9,ACCONCIATORE,0.0,26.0,True,False,False,False,False
1605,VIA,FOGAZZARO ANTONIO,14,3187.0,4,ACCONCIATORE,0.0,19.0,True,False,False,False,False
1606,VIA,FONSECA PIMENTEL ELEONORA,18,2325.0,2,ACCONCIATORE,13.0,24.0,True,False,False,False,False
1607,VIA,FONTANA,5,3058.0,1,ACCONCIATORE,0.0,20.0,True,False,False,False,False
1608,VIA,FONTANELLI ACHILLE,10,1641.0,9,ACCONCIATORE,4.0,54.0,True,False,False,False,False
1609,VIA,FOPPA VINCENZO,40,6109.0,7,ACCONCIATORE,0.0,30.0,True,False,False,False,False
1610,VIA,FOPPA VINCENZO,55,6109.0,6,ACCONCIATORE,18.0,20.0,True,False,False,False,False
1611,VIA,FOPPA VINCENZO,58,6109.0,6,ACCONCIATORE,0.0,24.0,True,False,False,False,False
1614,VIA,FRA' CRISTOFORO,12,5413.0,5,ACCONCIATORE,10.0,20.0,True,False,False,False,False
1613,VIA,FRACASTORO GIROLAMO,1,2471.0,2,ACCONCIATORE,0.0,20.0,True,False,False,False,False
1615,VIA,FREIKOFEL,10,4367.0,4,ACCONCIATORE,0.0,40.0,True,False,False,False,False
1616,VIA,FRISI PAOLO,10,2190.0,3,ACCONCIATORE,0.0,18.0,True,False,False,False,False
1617,VIA,FRIULI,15,3199.0,4,ACCONCIATORE,19.0,19.0,True,False,False,False,False
1619,VIA,FRIULI,6,3199.0,4,ACCONCIATORE,0.0,30.0,True,False,False,False,False
1620,VIA,GAFFURIO FRANCHINO,8,2138.0,3,ACCONCIATORE,0.0,30.0,True,False,False,False,False
1621,VIA,GALENO CLAUDIO,6,2447.0,2,ACCONCIATORE,2.0,30.0,True,False,False,False,False
1623,VIA,GALLARATE,131,7420.0,8,ACCONCIATORE,0.0,33.0,True,False,False,False,False
1624,VIA,GAMBOLOITA,7,4160.0,4,ACCONCIATORE,0.0,25.0,True,False,False,False,False
1625,VIA,GENTILI ALBERICO,1,6270.0,7,ACCONCIATORE,0.0,30.0,True,False,False,False,False
1626,VIA,GESSI ROMOLO,48,6121.0,6,ACCONCIATORE,0.0,33.0,True,False,False,False,False
1627,VIA,GIACOSA GIUSEPPE,50,2310.0,2,ACCONCIATORE,0.0,16.0,True,False,False,False,False
1628,VIA,GIAMBELLINO,41,5136.0,6,ACCONCIATORE,9.0,26.0,True,False,False,False,False
1629,VIA,PRIMATICCIO FRANCESCO,34,6646.0,6,ACCONCIATORE,0.0,96.0,True,False,False,False,False
1630,VIA,GIOIA MELCHIORRE,123,1108.0,2,ACCONCIATORE,0.0,27.0,True,False,False,False,False
1631,VIA,GIOIA MELCHIORRE,139,1108.0,2,ACCONCIATORE,0.0,30.0,True,False,False,False,False
1632,VIA,GIOIA MELCHIORRE,77,1108.0,2,ACCONCIATORE,0.0,32.0,True,False,False,False,False
1633,PZA,QUATTRO NOVEMBRE,6,1199.0,2,ACCONCIATORE,2.0,16.0,True,False,False,False,False
1634,VIA,GIUBA,28,2387.0,2,ACCONCIATORE,0.0,28.0,True,False,False,False,False
1635,VIA,GOLA EMILIO,1,5154.0,6,ACCONCIATORE,0.0,16.0,True,False,False,False,False
1636,VIA,GOLDONI CARLO,77,3183.0,6,ACCONCIATORE,0.0,39.0,True,False,False,False,False
1637,VIA,GOVONE GIUSEPPE,19,7222.0,8,ACCONCIATORE,6.0,20.0,True,False,False,False,False
1638,VIA,GOVONE GIUSEPPE,94,7222.0,8,ACCONCIATORE,0.0,30.0,True,False,False,False,False
1639,VIA,GOZZANO GUIDO,4,2563.0,3,ACCONCIATORE,4.0,58.0,True,False,False,False,False
1640,VIA,GRAN SAN BERNARDO,4,7218.0,8,ACCONCIATORE,3.0,51.0,True,False,False,False,False
1641,VIA,GRASSELLI ANNIBALE,19,3268.0,4,ACCONCIATORE,11.0,30.0,True,False,False,False,False
1642,VIA,GRATOSOGLIO,42,5411.0,5,ACCONCIATORE,0.0,30.0,True,False,False,False,False
1643,VIA,GRIOLI DON GIOVANNI,30,1478.0,9,ACCONCIATORE,0.0,30.0,True,False,False,False,False
1644,VIA,GROSSICH ANTONIO,11,2576.0,3,ACCONCIATORE,0.0,35.0,True,False,False,False,False
1646,VIA,GUINTELLINO GUGLIELMO,13,5369.0,6,ACCONCIATORE,6.0,22.0,True,False,False,False,False
1648,VIA,HERMADA,1,1588.0,9,ACCONCIATORE,0.0,29.0,True,False,False,False,False
1649,VIA,HERMADA,8,1588.0,9,ACCONCIATORE,0.0,39.0,True,False,False,False,False
1650,VIA,IMBONATI CARLO,89,1311.0,9,ACCONCIATORE,0.0,19.0,True,False,False,False,False
1651,VIA,IMPERIA,11,5266.0,5,ACCONCIATORE,0.0,17.0,True,False,False,False,False
1652,VIA,INAMA VIRGILIO,1,3169.0,3,ACCONCIATORE,0.0,30.0,True,False,False,False,False
1654,VIA,INGANNI ANGELO,48,6672.0,6,ACCONCIATORE,0.0,35.0,True,False,False,False,False
1655,VIA,INGANNI ANGELO,64,6672.0,6,ACCONCIATORE,0.0,30.0,True,False,False,False,False
1656,VIA,INGANNI ANGELO,77,6672.0,6,ACCONCIATORE,4.0,62.0,True,False,False,False,False
1658,VIA,INGEGNOLI FRANCESCO,2,2559.0,3,ACCONCIATORE,0.0,20.0,True,False,False,False,False
1659,VIA,ISIMBARDI INNOCENZO,4,5332.0,5,ACCONCIATORE,0.0,37.0,True,False,False,False,False
1663,VIA,KRAMER ANTONIO,33,3180.0,3,ACCONCIATORE,0.0,100.0,True,False,False,False,False
1664,VIA,LAGRANGE GIUSEPPE,15,5205.0,5,ACCONCIATORE,8.0,24.0,True,False,False,False,False
1665,VIA,LAGRANGE GIUSEPPE,3,5205.0,5,ACCONCIATORE,0.0,20.0,True,False,False,False,False
1666,VIA,LAMARMORA ALFONSO,22,4103.0,1,ACCONCIATORE,0.0,27.0,True,False,False,False,False
1667,VIA,LAMBRATE,5,2421.0,3,ACCONCIATORE,5.0,28.0,True,False,False,False,False
1668,VIA,LAMBRO,9,2186.0,3,ACCONCIATORE,0.0,30.0,True,False,False,False,False
1669,VIA,LANINO BERNARDINO,11,6105.0,6,ACCONCIATORE,0.0,30.0,True,False,False,False,False
1670,VIA,LARIO,9,1171.0,9,ACCONCIATORE,0.0,66.0,True,False,False,False,False
1671,VIA,LARIO,NOT-AVAILABLE,1171.0,9,ACCONCIATORE,3.0,21.0,True,False,False,False,False
1672,VIA,LAZZARETTO,7,2112.0,2,ACCONCIATORE,22.0,20.0,True,False,False,False,False
1673,VIA,LAZZARONI GIUSEPPINA,10,1196.0,2,ACCONCIATORE,0.0,64.0,True,False,False,False,False
1674,VIA,LEGNONE,45,1298.0,9,ACCONCIATORE,2.0,31.0,True,False,False,False,False
1675,VIA,LEGNONE,99,1298.0,9,ACCONCIATORE,4.0,12.0,True,False,False,False,False
1676,VIA,LEONCAVALLO RUGGERO,33,2389.0,2,ACCONCIATORE,6.0,28.0,True,False,False,False,False
1677,VIA,LEPONTINA,12,1147.0,9,ACCONCIATORE,0.0,30.0,True,False,False,False,False
1678,VIA,LESSONA MICHELE,1,7490.0,8,ACCONCIATORE,0.0,30.0,True,False,False,False,False
1679,VIA,LIPARI,4,6203.0,7,ACCONCIATORE,0.0,30.0,True,False,False,False,False
1680,VIA,LIPPI FILIPPINO,10,2196.0,3,ACCONCIATORE,0.0,30.0,True,False,False,False,False
1681,VIA,LISCATE,2,2595.0,2,ACCONCIATORE,0.0,29.0,True,False,False,False,False
1682,VIA,LITTA MODIGNANI ALESSANDRO,7,1539.0,9,ACCONCIATORE,0.0,30.0,True,False,False,False,False
1683,VIA,LIVIGNO,18,1296.0,9,ACCONCIATORE,0.0,30.0,True,False,False,False,False
1685,VIA,LODOVICO IL MORO,169,5290.0,6,ACCONCIATORE,1.0,28.0,True,False,False,False,False
1686,VIA,LODOVICO IL MORO,59,5290.0,6,ACCONCIATORE,0.0,30.0,True,False,False,False,False
1687,VIA,LODOVICO IL MORO,93,5290.0,6,ACCONCIATORE,0.0,30.0,True,False,False,False,False
1688,VIA,LOMAZZO PAOLO,13,7079.0,8,ACCONCIATORE,0.0,37.0,True,False,False,False,False
1689,VIA,LOMAZZO PAOLO,2,7079.0,1,ACCONCIATORE,0.0,30.0,True,False,False,False,False
1690,VIA,LOMBARDINI ELIA,12,5146.0,6,ACCONCIATORE,0.0,40.0,True,False,False,False,False
1691,VIA,LOMELLINA,48,3280.0,4,ACCONCIATORE,0.0,50.0,True,False,False,False,False
1692,VIA,LOMELLINA,56,3280.0,4,ACCONCIATORE,0.0,29.0,True,False,False,False,False
1693,VIA,KORISTKA FRANCESCO,17,7241.0,8,ACCONCIATORE,0.0,30.0,True,False,False,False,False
1694,VIA,LOPEZ SABATINO,3,7369.0,8,ACCONCIATORE,0.0,25.0,True,False,False,False,False
1696,VIA,LORENTEGGIO,157,5132.0,6,ACCONCIATORE,0.0,42.0,True,False,False,False,False
1697,VIA,LORENTEGGIO,181,5132.0,6,ACCONCIATORE,0.0,30.0,True,False,False,False,False
1698,VIA,LORENTEGGIO,201,5132.0,6,ACCONCIATORE,6.0,15.0,True,False,False,False,False
1701,VIA,LORIA MOISE',34,6100.0,6,ACCONCIATORE,0.0,17.0,True,False,False,False,False
1703,VIA,LULLI GIOVANNI,1,2253.0,3,ACCONCIATORE,0.0,35.0,True,False,False,False,False
1704,VIA,LUTERO MARTINO,4,2613.0,2,ACCONCIATORE,4.0,17.0,True,False,False,False,False
1705,VIA,MACCHI MAURO,4,2133.0,2,ACCONCIATORE,0.0,53.0,True,False,False,False,False
1706,VIA,MACCHI MAURO,72,2133.0,2,ACCONCIATORE,0.0,26.0,True,False,False,False,False
1707,VIA,MAFFI CARDINALE PIETRO,1,7347.0,9,ACCONCIATORE,4.0,70.0,True,False,False,False,False
1708,VIA,MAFFUCCI ANGIOLO,24,1276.0,9,ACCONCIATORE,0.0,30.0,True,False,False,False,False
1709,VIA,MAFFUCCI ANGIOLO,70,1276.0,9,ACCONCIATORE,0.0,16.0,True,False,False,False,False
1710,VIA,MAGNASCO ALESSANDRO,1,6546.0,7,ACCONCIATORE,0.0,26.0,True,False,False,False,False
1711,VIA,MAIOCCHI ACHILLE,31,2162.0,3,ACCONCIATORE,0.0,16.0,True,False,False,False,False
1714,VIA,MAMBRETTI ANTONIO,40,7455.0,8,ACCONCIATORE,0.0,60.0,True,False,False,False,False
1715,VIA,MAMBRETTI ANTONIO,5,7455.0,8,ACCONCIATORE,0.0,21.0,True,False,False,False,False
1716,VIA,MAMIANI TERENZIO,10,2338.0,2,ACCONCIATORE,0.0,30.0,True,False,False,False,False
1717,VIA,MANGIAGALLI LUIGI,5,3202.0,3,ACCONCIATORE,3.0,23.0,True,False,False,False,False
1718,VIA,MANTEGNA ANDREA,2,7203.0,8,ACCONCIATORE,0.0,27.0,True,True,True,False,False
1720,VIA,MARCIANO,12,3294.0,4,ACCONCIATORE,0.0,32.0,True,False,False,False,False
1722,VIA,MARCO D'OGGIONO,2,5166.0,1,ACCONCIATORE,0.0,31.0,True,False,False,False,False
1723,VIA,MARCONA,53,3080.0,4,ACCONCIATORE,0.0,25.0,True,False,False,False,False
1724,VIA,MARCONA,70,3080.0,4,ACCONCIATORE,0.0,42.0,True,False,False,False,False
1725,VIA,MARESCALCHI FERDINANDO,11,3315.0,3,ACCONCIATORE,0.0,44.0,True,False,False,False,False
1726,VIA,MARGHERA,10,6280.0,7,ACCONCIATORE,0.0,23.0,True,False,False,False,False
1727,VIA,MARINETTI FILIPPO TOMMASO,2,2223.0,2,ACCONCIATORE,0.0,29.0,True,False,False,False,False
1728,VIA,MAROCCO PIETRO,10,2265.0,2,ACCONCIATORE,0.0,35.0,True,False,False,False,False
1729,VIA,MAROCCO PIETRO,17,2265.0,2,ACCONCIATORE,0.0,19.0,True,False,False,False,False
1730,VIA,MAROCHETTI CARLO,21,4185.0,4,ACCONCIATORE,0.0,21.0,True,False,False,False,False
1732,VIA,MARONCELLI PIETRO,2,1113.0,9,ACCONCIATORE,0.0,30.0,True,False,False,False,False
1733,VIA,MARTINENGO FRANCESCO,2,4183.0,4,ACCONCIATORE,0.0,30.0,True,False,False,False,False
1734,VIA,MARTIRI OSCURI,3,2291.0,2,ACCONCIATORE,0.0,21.0,True,False,False,False,False
1735,VIA,MASCHERONI LORENZO,22,6183.0,1,ACCONCIATORE,0.0,30.0,True,False,False,False,False
1736,VIA,MASOLINO DA PANICALE,12,7264.0,8,ACCONCIATORE,0.0,40.0,True,False,False,False,False
1737,VIA,MASOTTO UMBERTO,20,3283.0,4,ACCONCIATORE,9.0,21.0,True,False,False,False,False
1738,VIA,MECENATE,38,3323.0,4,ACCONCIATORE,2.0,25.0,True,False,False,False,False
1739,VIA,MECENATE,5,3323.0,4,ACCONCIATORE,0.0,45.0,True,False,False,False,False
1740,VIA,MECENATE,99,3323.0,4,ACCONCIATORE,32.0,20.0,True,False,False,False,False
1741,VIA,MEDA GIUSEPPE,15,5242.0,5,ACCONCIATORE,0.0,18.0,True,False,False,False,False
1742,VIA,MEDA GIUSEPPE,NOT-AVAILABLE,5242.0,5,ACCONCIATORE,0.0,29.0,True,False,False,False,False
1743,VIA,MEDEGHINO,15,5335.0,5,ACCONCIATORE,0.0,31.0,True,False,False,False,False
1745,VIA,MEDEGHINO,4,5335.0,5,ACCONCIATORE,0.0,48.0,True,False,False,False,False
1746,VIA,MELATO MARIA,10,7366.0,8,ACCONCIATORE,30.0,30.0,True,False,False,False,False
1747,VIA,MELLONI MACEDONIO,32,3085.0,4,ACCONCIATORE,0.0,30.0,True,False,False,False,False
1748,VIA,MELZO,30,2184.0,3,ACCONCIATORE,0.0,34.0,True,False,False,False,False
1749,VIA,MENABREA LUIGI FEDERICO,20,1322.0,9,ACCONCIATORE,0.0,30.0,True,False,False,False,False
1750,VIA,MENOTTI CIRO,1,3184.0,3,ACCONCIATORE,0.0,70.0,True,False,False,False,False
1751,VIA,MERAVIGLI,16,614.0,1,ACCONCIATORE,0.0,30.0,True,False,False,False,False
1752,VIA,MERCADANTE SAVERIO,10,2232.0,3,ACCONCIATORE,0.0,39.0,True,False,False,False,False
1753,VIA,MERCADANTE SAVERIO,17,2232.0,3,ACCONCIATORE,0.0,80.0,True,False,False,False,False
1754,VIA,MERCATO,10,717.0,1,ACCONCIATORE,0.0,25.0,True,False,False,False,False
1755,VIA,MEUCCI ANTONIO,2,2497.0,2,ACCONCIATORE,0.0,34.0,True,False,False,False,False
1756,VIA,MICHELINO DA BESOZZO,10,7263.0,8,ACCONCIATORE,0.0,27.0,True,False,False,False,False
1757,VIA,MILLELIRE DOMENICO,20,6620.0,7,ACCONCIATORE,1.0,19.0,True,False,False,False,False
1758,VIA,MINCIO,12,4157.0,4,ACCONCIATORE,0.0,13.0,True,False,False,False,False
1759,VIA,MODENA GUSTAVO,21,3122.0,3,ACCONCIATORE,0.0,30.0,True,False,False,False,False
1760,VIA,MODENA GUSTAVO,25,3122.0,3,ACCONCIATORE,3.0,17.0,True,False,False,False,False
1761,VIA,MOLA PIER FRANCESCO,3,7391.0,8,ACCONCIATORE,0.0,31.0,True,False,False,False,False
1762,VIA,MOLA PIER FRANCESCO,7,7391.0,8,ACCONCIATORE,0.0,56.0,True,False,False,False,False
1763,VIA,MOLINO DELLE ARMI,19,591.0,1,ACCONCIATORE,0.0,27.0,True,False,False,False,False
1764,VIA,MOLINO DELLE ARMI,NOT-AVAILABLE,591.0,1,ACCONCIATORE,26.0,32.0,True,False,False,False,False
1766,VIA,MONFALCONE,34,2538.0,3,ACCONCIATORE,0.0,25.0,True,False,False,False,False
1770,VIA,MONTE NAPOLEONE,13,219.0,1,ACCONCIATORE,0.0,110.0,True,False,False,False,False
1771,VIA,MONTE NAPOLEONE,17,219.0,1,ACCONCIATORE,0.0,37.0,True,False,False,False,False
1772,VIA,MONTE PALOMBINO,8,4368.0,4,ACCONCIATORE,0.0,41.0,True,False,False,False,False
1773,VIA,MONTE POPERA,9,4365.0,4,ACCONCIATORE,0.0,34.0,True,False,False,False,False
1774,VIA,MONTE ROSA,3,6388.0,7,ACCONCIATORE,0.0,37.0,True,False,False,False,False
1775,PZA,BAZZI GIOVANNI ANTONIO,2,6102.0,6,ACCONCIATORE,0.0,30.0,True,False,False,False,False
1776,VIA,MONTE ROTONDO,3,1449.0,9,ACCONCIATORE,1.0,33.0,True,False,False,False,False
1777,VIA,MONTE SAN GABRIELE,10,2481.0,2,ACCONCIATORE,0.0,15.0,True,False,False,False,False
1778,VIA,MONTE SAN GENESIO,14,1299.0,9,ACCONCIATORE,0.0,30.0,True,False,False,False,False
1779,VIA,MONTE SAN GENESIO,20,1299.0,9,ACCONCIATORE,0.0,30.0,True,False,False,False,False
1780,VIA,MONTE SAN GENESIO,5,1299.0,9,ACCONCIATORE,0.0,37.0,True,False,False,False,False
1767,VIA,MONTEGANI LODOVICO,13,5330.0,5,ACCONCIATORE,4.0,30.0,True,False,False,False,False
1768,VIA,MONTEGANI LODOVICO,23,5330.0,5,ACCONCIATORE,0.0,19.0,True,False,False,False,False
1781,VIA,S. GIOV. SUL MURO,14,609.0,1,ACCONCIATORE,0.0,44.0,True,False,False,False,False
1782,VIA,MORA GIAN GIACOMO,12,594.0,1,ACCONCIATORE,15.0,55.0,True,False,False,False,False
1783,VIA,MORGAGNI GIOVANNI BATTISTA,14,2158.0,3,ACCONCIATORE,0.0,30.0,True,False,False,False,False
1784,VIA,MORGANTINI MARIO,25,6568.0,7,ACCONCIATORE,0.0,36.0,True,False,False,False,False
1786,VIA,MOROSINI EMILIO,12,3073.0,4,ACCONCIATORE,0.0,33.0,True,False,False,False,False
1787,VIA,MOROSINI EMILIO,33,3073.0,4,ACCONCIATORE,0.0,26.0,True,False,False,False,False
1788,VIA,DELLE FORZE ARMATE,333,6643.0,7,ACCONCIATORE,0.0,30.0,True,False,False,False,False
1789,VIA,MOSCATI PIETRO,20,7136.0,1,ACCONCIATORE,0.0,24.0,True,False,False,False,False
1790,VIA,MURAT GIOACCHINO,70,1316.0,9,ACCONCIATORE,0.0,8.0,True,False,False,False,False
1791,VIA,MURAT GIOACCHINO,8,1316.0,9,ACCONCIATORE,5.0,16.0,True,False,False,False,False
1792,VIA,MURATORI LODOVICO,11,4076.0,4,ACCONCIATORE,0.0,30.0,True,False,False,False,False
1793,VIA,MURATORI LODOVICO,26,4076.0,4,ACCONCIATORE,0.0,29.0,True,False,False,False,False
1794,VIA,MURATORI LODOVICO,42,4076.0,4,ACCONCIATORE,0.0,14.0,True,False,False,False,False
1795,VIA,MUSSI GIUSEPPE,15,7199.0,8,ACCONCIATORE,0.0,31.0,True,False,False,False,False
1796,VIA,F.LLI FRASCHINI,2,4355.0,5,ACCONCIATORE,10.0,26.0,True,False,False,False,False
1797,VIA,NEGROLI,11,3279.0,4,ACCONCIATORE,0.0,37.0,True,False,False,False,False
1798,VIA,NICCODEMI DARIO,6,7380.0,8,ACCONCIATORE,9.0,19.0,True,False,False,False,False
1799,VIA,NICCOLINI GIOVANNI BATTISTA,25,7129.0,8,ACCONCIATORE,16.0,18.0,True,False,False,False,False
1800,VIA,NOTA ALBERTO,46,1624.0,9,ACCONCIATORE,0.0,31.0,True,False,False,False,False
1801,VIA,NOVARA,105,6624.0,7,ACCONCIATORE,0.0,18.0,True,False,False,False,False
1802,VIA,NOVARA,141,6624.0,7,ACCONCIATORE,0.0,18.0,True,False,False,False,False
1803,VIA,OGLIO,3,4105.0,4,ACCONCIATORE,0.0,23.0,True,False,False,False,False
1804,VIA,OLONA,12,5090.0,1,ACCONCIATORE,3.0,84.0,True,False,False,False,False
1805,VIA,ORIANI ALFREDO,2,4025.0,1,ACCONCIATORE,0.0,30.0,True,False,False,False,False
1806,VIA,ORNATO LUIGI,7,1591.0,9,ACCONCIATORE,0.0,30.0,True,False,False,False,False
1807,VIA,OROBONI ANTONIO,13,1635.0,9,ACCONCIATORE,0.0,30.0,True,False,False,False,False
1808,VIA,ORTICA,3,3242.0,3,ACCONCIATORE,0.0,29.0,True,False,False,False,False
1809,VIA,OVADA,1,5352.0,6,ACCONCIATORE,4.0,23.0,True,False,False,False,False
1810,VIA,PACINI GIOVANNI,22,2571.0,3,ACCONCIATORE,0.0,34.0,True,False,False,False,False
1811,VIA,PACINI GIOVANNI,50,2571.0,3,ACCONCIATORE,6.0,40.0,True,False,False,False,False
1812,VIA,PACINI GIOVANNI,70,2571.0,3,ACCONCIATORE,1.0,47.0,True,False,False,False,False
1815,VIA,PADOVA,186,2275.0,2,ACCONCIATORE,0.0,49.0,True,False,False,False,False
1816,VIA,PADOVA,217,2275.0,2,ACCONCIATORE,3.0,24.0,True,False,False,False,False
1817,VIA,PADOVA,235,2275.0,2,ACCONCIATORE,0.0,40.0,True,False,False,False,False
1818,VIA,PADOVA,288,2275.0,2,ACCONCIATORE,0.0,30.0,True,False,False,False,False
1819,VIA,PADOVA,310,2275.0,2,ACCONCIATORE,0.0,16.0,True,False,False,False,False
1820,VIA,PADOVA,40,2275.0,2,ACCONCIATORE,3.0,52.0,True,False,False,False,False
1821,VIA,PALAZZI LAZZARO,15,2171.0,3,ACCONCIATORE,4.0,31.0,True,False,False,False,False
1822,VIA,PALERMO,15,1025.0,1,ACCONCIATORE,0.0,47.0,True,False,False,False,False
1824,VIA,PALLADIO ANDREA,NOT-AVAILABLE,4213.0,5,ACCONCIATORE,2.0,30.0,True,False,False,False,False
1825,VIA,PALMA JACOPO,10,6605.0,7,ACCONCIATORE,0.0,24.0,True,False,False,False,False
1826,VIA,PALMANOVA,30,2390.0,3,ACCONCIATORE,0.0,33.0,True,False,False,False,False
1827,VIA,PALMANOVA,81,2390.0,2,ACCONCIATORE,0.0,30.0,True,False,False,False,False
1828,VIA,BOSCHETTI ERASMO,7,1309.0,2,ACCONCIATORE,3.0,28.0,True,False,False,False,False
1829,VIA,PALMIERI NICOLA,30,5323.0,5,ACCONCIATORE,0.0,30.0,True,False,False,False,False
1830,VIA,PANIZZI ANTONIO,12,6486.0,6,ACCONCIATORE,5.0,45.0,True,False,False,False,False
1831,VIA,PANTIGLIATE,11,6651.0,6,ACCONCIATORE,0.0,32.0,True,False,False,False,False
1832,VIA,PAOLO DA CANNOBIO,8,338.0,1,ACCONCIATORE,0.0,50.0,True,False,False,False,False
1833,VIA,PARENZO,6,5367.0,6,ACCONCIATORE,0.0,30.0,True,False,False,False,False
1834,VIA,PARETO VILFREDO,11,7440.0,8,ACCONCIATORE,12.0,15.0,True,False,False,False,False
1835,VIA,PARINI GIUSEPPE,9,1049.0,1,ACCONCIATORE,0.0,30.0,True,False,False,False,False
1836,VIA,PARINI GIUSEPPE,NOT-AVAILABLE,1049.0,1,ACCONCIATORE,3.0,70.0,True,False,False,False,False
1838,VIA,PASCOLI GIOVANNI,3,3132.0,3,ACCONCIATORE,0.0,30.0,True,False,False,False,False
1839,VIA,PASSERONI GIAN CARLO,2,4065.0,5,ACCONCIATORE,0.0,30.0,True,False,False,False,False
1840,VIA,PAULLO,13,3177.0,4,ACCONCIATORE,0.0,27.0,True,False,False,False,False
1841,VIA,PELITTI GIUSEPPE,2,2412.0,2,ACCONCIATORE,3.0,30.0,True,False,False,False,False
1844,VIA,PICCO MADRE ANNA EUGENIA,8,2386.0,2,ACCONCIATORE,0.0,22.0,True,False,False,False,False
1845,VIA,PIERLUIGI GIOVANNI DA PALESTRINA,36,2235.0,2,ACCONCIATORE,0.0,39.0,True,False,False,False,False
1846,VIA,PIERLUIGI GIOVANNI DA PALESTRINA,4,2235.0,3,ACCONCIATORE,0.0,31.0,True,False,False,False,False
1847,VIA,PIERO DELLA FRANCESCA,22,7188.0,8,ACCONCIATORE,0.0,30.0,True,False,False,False,False
1848,VIA,PIERO DELLA FRANCESCA,38,7188.0,8,ACCONCIATORE,0.0,30.0,True,False,False,False,False
1849,VIA,PIERO DELLA FRANCESCA,51,7188.0,8,ACCONCIATORE,2.0,24.0,True,False,False,False,False
1850,VIA,PILO ROSOLINO,9,2189.0,3,ACCONCIATORE,0.0,65.0,True,False,False,False,False
1851,VIA,PIO II,3,6832.0,7,ACCONCIATORE,0.0,61.0,True,False,False,False,False
1852,VIA,PISACANE CARLO,40,2188.0,3,ACCONCIATORE,0.0,30.0,True,False,False,False,False
1853,VIA,PISANELLO,26,6600.0,7,ACCONCIATORE,0.0,16.0,True,False,False,False,False
1854,VIA,PISANI VITTOR,5,1201.0,2,ACCONCIATORE,0.0,72.0,True,False,False,False,False
1855,VIA,PISTRUCCI SCIPIONE,25,3215.0,4,ACCONCIATORE,0.0,21.0,True,False,False,False,False
1856,VIA,PLANA GIOVANNI ANTONIO,49,7177.0,8,ACCONCIATORE,0.0,38.0,True,False,False,False,False
1857,VIA,PLINIO CAIO SECONDO,39,2144.0,3,ACCONCIATORE,0.0,30.0,True,False,False,False,False
1858,VIA,PLINIO CAIO SECONDO,40,2144.0,3,ACCONCIATORE,0.0,37.0,True,False,False,False,False
1859,VIA,PLINIO CAIO SECONDO,5,2144.0,3,ACCONCIATORE,3.0,46.0,True,False,False,False,False
1861,VIA,POERIO CARLO,NOT-AVAILABLE,3181.0,3,ACCONCIATORE,0.0,30.0,True,False,False,False,False
1862,VIA,POGGIBONSI,14,6601.0,7,ACCONCIATORE,0.0,30.0,True,False,False,False,False
1863,VIA,POLA,15,1156.0,9,ACCONCIATORE,0.0,33.0,True,False,False,False,False
1864,VIA,POLIZIANO,NOT-AVAILABLE,7196.0,8,ACCONCIATORE,0.0,37.0,True,False,False,False,False
1865,VIA,POMA CARLO,18,3090.0,4,ACCONCIATORE,0.0,30.0,True,False,False,False,False
1866,VIA,POMPONAZZI PIETRO,4,5246.0,5,ACCONCIATORE,0.0,30.0,True,False,False,False,False
1870,VIA,PONTACCIO,2,143.0,1,ACCONCIATORE,0.0,30.0,True,False,False,False,False
1871,VIA,PONTACCIO,7,143.0,1,ACCONCIATORE,4.0,17.0,True,False,False,False,False
1873,VIA,PONTE SEVESO,28,1203.0,2,ACCONCIATORE,4.0,35.0,True,False,False,False,False
1874,VIA,PONTE SEVESO,40,1203.0,2,ACCONCIATORE,0.0,40.0,True,False,False,False,False
1875,VIA,PONTE SEVESO,44,1203.0,2,ACCONCIATORE,0.0,30.0,True,False,False,False,False
1876,VIA,PONTI ANDREA,1,5293.0,6,ACCONCIATORE,2.0,32.0,True,False,False,False,False
1877,VIA,PONTI DELLA PRIULA,2,4170.0,4,ACCONCIATORE,0.0,22.0,True,False,False,False,False
1878,VIA,PONTI ETTORE,43,5297.0,6,ACCONCIATORE,0.0,30.0,True,False,False,False,False
1879,VIA,PONTI ETTORE,54,5297.0,6,ACCONCIATORE,0.0,33.0,True,False,False,False,False
1880,VIA,POPOLI UNITI,15,2293.0,2,ACCONCIATORE,0.0,36.0,True,False,False,False,False
1882,VIA,PORDENONE,28,2650.0,3,ACCONCIATORE,0.0,48.0,True,False,False,False,False
1884,VIA,PORPORA NICOLA ANTONIO,126,2229.0,3,ACCONCIATORE,4.0,24.0,True,False,False,False,False
1885,VIA,PORPORA NICOLA ANTONIO,14,2229.0,3,ACCONCIATORE,2.0,18.0,True,False,False,False,False
1886,VIA,PORPORA NICOLA ANTONIO,167,2229.0,3,ACCONCIATORE,0.0,43.0,True,False,False,False,False
1887,VIA,PORPORA NICOLA ANTONIO,89,2229.0,3,ACCONCIATORE,0.0,37.0,True,False,False,False,False
1888,VIA,PORTINARI PIGELLO,1,1408.0,2,ACCONCIATORE,0.0,25.0,True,False,False,False,False
1889,VIA,PREDA PIERO,2,5245.0,5,ACCONCIATORE,0.0,30.0,True,False,False,False,False
1890,VIA,PRESTINARI MARCELLO,5,1269.0,9,ACCONCIATORE,0.0,35.0,True,False,False,False,False
1891,VIA,PREVIATI GAETANO,72,6384.0,7,ACCONCIATORE,0.0,33.0,True,False,False,False,False
1892,VIA,PRIMATICCIO FRANCESCO,32,6646.0,6,ACCONCIATORE,7.0,24.0,True,False,False,False,False
1893,VIA,PRINA GIUSEPPE,NOT-AVAILABLE,7135.0,8,ACCONCIATORE,0.0,30.0,True,False,False,False,False
1894,VIA,PROCACCINI GIULIO CESARE,27,7204.0,8,ACCONCIATORE,0.0,36.0,True,False,False,False,False
1895,VIA,PROCACCINI GIULIO CESARE,66,7204.0,8,ACCONCIATORE,0.0,38.0,True,False,False,False,False
1896,VIA,PROCACCINI GIULIO CESARE,69,7204.0,8,ACCONCIATORE,0.0,35.0,True,False,False,False,False
1897,VIA,PROCOPIO,5,6117.0,6,ACCONCIATORE,4.0,14.0,True,False,False,False,False
1898,VIA,PULCI LUIGI,14,1622.0,9,ACCONCIATORE,0.0,30.0,True,False,False,False,False
1899,VIA,QUADRONNO,34,4021.0,1,ACCONCIATORE,0.0,25.0,True,False,False,False,False
1901,VIA,QUINTO ROMANO,52,6333.0,7,ACCONCIATORE,7.0,27.0,True,False,False,False,False
1902,VIA,QUINTO ROMANO,70,6333.0,7,ACCONCIATORE,0.0,24.0,True,False,False,False,False
1903,VIA,RASORI GIOVANNI,12,6190.0,7,ACCONCIATORE,0.0,22.0,True,False,False,False,False
1904,VIA,RASORI GIOVANNI,2,6190.0,7,ACCONCIATORE,0.0,59.0,True,False,False,False,False
1905,VIA,RASORI GIOVANNI,8,6190.0,7,ACCONCIATORE,0.0,32.0,True,False,False,False,False
1906,VIA,RAVIZZA CARLO,24,6285.0,7,ACCONCIATORE,0.0,30.0,True,False,False,False,False
1907,VIA,REGALDI GIUSEPPE,21,1578.0,9,ACCONCIATORE,0.0,25.0,True,False,False,False,False
1908,VIA,REMBRANDT,12,6618.0,7,ACCONCIATORE,0.0,12.0,True,False,False,False,False
1909,VIA,REMBRANDT,22,6618.0,7,ACCONCIATORE,5.0,40.0,True,False,False,False,False
1910,VIA,REMBRANDT,27,6618.0,7,ACCONCIATORE,0.0,20.0,True,False,False,False,False
1911,VIA,REMBRANDT,49,6618.0,7,ACCONCIATORE,3.0,39.0,True,False,False,False,False
1912,VIA,REMBRANDT,58,6618.0,7,ACCONCIATORE,4.0,45.0,True,False,False,False,False
1913,VIA,REMBRANDT,67,6618.0,7,ACCONCIATORE,0.0,24.0,True,False,False,False,False
1914,VIA,REMBRANDT,69,6618.0,7,ACCONCIATORE,0.0,28.0,True,False,False,False,False
1915,VIA,REZIA,8,3200.0,4,ACCONCIATORE,0.0,23.0,True,False,False,False,False
1916,VIA,RICCIARELLI DANIELE,45,6553.0,7,ACCONCIATORE,0.0,29.0,True,False,False,False,False
1917,VIA,RICORDI GIOVANNI,2,2251.0,3,ACCONCIATORE,0.0,30.0,True,False,False,False,False
1918,VIA,RIMINI,23,5267.0,6,ACCONCIATORE,0.0,41.0,True,False,False,False,False
1919,VIA,RIMINI,5,5267.0,5,ACCONCIATORE,0.0,30.0,True,False,False,False,False
1921,VIA,RIPAMONTI GIUSEPPE,184,4066.0,5,ACCONCIATORE,0.0,26.0,True,False,False,False,False
1926,VIA,RIPAMONTI GIUSEPPE,236,4066.0,5,ACCONCIATORE,0.0,30.0,True,False,False,False,False
1927,VIA,RIPAMONTI GIUSEPPE,9,4066.0,5,ACCONCIATORE,1.0,42.0,True,False,False,False,False
1929,VIA,RISMONDO FRANCESCO,2,6756.0,7,ACCONCIATORE,0.0,30.0,True,False,False,False,False
1930,VIA,RISMONDO FRANCESCO,30,6756.0,7,ACCONCIATORE,6.0,36.0,True,False,False,False,False
1931,VIA,RISMONDO FRANCESCO,5,6756.0,7,ACCONCIATORE,3.0,12.0,True,False,False,False,False
1934,VIA,ROCCA D'ANFO,4,1556.0,9,ACCONCIATORE,0.0,28.0,True,False,False,False,False
1935,VIA,ROMBON,29,2659.0,3,ACCONCIATORE,38.0,30.0,True,False,False,False,False
1937,VIA,ROMBON,44,2659.0,3,ACCONCIATORE,2.0,37.0,True,False,False,False,False
1938,VIA,ROMEO NICOLA,6,5479.0,5,ACCONCIATORE,0.0,57.0,True,False,False,False,False
1939,VIA,ROMILLI ARCIVESCOVO,24,4154.0,5,ACCONCIATORE,0.0,20.0,True,False,False,False,False
1940,VIA,ROMILLI ARCIVESCOVO,29,4154.0,4,ACCONCIATORE,0.0,39.0,True,False,False,False,False
1943,VIA,RONCHI,35,2655.0,3,ACCONCIATORE,0.0,26.0,True,False,False,False,False
1944,VIA,CARNIA,31,2395.0,3,ACCONCIATORE,19.0,29.0,True,False,False,False,False
1945,VIA,ROSMINI ANTONIO,7,7132.0,1,ACCONCIATORE,0.0,35.0,True,False,False,False,False
1946,VIA,ROSMINI ANTONIO,NOT-AVAILABLE,7132.0,1,ACCONCIATORE,0.0,20.0,True,False,False,False,False
1947,VIA,ROSSI PELLEGRINO,22,1510.0,9,ACCONCIATORE,0.0,30.0,True,False,False,False,False
1948,VIA,ROSSI PELLEGRINO,59,1510.0,9,ACCONCIATORE,0.0,30.0,True,False,False,False,False
1949,VIA,ROSSI PELLEGRINO,91,1510.0,9,ACCONCIATORE,0.0,30.0,True,False,False,False,False
1950,VIA,ROVERETO,12,2300.0,2,ACCONCIATORE,0.0,31.0,True,False,False,False,False
1951,VIA,RUBENS PIETRO,22,6597.0,7,ACCONCIATORE,4.0,16.0,True,False,False,False,False
1952,VIA,RUCELLAI BERNARDO,12,2345.0,2,ACCONCIATORE,0.0,24.0,True,False,False,False,False
1953,VIA,RUCELLAI BERNARDO,50,2345.0,2,ACCONCIATORE,0.0,30.0,True,False,False,False,False
1954,VIA,RUGGERO DI LAURIA,20,7163.0,8,ACCONCIATORE,0.0,36.0,True,False,False,False,False
1955,VIA,RUSSO VINCENZO,8,2328.0,2,ACCONCIATORE,0.0,38.0,True,False,False,False,False
2011,VIA,S. GIOV. SUL MURO,15,609.0,1,ACCONCIATORE,0.0,30.0,True,False,False,False,False
1956,VIA,SACCO LUIGI,3,6275.0,7,ACCONCIATORE,0.0,88.0,True,False,False,False,False
1958,VIA,SALVEMINI GAETANO,3,1678.0,9,ACCONCIATORE,0.0,30.0,True,False,False,False,False
1959,VIA,SALVINI TOMMASO,3,2175.0,1,ACCONCIATORE,0.0,47.0,True,False,False,False,False
1961,VIA,SAMMARTINI GIOVANNI BATTISTA,41,1202.0,2,ACCONCIATORE,0.0,19.0,True,False,False,False,False
1962,VIA,SAN BERNARDO,32,4351.0,5,ACCONCIATORE,0.0,30.0,True,False,False,False,False
1963,VIA,SAN FAUSTINO,8,2681.0,3,ACCONCIATORE,0.0,53.0,True,False,False,False,False
1965,VIA,SAN GREGORIO,53,2123.0,2,ACCONCIATORE,0.0,30.0,True,False,False,False,False
1967,VIA,SAN MARCO,28,1036.0,1,ACCONCIATORE,0.0,30.0,True,False,False,False,False
1968,VIA,SAN MARTINO,15,4016.0,1,ACCONCIATORE,0.0,30.0,True,False,False,False,False
1970,VIA,SAN PAOLINO,18,5425.0,6,ACCONCIATORE,0.0,30.0,True,False,False,False,False
1971,VIA,SAN PIETRO ALL'ORTO,26,213.0,1,ACCONCIATORE,0.0,87.0,True,False,False,False,False
1972,VIA,SAN SIRO,16,6282.0,7,ACCONCIATORE,15.0,40.0,True,False,False,False,False
1980,VIA,SAN TOMASO,6,723.0,1,ACCONCIATORE,0.0,30.0,True,False,False,False,False
1981,VIA,SAN TOMASO,8,723.0,1,ACCONCIATORE,0.0,23.0,True,False,False,False,False
1964,VIA,SANFELICE LUISA,7,3224.0,4,ACCONCIATORE,0.0,25.0,True,False,False,False,False
1974,VIA,SANT' AMPELLIO,16,5253.0,5,ACCONCIATORE,10.0,16.0,True,False,False,False,False
1975,VIA,SANT' ANDREA,2,222.0,1,ACCONCIATORE,0.0,85.0,True,False,False,False,False
1982,VIA,SANT' UGUZZONE,21,2448.0,2,ACCONCIATORE,0.0,28.0,True,False,False,False,False
1973,VIA,SANTA MONICA,3,1448.0,9,ACCONCIATORE,0.0,30.0,True,False,False,False,False
1976,VIA,SANTA RADEGONDA,3,208.0,1,ACCONCIATORE,0.0,30.0,True,False,False,False,False
1977,VIA,SANTA RITA DA CASCIA,74,5301.0,6,ACCONCIATORE,0.0,29.0,True,False,False,False,False
1978,VIA,SANTA SOFIA,24,408.0,1,ACCONCIATORE,0.0,49.0,True,False,False,False,False
1979,VIA,SANTA TERESA,NOT-AVAILABLE,5314.0,5,ACCONCIATORE,0.0,30.0,True,False,False,False,False
1983,VIA,SANZIO RAFFAELLO,16,6283.0,7,ACCONCIATORE,0.0,32.0,True,False,False,False,False
1984,VIA,SANZIO RAFFAELLO,26,6283.0,7,ACCONCIATORE,0.0,30.0,True,False,False,False,False
1985,VIA,SAPONARO MICHELE,36,5432.0,5,ACCONCIATORE,0.0,15.0,True,False,False,False,False
1986,VIA,SAPRI,89,7441.0,8,ACCONCIATORE,0.0,73.0,True,False,False,False,False
1987,VIA,SARDEGNA,31,6265.0,7,ACCONCIATORE,0.0,31.0,True,False,False,False,False
1988,VIA,SATTA SEBASTIANO,3,7352.0,8,ACCONCIATORE,0.0,30.0,True,False,False,False,False
1989,VIA,SAULI SANT' ALESSANDRO,9,2273.0,2,ACCONCIATORE,3.0,25.0,True,False,False,False,False
1990,VIA,SAVOLDO GIAN GIROLAMO,4,1691.0,9,ACCONCIATORE,0.0,17.0,True,False,False,False,False
1991,VIA,SAVONA,45,5122.0,6,ACCONCIATORE,0.0,30.0,True,False,False,False,False
1993,VIA,SAVONA,80,5122.0,6,ACCONCIATORE,0.0,30.0,True,False,False,False,False
1994,VIA,SCALVINI GIOVITA,3,1265.0,9,ACCONCIATORE,0.0,28.0,True,False,False,False,False
1995,VIA,SCANINI ALESSANDRO,15,6755.0,7,ACCONCIATORE,10.0,30.0,True,False,False,False,False
1996,VIA,SCROSATI LUIGI,8,6488.0,6,ACCONCIATORE,0.0,21.0,True,False,False,False,False
1997,VIA,SEBASTIANO DEL PIOMBO,4,6397.0,8,ACCONCIATORE,4.0,68.0,True,False,False,False,False
1998,VIA,SEBENICO,14,1131.0,9,ACCONCIATORE,0.0,23.0,True,False,False,False,False
1999,VIA,SEBINO,19,4092.0,4,ACCONCIATORE,0.0,22.0,True,False,False,False,False
2000,VIA,SEBINO,8,4092.0,4,ACCONCIATORE,0.0,30.0,True,False,False,False,False
2001,VIA,SENATO,2,236.0,1,ACCONCIATORE,0.0,131.0,True,False,False,False,False
2002,VIA,SERAO MATILDE,7,6241.0,7,ACCONCIATORE,0.0,32.0,True,False,False,False,False
2003,VIA,SERCOGNANI GIUSEPPE,4,7281.0,8,ACCONCIATORE,0.0,42.0,True,False,False,False,False
2004,VIA,SERLIO SEBASTIANO,11,4176.0,4,ACCONCIATORE,0.0,34.0,True,False,False,False,False
2005,VIA,SETTALA LODOVICO,20,2111.0,3,ACCONCIATORE,0.0,26.0,True,False,False,False,False
2006,VIA,SETTALA LODOVICO,9,2111.0,3,ACCONCIATORE,5.0,31.0,True,False,False,False,False
2009,VIA,SETTEMBRINI LUIGI,2,2127.0,3,ACCONCIATORE,10.0,30.0,True,True,False,False,False
2008,VIA,SETTEMBRINI LUIGI,29,2127.0,2,ACCONCIATORE,0.0,32.0,True,False,False,False,False
2010,VIA,SFORZA ASCANIO,81,5201.0,5,ACCONCIATORE,0.0,30.0,True,False,False,False,False
2012,VIA,SIGIERI GOFFREDO,6,4080.0,4,ACCONCIATORE,0.0,30.0,True,False,False,False,False
2013,VIA,SILVA GUGLIELMO,29,6400.0,8,ACCONCIATORE,0.0,20.0,True,False,False,False,False
2014,VIA,SILVA GUGLIELMO,35,6400.0,8,ACCONCIATORE,0.0,24.0,True,False,False,False,False
2015,VIA,SILVA GUGLIELMO,45,6400.0,8,ACCONCIATORE,0.0,17.0,True,False,False,False,False
2016,VIA,SIMONETTA CICCO,17,5168.0,1,ACCONCIATORE,0.0,30.0,True,False,False,False,False
2017,VIA,SIRTORI GIUSEPPE,13,2180.0,3,ACCONCIATORE,0.0,30.0,True,False,False,False,False
2018,VIA,SISMONDI GIANCARLO,36,3256.0,4,ACCONCIATORE,0.0,43.0,True,False,False,False,False
2019,VIA,SISMONDI GIANCARLO,48,3256.0,4,ACCONCIATORE,0.0,32.0,True,False,False,False,False
2020,VIA,SLATAPER SCIPIO,19,1348.0,2,ACCONCIATORE,0.0,41.0,True,False,False,False,False
2021,VIA,SODERINI LUIGI,25,6675.0,6,ACCONCIATORE,3.0,25.0,True,False,False,False,False
2023,VIA,SOLARI ANDREA,1,5111.0,6,ACCONCIATORE,0.0,50.0,True,False,False,False,False
2025,VIA,SOLARI ANDREA,3,5111.0,6,ACCONCIATORE,0.0,30.0,True,False,False,False,False
2028,VIA,SOLFERINO,25,1028.0,1,ACCONCIATORE,0.0,50.0,True,False,False,False,False
2029,VIA,SOTTOCORNO PASQUALE,2,3152.0,4,ACCONCIATORE,0.0,30.0,True,False,False,False,False
2031,VIA,SPARTACO,38,3186.0,4,ACCONCIATORE,0.0,43.0,True,False,False,False,False
2032,VIA,SPONTINI GASPARE,10,2141.0,3,ACCONCIATORE,0.0,68.0,True,True,True,False,False
2033,VIA,STAMPA,1,538.0,1,ACCONCIATORE,4.0,17.0,True,False,False,False,False
2034,VIA,STAZIO CECILIO,11,2280.0,2,ACCONCIATORE,2.0,35.0,True,False,False,False,False
2035,VIA,STEPHENSON GIORGIO,4,7456.0,8,ACCONCIATORE,0.0,38.0,True,False,False,False,False
2036,VIA,STOPPANI ANTONIO,12,2163.0,3,ACCONCIATORE,0.0,52.0,True,False,False,False,False
2037,VIA,STOPPANI ANTONIO,15,2163.0,3,ACCONCIATORE,3.0,21.0,True,False,False,False,False
2038,VIA,STRADELLA ALESSANDRO,1,2170.0,3,ACCONCIATORE,0.0,30.0,True,False,False,False,False
2039,VIA,STRESA,16,1396.0,2,ACCONCIATORE,0.0,30.0,True,False,False,False,False
2040,VIA,SULMONA,23,4180.0,4,ACCONCIATORE,0.0,24.0,True,False,False,False,False
2041,VIA,TADINO ALESSANDRO,18,2109.0,3,ACCONCIATORE,0.0,30.0,True,False,False,False,False
2042,VIA,TAGIURA,10,6125.0,6,ACCONCIATORE,0.0,38.0,True,False,False,False,False
2043,VIA,TAGLIAMENTO,5,4147.0,4,ACCONCIATORE,18.0,14.0,True,False,False,False,False
2044,VIA,TARRA GIULIO,6,1198.0,2,ACCONCIATORE,0.0,27.0,True,False,False,False,False
2045,VIA,TARTINI GIUSEPPE,37,1501.0,9,ACCONCIATORE,0.0,30.0,True,False,False,False,False
2046,VIA,TAVAZZANO,10,7335.0,8,ACCONCIATORE,0.0,30.0,True,False,False,False,False
2047,VIA,TAVAZZANO,14,7335.0,8,ACCONCIATORE,0.0,42.0,True,False,False,False,False
2048,VIA,TEANO,28,1632.0,9,ACCONCIATORE,3.0,72.0,True,False,False,False,False
2050,VIA,TEODOSIO,20,2550.0,3,ACCONCIATORE,3.0,30.0,True,False,False,False,False
2051,VIA,TEODOSIO,33,2550.0,3,ACCONCIATORE,0.0,30.0,True,False,False,False,False
2054,VIA,TERTULLIANO,35,4094.0,4,ACCONCIATORE,0.0,35.0,True,False,False,False,False
2055,VIA,TEULIE' PIETRO,5,4040.0,5,ACCONCIATORE,0.0,30.0,True,False,False,False,False
2056,VIA,THAON DI REVEL GENOVA,10,1172.0,9,ACCONCIATORE,0.0,30.0,True,False,False,False,False
2057,VIA,TIEPOLO GIAN BATTISTA,1,3126.0,3,ACCONCIATORE,4.0,19.0,True,False,False,False,False
2058,VIA,TIRABOSCHI GEROLAMO,6,4072.0,4,ACCONCIATORE,2.0,30.0,True,False,False,False,False
2059,VIA,TIRSO,4,4230.0,5,ACCONCIATORE,0.0,30.0,True,False,False,False,False
2060,VIA,TITO LIVIO,33,4086.0,4,ACCONCIATORE,0.0,31.0,True,False,False,False,False
2061,VIA,PORDENONE,13,2650.0,3,ACCONCIATORE,2.0,24.0,True,False,False,False,False
2062,VIA,TOLSTOI LEONE,31,5133.0,6,ACCONCIATORE,0.0,26.0,True,False,False,False,False
2063,VIA,TOLSTOI LEONE,40,5133.0,6,ACCONCIATORE,0.0,40.0,True,False,False,False,False
2064,VIA,TORRE CARLO,45,5271.0,6,ACCONCIATORE,0.0,30.0,True,False,False,False,False
2065,VIA,TORRICELLI EVANGELISTA,10,5240.0,5,ACCONCIATORE,0.0,26.0,True,False,False,False,False
2066,VIA,TOSCOLANO,1,3362.0,4,ACCONCIATORE,0.0,30.0,True,False,False,False,False
2067,VIA,TRAIANO MARCO ULPIO,11,7157.0,9,ACCONCIATORE,0.0,52.0,True,False,False,False,False
2068,VIA,TRAIANO MARCO ULPIO,62,7157.0,9,ACCONCIATORE,0.0,34.0,True,False,False,False,False
2069,VIA,TRAU',2,1154.0,9,ACCONCIATORE,14.0,73.0,True,False,False,False,False
2070,VIA,TRIESTE,15,6261.0,7,ACCONCIATORE,0.0,60.0,True,False,False,False,False
2071,VIA,TRILUSSA,15,7367.0,8,ACCONCIATORE,0.0,32.0,True,False,False,False,False
2072,VIA,TRIVULZIO ANTONIO TOLOMEO,4,6277.0,7,ACCONCIATORE,0.0,40.0,True,False,False,False,False
2073,VIA,UBERTI GIULIO,5,3121.0,3,ACCONCIATORE,6.0,24.0,True,False,False,False,False
2074,VIA,UGONI CAMILLO,6,1282.0,9,ACCONCIATORE,5.0,15.0,True,False,False,False,False
2075,VIA,VAL BAVONA,3,6664.0,6,ACCONCIATORE,2.0,29.0,True,False,False,False,False
2076,VIA,VAL CISMON,4,1666.0,9,ACCONCIATORE,0.0,30.0,True,False,False,False,False
2078,VIA,VAL D'INTELVI,24,6752.0,7,ACCONCIATORE,0.0,58.0,True,False,False,False,False
2077,VIA,VAL DI BONDO,6,1648.0,9,ACCONCIATORE,4.0,40.0,True,False,False,False,False
2079,VIA,VAL DI SOLE,10,4295.0,5,ACCONCIATORE,0.0,35.0,True,False,False,False,False
2082,VIA,VAL GARDENA,25,2304.0,2,ACCONCIATORE,0.0,38.0,True,False,False,False,False
2089,VIA,VAL LEVENTINA,3,6507.0,7,ACCONCIATORE,0.0,49.0,True,False,False,False,False
2090,VIA,VAL MAIRA,4,1098.0,9,ACCONCIATORE,0.0,53.0,True,False,False,False,False
2091,VIA,VAL MESOLCINA,2,4194.0,4,ACCONCIATORE,9.0,26.0,True,False,False,False,False
2094,VIA,VAL TROMPIA,15,7494.0,8,ACCONCIATORE,0.0,19.0,True,False,False,False,False
2095,VIA,VAL TROMPIA,33,7494.0,8,ACCONCIATORE,0.0,18.0,True,False,False,False,False
2081,VIA,VALFURVA,1,1168.0,9,ACCONCIATORE,25.0,32.0,True,False,False,False,False
2083,VIA,VALLA LORENZO,25,5336.0,5,ACCONCIATORE,0.0,26.0,True,False,False,False,False
2084,VIA,VALLA LORENZO,NOT-AVAILABLE,5336.0,5,ACCONCIATORE,4.0,52.0,True,False,False,False,False
2085,VIA,VALLARSA,1,4142.0,5,ACCONCIATORE,3.0,12.0,True,False,False,False,False
2086,VIA,VALLAZZE,101,2250.0,3,ACCONCIATORE,8.0,15.0,True,False,False,False,False
2087,VIA,VALLAZZE,86,2250.0,3,ACCONCIATORE,2.0,24.0,True,False,False,False,False
2088,VIA,VALLAZZE,89,2250.0,3,ACCONCIATORE,0.0,20.0,True,False,False,False,False
2092,VIA,VALPARAISO,9,6093.0,6,ACCONCIATORE,0.0,30.0,True,False,False,False,False
2093,VIA,VALPARAISO,NOT-AVAILABLE,6093.0,6,ACCONCIATORE,0.0,27.0,True,False,False,False,False
2097,VIA,VANVITELLI LUIGI,1,3108.0,3,ACCONCIATORE,70.0,90.0,True,False,False,False,False
2098,VIA,VANVITELLI LUIGI,NOT-AVAILABLE,3108.0,3,ACCONCIATORE,0.0,35.0,True,False,False,False,False
2099,VIA,VARANINI LUIGI,12,2288.0,2,ACCONCIATORE,0.0,35.0,True,False,False,False,False
2101,VIA,VARESE,1,1031.0,1,ACCONCIATORE,0.0,29.0,True,False,False,False,False
2102,VIA,VARESE,20,1031.0,1,ACCONCIATORE,0.0,30.0,True,False,False,False,False
2103,VIA,VENEZIANO DOMENICO,5,4190.0,4,ACCONCIATORE,0.0,15.0,True,False,False,False,False
2104,VIA,VENIERO SEBASTIANO,16,6423.0,8,ACCONCIATORE,3.0,40.0,True,False,False,False,False
2105,VIA,VENINI GIULIO E CORRADO,1,2258.0,2,ACCONCIATORE,4.0,47.0,True,False,False,False,False
2106,VIA,VENINI GIULIO E CORRADO,62,2258.0,2,ACCONCIATORE,0.0,37.0,True,False,False,False,False
2108,VIA,VENINI GIULIO E CORRADO,70,2258.0,2,ACCONCIATORE,0.0,45.0,True,False,False,False,False
2109,VIA,VENINI GIULIO E CORRADO,91,2258.0,2,ACCONCIATORE,4.0,21.0,True,False,False,False,False
2110,VIA,VENOSA,6,4097.0,4,ACCONCIATORE,1.0,35.0,True,False,False,False,False
2111,VIA,VERATTI LUIGI,12,7374.0,8,ACCONCIATORE,0.0,32.0,True,False,False,False,False
2112,VIA,VERGA ANDREA,22,6200.0,7,ACCONCIATORE,0.0,18.0,True,False,False,False,False
2113,VIA,VERITA' DON GIOVANNI,4,1469.0,9,ACCONCIATORE,0.0,29.0,True,False,False,False,False
2114,VIA,VERRO BERNARDINO,45,4223.0,5,ACCONCIATORE,6.0,18.0,True,False,False,False,False
2115,VIA,VERRO BERNARDINO,62,4223.0,5,ACCONCIATORE,0.0,68.0,True,False,False,False,False
2116,VIA,VESPRI SICILIANI,13,5137.0,6,ACCONCIATORE,24.0,19.0,True,False,False,False,False
2117,VIA,VESPRI SICILIANI,30,5137.0,6,ACCONCIATORE,0.0,41.0,True,False,False,False,False
2119,VIA,VIGEVANO,45,5116.0,6,ACCONCIATORE,0.0,64.0,True,False,False,False,False
2120,VIA,VIGNA,5,636.0,1,ACCONCIATORE,3.0,17.0,True,False,False,False,False
2121,VIA,VIGNATI CESARE,18,1515.0,9,ACCONCIATORE,0.0,24.0,True,False,False,False,False
2122,VIA,VIGNOLA,2,4054.0,5,ACCONCIATORE,2.0,20.0,True,False,False,False,False
2123,VIA,VIGNOLI TITO,42,5134.0,6,ACCONCIATORE,9.0,42.0,True,False,False,False,False
2124,VIA,VILLORESI EUGENIO,28,5145.0,6,ACCONCIATORE,0.0,32.0,True,False,False,False,False
2125,VIA,VILLORESI EUGENIO,3,5145.0,6,ACCONCIATORE,0.0,22.0,True,False,False,False,False
2126,VIA,VIPACCO,6,2444.0,2,ACCONCIATORE,4.0,32.0,True,False,False,False,False
2127,VIA,VISCONTI ALEX,NOT-AVAILABLE,7529.0,8,ACCONCIATORE,0.0,42.0,True,False,False,False,False
2128,VIA,VISCONTI D'ARAGONA ALESSANDRO,17,3229.0,3,ACCONCIATORE,4.0,30.0,True,False,False,False,False
2129,VIA,VISCONTI DI MODRONE UBERTO,4,361.0,1,ACCONCIATORE,0.0,30.0,True,False,False,False,False
2130,VIA,VITRUVIO,46,2134.0,2,ACCONCIATORE,0.0,27.0,True,False,False,False,False
2131,VIA,VIVAIO,14,3041.0,1,ACCONCIATORE,0.0,30.0,True,False,False,False,False
2132,VIA,VODICE,9,6552.0,7,ACCONCIATORE,2.0,21.0,True,False,False,False,False
2133,VIA,VOLTURNO,41,1135.0,9,ACCONCIATORE,0.0,14.0,True,False,False,False,False
2134,VIA,VOLVINIO,18,5333.0,5,ACCONCIATORE,0.0,34.0,True,False,False,False,False
2135,VIA,WASHINGTON GIORGIO,5,6111.0,7,ACCONCIATORE,3.0,21.0,True,True,False,False,False
2136,VIA,WASHINGTON GIORGIO,74,6111.0,7,ACCONCIATORE,0.0,23.0,True,False,False,False,False
2139,VIA,ZANOLI ALESSANDRO,30,1548.0,9,ACCONCIATORE,8.0,26.0,True,False,False,False,False
2140,VIA,ZANTE,30,3364.0,4,ACCONCIATORE,0.0,30.0,True,False,False,False,False
2141,VIA,ZEZON ACHILLE,2,1194.0,2,ACCONCIATORE,25.0,16.0,True,False,False,False,False
2142,VIA,ZURETTI GIANFRANCO,13,1216.0,2,ACCONCIATORE,1.0,37.0,True,False,False,False,False
2143,VIA,ZURETTI GIANFRANCO,25,1216.0,2,ACCONCIATORE,0.0,25.0,True,False,False,False,False
2144,VIA,ZURETTI GIANFRANCO,42,1216.0,2,ACCONCIATORE,2.0,16.0,True,False,False,False,False
2146,VLE,ABRUZZI,16,2177.0,3,ACCONCIATORE,0.0,30.0,True,False,False,False,False
2147,VLE,ABRUZZI,25,2177.0,3,ACCONCIATORE,12.0,22.0,True,False,False,False,False
2148,VLE,ABRUZZI,91,2177.0,3,ACCONCIATORE,0.0,41.0,True,False,False,False,False
2149,VLE,ABRUZZI,92,2177.0,3,ACCONCIATORE,0.0,25.0,True,False,False,False,False
2150,VLE,ARETUSA,20,6565.0,7,ACCONCIATORE,0.0,59.0,True,False,False,False,False
2151,VLE,ARGONNE,11,3254.0,3,ACCONCIATORE,0.0,19.0,True,False,False,False,False
2152,VLE,ARGONNE,52,3254.0,4,ACCONCIATORE,0.0,60.0,True,False,False,False,False
2153,VLE,ARGONNE,53,3254.0,3,ACCONCIATORE,2.0,37.0,True,False,False,False,False
2154,VLE,BACCHIGLIONE,2,4171.0,4,ACCONCIATORE,3.0,15.0,True,False,False,False,False
2155,VLE,BEZZI ERGISTO,5,6272.0,7,ACCONCIATORE,0.0,25.0,True,False,False,False,False
2156,VLE,BLIGNY,26,4045.0,5,ACCONCIATORE,0.0,34.0,True,True,True,False,False
2157,VLE,BLIGNY,58,4045.0,5,ACCONCIATORE,0.0,30.0,True,False,False,False,False
2158,VLE,BODIO LUIGI,6,1237.0,9,ACCONCIATORE,0.0,30.0,True,False,False,False,False
2159,VLE,BRENTA,39,4151.0,4,ACCONCIATORE,0.0,55.0,True,False,False,False,False
2160,VLE,BRENTA,8,4151.0,4,ACCONCIATORE,13.0,24.0,True,False,False,False,False
2161,VLE,BRIANZA,23,2263.0,2,ACCONCIATORE,7.0,36.0,True,False,False,False,False
2162,VLE,BRIANZA,24,2263.0,2,ACCONCIATORE,0.0,30.0,True,False,False,False,False
2163,VLE,CA' GRANDA,2,1443.0,9,ACCONCIATORE,0.0,30.0,True,False,False,False,False
2164,VLE,CALDARA EMILIO,33,4036.0,1,ACCONCIATORE,0.0,30.0,True,False,False,False,False
2165,VLE,CAMPANIA,20,3100.0,4,ACCONCIATORE,3.0,25.0,True,False,False,False,False
2167,VLE,CATERINA DA FORLI',1,6611.0,6,ACCONCIATORE,6.0,36.0,True,False,False,False,False
2168,VLE,CATERINA DA FORLI',34,6611.0,7,ACCONCIATORE,0.0,28.0,True,False,False,False,False
2169,VLE,CATERINA DA FORLI',42,6611.0,7,ACCONCIATORE,13.0,51.0,True,False,False,False,False
2171,VLE,CATERINA DA FORLI',58,6611.0,7,ACCONCIATORE,0.0,30.0,True,False,False,False,False
2172,VLE,CERTOSA,115,7174.0,8,ACCONCIATORE,0.0,50.0,True,False,False,False,False
2175,VLE,CERTOSA,41,7174.0,8,ACCONCIATORE,0.0,72.0,True,False,False,False,False
2176,VLE,CIRENE,15,4085.0,4,ACCONCIATORE,0.0,28.0,True,False,False,False,False
2177,VLE,COL DI LANA,1,5198.0,5,ACCONCIATORE,0.0,54.0,True,False,False,False,False
2178,VLE,CONI ZUGNA,37,5110.0,1,ACCONCIATORE,0.0,40.0,True,False,False,False,False
2179,VLE,CONI ZUGNA,58,5110.0,6,ACCONCIATORE,4.0,70.0,True,False,False,False,False
2180,VLE,CORSICA,35,3262.0,4,ACCONCIATORE,10.0,43.0,True,False,False,False,False
2181,VLE,CORSICA,42,3262.0,4,ACCONCIATORE,2.0,58.0,True,False,False,False,False
2182,VLE,CORSICA,58,3262.0,4,ACCONCIATORE,0.0,46.0,True,False,False,False,False
2183,VLE,CORSICA,64,3262.0,4,ACCONCIATORE,0.0,20.0,True,False,False,False,False
2184,VLE,CRISPI FRANCESCO,NOT-AVAILABLE,1063.0,1,ACCONCIATORE,0.0,30.0,True,False,False,False,False
2185,VLE,DEI MILLE,70,3115.0,3,ACCONCIATORE,4.0,43.0,True,False,False,False,False
2186,VLE,DELLE RIMEMBRANZE DI GRECO,NOT-AVAILABLE,1412.0,2,ACCONCIATORE,0.0,25.0,True,False,False,False,False
2187,VLE,DORIA ANDREA,10,2230.0,3,ACCONCIATORE,4.0,60.0,True,False,False,False,False
2188,VLE,DORIA ANDREA,14,2230.0,3,ACCONCIATORE,0.0,31.0,True,False,False,False,False
2189,VLE,DORIA ANDREA,16,2230.0,3,ACCONCIATORE,0.0,23.0,True,False,False,False,False
2190,VLE,ESPINASSE CARLO,30,7390.0,8,ACCONCIATORE,0.0,30.0,True,False,False,False,False
2191,VLE,FAENZA,25,5350.0,6,ACCONCIATORE,8.0,36.0,True,False,False,False,False
2193,VLE,GIOVANNI DA CERMENATE,37,5261.0,5,ACCONCIATORE,0.0,30.0,True,False,False,False,False
2194,VLE,GIOVANNI DA CERMENATE,45,5261.0,5,ACCONCIATORE,0.0,35.0,True,False,False,False,False
2195,VLE,GRAN SASSO,23,2243.0,3,ACCONCIATORE,0.0,30.0,True,False,False,False,False
2196,VLE,GRAN SASSO,38,2243.0,3,ACCONCIATORE,0.0,61.0,True,False,False,False,False
2198,VLE,JENNER EDOARDO,14,1230.0,9,ACCONCIATORE,2.0,30.0,True,False,False,False,False
2199,VLE,JENNER EDOARDO,46,1230.0,9,ACCONCIATORE,0.0,21.0,True,False,False,False,False
2200,VLE,JENNER EDOARDO,49,1230.0,9,ACCONCIATORE,0.0,38.0,True,False,False,False,False
2201,VLE,LANCETTI VINCENZO,39,1221.0,9,ACCONCIATORE,2.0,36.0,True,False,False,False,False
2202,VLE,LAZIO,6,4089.0,4,ACCONCIATORE,0.0,35.0,True,False,False,False,False
2203,VLE,LIGURIA,48,5264.0,6,ACCONCIATORE,0.0,34.0,True,False,False,False,False
2204,VLE,LOMBARDIA,32,2400.0,3,ACCONCIATORE,0.0,30.0,True,False,False,False,False
2205,VLE,LUCANIA,30,4173.0,4,ACCONCIATORE,0.0,26.0,True,False,False,False,False
2206,VLE,LUCANIA,8,4173.0,4,ACCONCIATORE,0.0,31.0,True,False,False,False,False
2207,VLE,LUCANIA,9,4173.0,4,ACCONCIATORE,0.0,31.0,True,False,False,False,False
2208,VLE,MOLISE,59,3178.0,4,ACCONCIATORE,0.0,30.0,True,False,False,False,False
2209,VLE,MONTE CENERI,14,7176.0,8,ACCONCIATORE,0.0,35.0,True,False,False,False,False
2210,VLE,MONTE NERO,33,3062.0,1,ACCONCIATORE,0.0,26.0,True,False,False,False,False
2211,VLE,MONTE NERO,63,3062.0,1,ACCONCIATORE,0.0,30.0,True,False,False,False,False
2212,VLE,MONTE NERO,71,3062.0,1,ACCONCIATORE,0.0,30.0,True,False,False,False,False
2215,VLE,MONZA,309,2274.0,2,ACCONCIATORE,0.0,30.0,True,False,False,False,False
2217,VLE,MONZA,55,2274.0,2,ACCONCIATORE,0.0,71.0,True,False,False,False,False
2219,VLE,MONZA,83,2274.0,2,ACCONCIATORE,0.0,14.0,True,False,False,False,False
2220,VLE,MONZA,9,2274.0,2,ACCONCIATORE,4.0,36.0,True,False,False,False,False
2221,VIA,OXILIA NINO,11,2287.0,2,ACCONCIATORE,0.0,25.0,True,False,False,False,False
2224,VLE,MURILLO S.B.,1,6551.0,7,ACCONCIATORE,0.0,39.0,True,False,False,False,False
2225,VLE,ORIONE DON LUIGI,14,2378.0,2,ACCONCIATORE,0.0,28.0,True,False,False,False,False
2226,VLE,ORIONE DON LUIGI,21,2378.0,2,ACCONCIATORE,3.0,45.0,True,False,False,False,False
2227,VLE,PAPINIANO,57,5097.0,1,ACCONCIATORE,0.0,30.0,True,False,False,False,False
2228,VLE,PISA,47,6615.0,7,ACCONCIATORE,3.0,41.0,True,False,False,False,False
2229,VLE,RANZONI DANIELE,27,6297.0,7,ACCONCIATORE,9.0,36.0,True,False,False,False,False
2231,VLE,RANZONI DANIELE,6,6297.0,7,ACCONCIATORE,0.0,30.0,True,False,False,False,False
2232,VLE,RANZONI DANIELE,7,6297.0,7,ACCONCIATORE,26.0,42.0,True,False,False,False,False
2233,VLE,REGINA GIOVANNA,NOT-AVAILABLE,2157.0,3,ACCONCIATORE,28.0,32.0,True,False,False,False,False
2234,VLE,RODI,91,1623.0,9,ACCONCIATORE,6.0,49.0,True,False,False,False,False
2235,VLE,ROMAGNA,50,3102.0,3,ACCONCIATORE,0.0,26.0,True,False,False,False,False
2236,VLE,SABOTINO,9,4046.0,5,ACCONCIATORE,0.0,39.0,True,False,False,False,False
2238,VLE,SAN GIMIGNANO,13,6613.0,6,ACCONCIATORE,0.0,36.0,True,False,False,False,False
2241,VLE,SAN MICHELE DEL CARSO,6,6212.0,7,ACCONCIATORE,0.0,74.0,True,False,False,False,False
2242,VLE,SARCA,63,1427.0,9,ACCONCIATORE,0.0,26.0,True,False,False,False,False
2243,VLE,SARCA,91,1427.0,9,ACCONCIATORE,5.0,29.0,True,False,False,False,False
2244,VLE,SAURO NAZARIO,5,1175.0,2,ACCONCIATORE,0.0,30.0,True,False,False,False,False
2245,VLE,STEFINI EVARISTO,3,1405.0,2,ACCONCIATORE,11.0,60.0,True,False,False,False,False
2246,VLE,STELVIO,16,1227.0,9,ACCONCIATORE,14.0,20.0,True,False,False,False,False
2247,VLE,STELVIO,41,1227.0,9,ACCONCIATORE,0.0,35.0,True,False,False,False,False
2248,VLE,STELVIO,44,1227.0,9,ACCONCIATORE,0.0,16.0,True,False,False,False,False
2249,VLE,STELVIO,53,1227.0,9,ACCONCIATORE,0.0,27.0,True,False,False,False,False
2250,VLE,SUZZANI GIOVANNI,12,1446.0,9,ACCONCIATORE,4.0,46.0,True,False,False,False,False
2251,VLE,SUZZANI GIOVANNI,155,1446.0,9,ACCONCIATORE,6.0,30.0,True,False,False,False,False
2252,VLE,SUZZANI GIOVANNI,283,1446.0,9,ACCONCIATORE,4.0,45.0,True,False,False,False,False
2253,VLE,TESTI FULVIO,218,1441.0,9,ACCONCIATORE,4.0,15.0,True,False,False,False,False
2255,VLE,TESTI FULVIO,87,1441.0,9,ACCONCIATORE,1.0,33.0,True,False,False,False,False
2256,VLE,TIBALDI,17,5234.0,5,ACCONCIATORE,2.0,26.0,True,False,False,False,False
2257,VLE,TIBALDI,48,5234.0,5,ACCONCIATORE,0.0,53.0,True,False,False,False,False
2258,VLE,TROYA CARLO,2,5140.0,6,ACCONCIATORE,9.0,18.0,True,False,False,False,False
2259,VLE,TUNISIA,38,2121.0,2,ACCONCIATORE,13.0,27.0,True,False,False,False,False
2260,VLE,TUNISIA,41,2121.0,2,ACCONCIATORE,0.0,30.0,True,False,False,False,False
2261,VLE,UMBRIA,66,3145.0,4,ACCONCIATORE,1.0,28.0,True,False,False,False,False
2262,VLE,UMBRIA,82,3145.0,4,ACCONCIATORE,0.0,30.0,True,False,False,False,False
2263,VLE,UMBRIA,94,3145.0,4,ACCONCIATORE,0.0,30.0,True,False,False,False,False
2265,VLE,ZARA,21,1170.0,9,ACCONCIATORE,0.0,35.0,True,False,False,False,False
2267,VLO,GIARDINO,3,148.0,1,ACCONCIATORE,0.0,49.0,True,False,False,False,False
2270,VIA,ALDINI ANTONIO,61,7461.0,8,ACCONCIATORE,0.0,30.0,True,False,False,False,False
2271,VIA,PAVIA,3,5262.0,5,ACCONCIATORE,0.0,54.0,True,True,True,False,False
2328,CSO,MAGENTA,79,604.0,1,ACCONCIATORE,0.0,130.0,True,True,False,False,False
2329,CSO,MONFORTE,21,348.0,1,ACCONCIATORE,0.0,50.0,True,True,False,False,False
2330,CSO,MONFORTE,30,348.0,1,ACCONCIATORE,0.0,34.0,True,True,False,False,False
2331,LGO,ZANDONAI RICCARDO,3,6485.0,8,ACCONCIATORE,74.0,78.0,True,True,False,False,False
2332,PLE,SIENA,4,6616.0,7,ACCONCIATORE,5.0,68.0,True,True,False,False,False
2333,VIA,BAGAROTTI MAFFEO,38,6585.0,7,ACCONCIATORE,0.0,50.0,True,True,False,False,False
2334,VIA,BRONZINO,1,2191.0,3,ACCONCIATORE,0.0,54.0,True,True,False,False,False
2335,VIA,BUGATTI ETTORE,1,4353.0,5,ACCONCIATORE,0.0,50.0,True,True,False,False,False
2337,VIA,COMPAGNONI GIUSEPPE,33,3096.0,4,ACCONCIATORE,0.0,50.0,True,True,False,False,False
2338,VIA,MARCO D'AGRATE,6,4276.0,5,ACCONCIATORE,0.0,50.0,True,True,False,False,False
2339,VIA,MILAZZO,6,1034.0,1,ACCONCIATORE,4.0,53.0,True,True,False,False,False
2340,VIA,ARCHIMEDE,83,3086.0,4,ACCONCIATORE,0.0,50.0,True,True,False,False,False
2343,VIA,OZANAM FEDERICO,9,2143.0,3,ACCONCIATORE,17.0,67.0,True,True,False,False,False
2344,VIA,PLINIO CAIO SECONDO,13,2144.0,3,ACCONCIATORE,0.0,20.0,True,True,False,False,False
2345,VIA,PRIMATICCIO FRANCESCO,196,6646.0,7,ACCONCIATORE,0.0,28.0,True,True,False,False,False
2346,VIA,SANT' ANDREA,8,222.0,1,ACCONCIATORE,0.0,116.0,True,True,False,False,False
2347,VIA,SENATO,13,236.0,1,ACCONCIATORE,0.0,50.0,True,True,False,False,False
2348,VIA,TEODOSIO,6,2550.0,3,ACCONCIATORE,0.0,23.0,True,True,False,False,False
2349,VIA,TOLSTOI LEONE,37,5133.0,6,ACCONCIATORE,0.0,38.0,True,True,False,False,False
2350,CSO,DI PORTA ROMANA,123,402.0,1,ACCONCIATORE,18.0,40.0,True,True,True,False,False
2351,CSO,GENOVA,4,5164.0,1,ACCONCIATORE,0.0,54.0,True,True,True,False,False
2352,CSO,SAN GOTTARDO,20,5203.0,5,ACCONCIATORE,0.0,54.0,True,True,True,False,False
2353,PZA,GRANDI GIUSEPPE,22,3112.0,4,ACCONCIATORE,0.0,27.0,True,True,True,False,False
2354,VIA,ACERBI ENRICO,34,1651.0,9,ACCONCIATORE,0.0,54.0,True,True,True,False,False
2355,VIA,ASELLI GASPARE,29,3167.0,3,ACCONCIATORE,0.0,60.0,True,True,True,False,False
2356,VIA,PICHI MARIO,3,5236.0,6,ACCONCIATORE,0.0,54.0,True,True,True,False,False
2357,VIA,BOCCACCIO GIOVANNI,15,6158.0,1,ACCONCIATORE,0.0,54.0,True,True,True,False,False
2358,VIA,BONI GIACOMO,25,6098.0,7,ACCONCIATORE,0.0,54.0,True,True,True,False,False
2359,VIA,CASORETTO,60,2420.0,3,ACCONCIATORE,0.0,54.0,True,True,True,False,False
2360,VIA,CASTEL MORRONE,9,3185.0,3,ACCONCIATORE,0.0,54.0,True,True,True,False,False
2361,VIA,COPERNICO NICOLO',NOT-AVAILABLE,1204.0,2,ACCONCIATORE,0.0,95.0,True,True,True,False,False
2362,VIA,CUSAGO,5,6785.0,7,ACCONCIATORE,0.0,34.0,True,True,True,False,False
2363,VIA,DELLE ANDE,NOT-AVAILABLE,7496.0,8,ACCONCIATORE,57.0,77.0,True,True,True,False,False
2364,VIA,DOGANA,3,341.0,1,ACCONCIATORE,0.0,114.0,True,True,True,False,False
2365,VIA,LAMPUGNANO,175,6737.0,8,ACCONCIATORE,0.0,58.0,True,True,True,False,False
2366,VIA,LATTANZIO,72,4091.0,4,ACCONCIATORE,0.0,39.0,True,True,True,False,False
2367,VIA,PAOLO DA CANNOBIO,37,338.0,1,ACCONCIATORE,15.0,35.0,True,True,True,False,False
2369,VIA,PONTE NUOVO,5,2494.0,2,ACCONCIATORE,0.0,54.0,True,True,True,False,False
2370,VIA,TAJANI FILIPPO,11,3235.0,3,ACCONCIATORE,0.0,54.0,True,True,True,False,False
2371,VIA,UBERTI GIULIO,18,3121.0,3,ACCONCIATORE,0.0,54.0,True,True,True,False,False
2284,CSO,VITTORIO EMANUELE II,15,214.0,1,ACCONCIATORE,0.0,50.0,True,True,False,False,False
2285,PZA,DEI MERCANTI,NOT-AVAILABLE,546.0,1,ACCONCIATORE,0.0,67.0,True,True,False,False,False
2286,VIA,BOCCACCIO GIOVANNI,11,6158.0,1,ACCONCIATORE,0.0,50.0,True,True,False,False,False
2287,VIA,DEI CONTARINI,7,3172.0,3,ACCONCIATORE,0.0,37.0,True,True,False,False,False
2288,VIA,LARGA,16,318.0,1,ACCONCIATORE,0.0,50.0,True,True,False,False,False
2289,VIA,MECENATE,34,3323.0,4,ACCONCIATORE,0.0,20.0,True,True,False,False,False
2290,VIA,MERLO CARLO GIUSEPPE,1,329.0,1,ACCONCIATORE,0.0,32.0,True,True,False,False,False
2291,VIA,PRINA GIUSEPPE,4,7135.0,8,ACCONCIATORE,0.0,58.0,True,True,False,False,False
2293,VIA,SPADARI,3,518.0,1,ACCONCIATORE,0.0,89.0,True,True,False,False,False
2294,VLE,CORSICA,59,3262.0,4,ACCONCIATORE,0.0,28.0,True,True,False,False,False
2295,PZA,SEI FEBBRAIO,16,6358.0,8,ACCONCIATORE,2.0,40.0,True,True,True,False,False
2296,VIA,ALBERTI LEON BATTISTA,8,7167.0,8,ACCONCIATORE,0.0,58.0,True,True,True,False,False
2297,VIA,DEGLI OMENONI,2,233.0,1,ACCONCIATORE,0.0,247.0,True,True,True,False,False
2298,VIA,MANIN DANIELE,3,1052.0,1,ACCONCIATORE,0.0,54.0,True,True,True,False,False
2299,VIA,RICOTTI ERCOLE,22,1248.0,9,ACCONCIATORE,0.0,54.0,True,True,True,False,False
2300,VIA,SENATO,15,236.0,1,ACCONCIATORE,0.0,54.0,True,True,True,False,False
2301,VLE,BRIANZA,15,2263.0,3,ACCONCIATORE,0.0,35.0,True,True,True,False,False
2302,VLE,FAMAGOSTA,36,5353.0,6,ACCONCIATORE,0.0,54.0,True,True,True,False,False
2303,VLE,ROMAGNA,2,3102.0,3,ACCONCIATORE,0.0,38.0,True,True,True,False,False
2304,GLL,SAN BABILA,NOT-AVAILABLE,360.0,1,ACCONCIATORE,0.0,45.0,True,True,False,True,False
2305,VIA,F.LLI CAMPI,2,3060.0,1,ACCONCIATORE,0.0,45.0,True,True,False,True,False
2306,VIA,POLIBIO,1,6195.0,7,ACCONCIATORE,0.0,45.0,True,True,False,True,False
2307,VIA,ROMILLI ARCIVESCOVO,26,4154.0,5,ACCONCIATORE,0.0,43.0,True,True,False,True,False
2308,VIA,TADINO ALESSANDRO,2,2109.0,3,ACCONCIATORE,0.0,58.0,True,True,False,True,False
2309,VIA,TIZIANO VECELLIO,15,6380.0,8,ACCONCIATORE,0.0,45.0,True,True,False,True,False
2310,VIA,ANACREONTE,1,2372.0,2,ACCONCIATORE,0.0,50.0,True,True,True,True,False
2311,VIA,BONNET NINO,3,1109.0,9,ACCONCIATORE,4.0,35.0,True,True,True,True,False
2312,VIA,FARINI CARLO,93,1114.0,9,ACCONCIATORE,0.0,40.0,True,True,True,True,False
2313,VIA,MONTI VINCENZO,47,6155.0,1,ACCONCIATORE,0.0,64.0,True,True,True,True,False
2314,VIA,ROTONDI GIOVANNI,8,6404.0,8,ACCONCIATORE,0.0,100.0,True,True,True,True,False
2315,VIA,VALLE ANTRONA,1,6807.0,7,ACCONCIATORE,0.0,40.0,True,True,True,True,False
2316,VIA,VITTANI GIOVANNI,1,7350.0,8,ACCONCIATORE,0.0,36.0,True,True,True,True,False
2317,VLE,CERTOSA,27,7174.0,8,ACCONCIATORE,21.0,40.0,True,True,True,True,False
2318,VLE,CONI ZUGNA,52,5110.0,6,ACCONCIATORE,0.0,123.0,True,True,True,True,False
2319,VIA,PISANI VITTOR,31,1201.0,2,ACCONCIATORE,0.0,40.0,True,True,True,True,False
2320,VLE,LEGIONI ROMANE,65,6649.0,6,ACCONCIATORE,0.0,40.0,True,True,True,True,False
2321,PZA,ADIGRAT,3,3286.0,4,ACCONCIATORE,8.0,45.0,True,True,False,True,False
2322,VIA,ANFOSSI AUGUSTO,19,3071.0,4,ACCONCIATORE,0.0,113.0,True,True,False,True,False
2324,CSO,MATTEOTTI GIACOMO,1,218.0,1,ACCONCIATORE,0.0,40.0,True,True,True,True,False
2325,VIA,BASSI UGO,18,1143.0,9,ACCONCIATORE,0.0,40.0,True,True,True,True,False
2327,VLE,SAN MICHELE DEL CARSO,16,6212.0,7,ACCONCIATORE,0.0,113.0,True,True,True,True,False
2273,VIA,AGUDIO TOMMASO,4,7197.0,8,ACCONCIATORE,0.0,40.0,True,True,True,True,False
2274,VIA,CANONICA LUIGI,39,7121.0,1,ACCONCIATORE,0.0,122.0,True,True,True,True,False
2275,VIA,CARCANO FILIPPO,10,6389.0,7,ACCONCIATORE,0.0,80.0,True,True,True,True,False
2276,VIA,CONTE ROSSO,10,2667.0,3,ACCONCIATORE,1.0,40.0,True,True,True,True,False
2277,VIA,FOPPA VINCENZO,52,6109.0,6,ACCONCIATORE,0.0,40.0,True,True,True,True,False
2278,VIA,NATTA GIULIO,20,6860.0,8,ACCONCIATORE,0.0,50.0,True,True,True,True,False
2279,VIA,PELIZZA DA VOLPEDO,12,6391.0,7,ACCONCIATORE,0.0,38.0,True,True,True,True,False
2280,VIA,PURICELLI GIAN PIETRO,4,6636.0,7,ACCONCIATORE,4.0,40.0,True,True,True,True,False
2281,VIA,REMBRANDT,47,6618.0,7,ACCONCIATORE,0.0,40.0,True,True,True,True,False
2282,VIA,SAFFI AURELIO,11,6159.0,1,ACCONCIATORE,33.0,74.0,True,True,True,True,False
2283,VIA,TORINO,23,543.0,1,ACCONCIATORE,0.0,55.0,True,True,True,True,False
2373,VIA,CANTONI GIOVANNI,11,6206.0,7,ACCONCIATORE,0.0,95.0,True,False,False,True,False
2374,VIA,FOPPA VINCENZO,9,6109.0,6,ACCONCIATORE,0.0,66.0,True,False,False,True,False
2375,VIA,MARCELLO BENEDETTO,20,2128.0,3,ACCONCIATORE,0.0,124.0,True,False,False,True,False
2376,ALZ,NAVIGLIO PAVESE,106,5161.0,5,ACCONCIATORE,0.0,30.0,True,False,False,False,False
2377,ALZ,NAVIGLIO PAVESE,8,5161.0,6,ACCONCIATORE,5.0,26.0,True,False,False,False,False
2378,CSO,COLOMBO CRISTOFORO,1,5114.0,6,ACCONCIATORE,6.0,20.0,True,True,True,False,False
2379,CSO,DI PORTA ROMANA,109,402.0,1,ACCONCIATORE,1.0,24.0,True,False,False,False,False
2380,CSO,DI PORTA TICINESE,26,541.0,1,ACCONCIATORE,0.0,30.0,True,False,False,False,False
2381,CSO,GENOVA,11,5164.0,1,ACCONCIATORE,3.0,17.0,True,False,False,False,False
2382,CSO,LODI,113,4068.0,4,ACCONCIATORE,6.0,14.0,True,False,False,False,False
2383,CSO,LODI,2,4068.0,5,ACCONCIATORE,0.0,30.0,True,False,False,False,False
2384,CSO,LODI,59,4068.0,4,ACCONCIATORE,14.0,18.0,True,False,False,False,False
2385,CSO,LODI,90,4068.0,4,ACCONCIATORE,0.0,30.0,True,False,False,False,False
2386,CSO,VENTIDUE MARZO,30,3074.0,4,ACCONCIATORE,2.0,20.0,True,False,False,False,False
2387,LGO,SCALABRINI GIOVANNI BATTISTA,6,5392.0,6,ACCONCIATORE,2.0,18.0,True,False,False,False,False
2388,LGO,SCHUSTER ILDEFONSO,1,311.0,1,ACCONCIATORE,0.0,30.0,True,False,False,False,False
2389,LGO,SETTIMIO SEVERO,6,6210.0,7,ACCONCIATORE,2.0,13.0,True,False,False,False,False
2390,LGO,TEL AVIV,5,2639.0,2,ACCONCIATORE,0.0,24.0,True,False,False,False,False
2391,LGO,VULCI,7,1339.0,9,ACCONCIATORE,3.0,28.0,True,False,False,False,False
2392,PLE,CORVETTO LUIGI EMANUELE,3,4174.0,4,ACCONCIATORE,0.0,25.0,True,False,False,False,False
2393,PLE,DATEO,5,3119.0,3,ACCONCIATORE,0.0,34.0,True,False,False,False,False
2394,PLE,FERRARA,4,4158.0,4,ACCONCIATORE,8.0,23.0,True,False,False,False,False
2395,PLE,LUGANO,22,1238.0,9,ACCONCIATORE,0.0,30.0,True,False,False,False,False
2396,PLE,MACIACHINI CARLO,18,1361.0,9,ACCONCIATORE,0.0,18.0,True,False,False,False,False
2397,PLE,SUSA,15,3101.0,3,ACCONCIATORE,0.0,30.0,True,False,False,False,False
2398,PZA,AMATI CARLO,1,6629.0,7,ACCONCIATORE,4.0,13.0,True,False,False,False,False
2399,PZA,BONOMELLI GEREMIA,4,4150.0,5,ACCONCIATORE,0.0,16.0,True,False,False,False,False
2401,PZA,CARRARA FRANCESCO,21,5258.0,5,ACCONCIATORE,0.0,30.0,True,False,False,False,False
2402,PZA,CASTELLI POMPEO,14,7277.0,8,ACCONCIATORE,0.0,30.0,True,False,False,False,False
2403,PZA,DE ANGELI ERNESTO,3,6276.0,7,ACCONCIATORE,6.0,27.0,True,False,False,False,False
2404,PZA,GRAMSCI ANTONIO,12,7205.0,8,ACCONCIATORE,0.0,23.0,True,False,False,False,False
2405,PZA,GRANDI GIUSEPPE,5,3112.0,4,ACCONCIATORE,15.0,55.0,True,False,False,False,False
2406,PZA,GRECO,10,1417.0,2,ACCONCIATORE,0.0,20.0,True,False,False,False,False
2407,PZA,LEGA LOMBARDA,5,7084.0,1,ACCONCIATORE,0.0,30.0,True,False,False,False,False
2408,PZA,LUIGI DI SAVOIA,2,2260.0,2,ACCONCIATORE,0.0,30.0,True,False,False,False,False
2409,PZA,MIANI GUGLIELMO,2,5308.0,6,ACCONCIATORE,0.0,30.0,True,False,False,False,False
2410,PZA,MINNITI TITO,6,1133.0,9,ACCONCIATORE,0.0,22.0,True,False,False,False,False
2411,PZA,MONTE FALTERONA,2,6558.0,7,ACCONCIATORE,11.0,22.0,True,False,False,False,False
2412,PZA,MORBEGNO,5,2289.0,2,ACCONCIATORE,0.0,22.0,True,False,False,False,False
2414,PZA,PIO XI,1,572.0,1,ACCONCIATORE,12.0,36.0,True,False,False,False,False
2415,PZA,SANTA MARIA DEL SUFFRAGIO,4,3078.0,4,ACCONCIATORE,0.0,18.0,True,False,False,False,False
2416,PZA,SEI FEBBRAIO,26,6358.0,8,ACCONCIATORE,0.0,20.0,True,False,False,False,False
2417,PZA,SICILIA,7,6266.0,7,ACCONCIATORE,20.0,17.0,True,False,False,False,False
2418,RIP,DI PTA TICINESE,27,5150.0,6,ACCONCIATORE,0.0,16.0,True,False,False,False,False
2419,VIA,ABAMONTI GIUSEPPE,1,3135.0,3,ACCONCIATORE,6.0,16.0,True,False,False,False,False
2420,VIA,ADIGE,10,4216.0,5,ACCONCIATORE,0.0,30.0,True,False,False,False,False
2421,VIA,ALBRICCI ALBERICO,1,337.0,1,ACCONCIATORE,2.0,12.0,True,False,False,False,False
2422,VIA,ALCUINO,16,7165.0,8,ACCONCIATORE,0.0,28.0,True,False,False,False,False
2423,VIA,ALGAROTTI FRANCESCO,4,1161.0,9,ACCONCIATORE,0.0,77.0,True,False,False,False,False
2424,VIA,AMADEO GIAN ANTONIO,35,3228.0,3,ACCONCIATORE,2.0,18.0,True,False,False,False,False
2425,VIA,AMADEO GIAN ANTONIO,54,3228.0,3,ACCONCIATORE,9.0,16.0,True,False,False,False,False
2426,VIA,ANDO' FLAVIO,NOT-AVAILABLE,7283.0,8,ACCONCIATORE,10.0,18.0,True,False,False,False,False
2427,VIA,ANGERA,10,1395.0,2,ACCONCIATORE,3.0,28.0,True,False,False,False,False
2428,VIA,ANGUISSOLA SOFONISBA,23,6609.0,7,ACCONCIATORE,0.0,30.0,True,False,False,False,False
2429,VIA,ANTONINI GIACOMO,62,4250.0,5,ACCONCIATORE,8.0,22.0,True,False,False,False,False
2430,VIA,ANZANI FRANCESCO,1,3076.0,4,ACCONCIATORE,0.0,14.0,True,False,False,False,False
2431,VIA,ARCHIMEDE,43,3086.0,4,ACCONCIATORE,0.0,15.0,True,False,False,False,False
2432,VIA,ARENA,35,5182.0,1,ACCONCIATORE,11.0,17.0,True,False,False,False,False
2433,VIA,ARIBERTO DA INTIMIANO,19,5092.0,1,ACCONCIATORE,5.0,14.0,True,False,False,False,False
2434,VIA,ARICI CESARE,1,2464.0,2,ACCONCIATORE,5.0,18.0,True,False,False,False,False
2435,VIA,ASELLI GASPARE,24,3167.0,3,ACCONCIATORE,0.0,30.0,True,False,False,False,False
2436,VIA,ASELLI GASPARE,7,3167.0,3,ACCONCIATORE,4.0,21.0,True,False,False,False,False
2437,VIA,BALDINUCCI FILIPPO,6,1267.0,9,ACCONCIATORE,0.0,30.0,True,False,False,False,False
2438,VIA,BALDINUCCI FILIPPO,99,1267.0,9,ACCONCIATORE,0.0,30.0,True,False,False,False,False
2439,VIA,BALESTRIERI DOMENICO,8,7116.0,1,ACCONCIATORE,0.0,10.0,True,False,False,False,False
2440,VIA,BARI,2,5218.0,6,ACCONCIATORE,0.0,20.0,True,False,False,False,False
2441,VIA,BARONI COSTANTINO,16,5422.0,5,ACCONCIATORE,3.0,28.0,True,False,False,False,False
2444,VIA,BASSI UGO,30,1143.0,9,ACCONCIATORE,0.0,20.0,True,False,False,False,False
2442,VIA,BASSINI EDOARDO,41,2587.0,3,ACCONCIATORE,0.0,19.0,True,False,False,False,False
2443,VIA,BASSINI EDOARDO,45,2587.0,3,ACCONCIATORE,0.0,17.0,True,False,False,False,False
2445,VIA,BATTISTI CESARE,8,3019.0,1,ACCONCIATORE,0.0,25.0,True,False,False,False,False
2446,VIA,BATTISTOTTI SASSI LUISA,2,3273.0,4,ACCONCIATORE,0.0,17.0,True,False,False,False,False
2447,VIA,BELLARMINO ROBERTO,17,5337.0,5,ACCONCIATORE,0.0,30.0,True,False,False,False,False
2448,VIA,BELLOTTI FELICE,5,3070.0,3,ACCONCIATORE,0.0,18.0,True,False,False,False,False
2449,VIA,BENGASI,2,2375.0,1,ACCONCIATORE,12.0,20.0,True,False,False,False,False
2450,VIA,BERGAMO,22,3189.0,4,ACCONCIATORE,0.0,16.0,True,True,False,False,False
2451,VIA,BESSARIONE,12,4152.0,4,ACCONCIATORE,9.0,17.0,True,False,False,False,False
2452,VIA,BIELLA,24,5305.0,6,ACCONCIATORE,2.0,15.0,True,False,False,False,False
2453,VIA,BINDA AMBROGIO,9,5298.0,6,ACCONCIATORE,5.0,15.0,True,False,False,False,False
2454,VIA,BIONDELLI BERNARDINO,1,4236.0,5,ACCONCIATORE,2.0,70.0,True,False,False,False,False
2455,VIA,BIUMI PAOLO GEROLAMO,16,2465.0,2,ACCONCIATORE,0.0,30.0,True,False,False,False,False
2456,VIA,BOCCACCIO GIOVANNI,9,6158.0,1,ACCONCIATORE,5.0,15.0,True,False,False,False,False
2457,VIA,BONFADINI ROMUALDO,NOT-AVAILABLE,3341.0,4,ACCONCIATORE,17.0,20.0,True,False,False,False,False
2458,VIA,BONI GIACOMO,10,6098.0,7,ACCONCIATORE,0.0,19.0,True,False,False,False,False
2459,VIA,BONI GIACOMO,33,6098.0,7,ACCONCIATORE,2.0,18.0,True,False,False,False,False
2460,VIA,BONNET NINO,5,1109.0,9,ACCONCIATORE,0.0,18.0,True,False,False,False,False
2461,VIA,BORSIERI PIETRO,NOT-AVAILABLE,1128.0,9,ACCONCIATORE,0.0,5.0,True,False,False,False,False
2462,VIA,BOSCOVICH RUGGERO,31,2131.0,2,ACCONCIATORE,0.0,23.0,True,False,False,False,False
2463,VIA,BOTTA CARLO,4,4069.0,4,ACCONCIATORE,0.0,22.0,True,False,False,False,False
2464,VIA,BREDA ERNESTO,44,2342.0,2,ACCONCIATORE,0.0,30.0,True,False,False,False,False
2465,VIA,BRIOSCHI FRANCESCO,93,5243.0,5,ACCONCIATORE,0.0,18.0,True,False,False,False,False
2466,VIA,BRIOSI GIOVANNI,8,3209.0,3,ACCONCIATORE,0.0,16.0,True,False,False,False,False
2467,VIA,BUSSETO,2,4372.0,4,ACCONCIATORE,0.0,16.0,True,False,False,False,False
2468,VIA,CACCIALEPORI,36,6557.0,7,ACCONCIATORE,0.0,18.0,True,False,False,False,False
2469,VIA,CACCIATORI BENEDETTO,1,6305.0,7,ACCONCIATORE,0.0,30.0,True,False,False,False,False
2470,VIA,CADIBONA,10,3339.0,4,ACCONCIATORE,0.0,20.0,True,False,False,False,False
2471,VIA,CADORE,30,3077.0,4,ACCONCIATORE,0.0,12.0,True,False,False,False,False
2472,VIA,CALIFORNIA,14,6101.0,7,ACCONCIATORE,3.0,14.0,True,False,False,False,False
2474,VIA,CALVAIRATE,1,3225.0,4,ACCONCIATORE,0.0,16.0,True,False,False,False,False
2475,VIA,CAMOZZI GABRIELE,1,6769.0,7,ACCONCIATORE,0.0,18.0,True,False,False,False,False
2476,VIA,CANDIANI GIUSEPPE,117,1242.0,9,ACCONCIATORE,0.0,30.0,True,False,False,False,False
2477,VIA,CANONICA LUIGI,13,7121.0,1,ACCONCIATORE,8.0,26.0,True,False,False,False,False
2478,VIA,CAPECELATRO ALFONSO,29,6575.0,7,ACCONCIATORE,0.0,24.0,True,False,False,False,False
2479,VIA,CASATI FELICE,12,2122.0,3,ACCONCIATORE,0.0,17.0,True,True,False,False,False
2480,VIA,CASELLA GIOVANNI BATTISTA,10,7382.0,8,ACCONCIATORE,18.0,18.0,True,False,False,False,False
2482,VIA,CASORETTO,5,2420.0,3,ACCONCIATORE,6.0,22.0,True,False,False,False,False
2483,VIA,CASTALDI PANFILO,29,2119.0,3,ACCONCIATORE,0.0,16.0,True,False,False,False,False
2484,VIA,CASTALDI PANFILO,32,2119.0,3,ACCONCIATORE,0.0,16.0,True,False,False,False,False
2485,VIA,CAVALERI LUDOVICO,1,6845.0,6,ACCONCIATORE,11.0,17.0,True,False,False,False,False
2486,VIA,CELESTINO IV,9,540.0,1,ACCONCIATORE,4.0,13.0,True,False,False,False,False
2487,VIA,CENISIO,40,7184.0,8,ACCONCIATORE,6.0,16.0,True,False,False,False,False
2488,VIA,CENISIO,8,7184.0,8,ACCONCIATORE,6.0,26.0,True,True,False,False,False
2489,VIA,CIAIA IGNAZIO,2,1294.0,9,ACCONCIATORE,0.0,30.0,True,False,False,False,False
2491,VIA,CILEA FRANCESCO,NOT-AVAILABLE,7526.0,8,ACCONCIATORE,0.0,30.0,True,False,False,False,False
2492,VIA,CIMAROSA DOMENICO,5,6291.0,7,ACCONCIATORE,5.0,13.0,True,False,False,False,False
2493,VIA,CINO DA PISTOIA,18,1445.0,9,ACCONCIATORE,1.0,34.0,True,False,False,False,False
2494,VIA,CIVITALI MATTEO,40,6569.0,7,ACCONCIATORE,0.0,20.0,True,False,False,False,False
2495,VIA,CODARA GIUSEPPE,1,5174.0,6,ACCONCIATORE,0.0,30.0,True,False,False,False,False
2496,VIA,COLA DI RIENZO,28,6094.0,6,ACCONCIATORE,6.0,20.0,True,False,False,False,False
2498,VIA,CONCILIO VATICANO II,1,7356.0,8,ACCONCIATORE,10.0,25.0,True,False,False,False,False
2499,VIA,CONSOLE MARCELLO,10,7278.0,8,ACCONCIATORE,0.0,17.0,True,False,False,False,False
2500,VIA,CONTE ROSSO,22,2667.0,3,ACCONCIATORE,9.0,16.0,True,False,False,False,False
2501,VIA,CORREGGIO,69,6287.0,7,ACCONCIATORE,14.0,23.0,True,False,False,False,False
2502,VIA,COSSERIA,1,5197.0,5,ACCONCIATORE,0.0,16.0,True,False,False,False,False
2503,VIA,CREMA,23,4061.0,5,ACCONCIATORE,0.0,24.0,True,False,False,False,False
2504,VIA,CURTATONE,6,4034.0,1,ACCONCIATORE,0.0,15.0,True,False,False,False,False
2505,VIA,D'ADDA CARLO,1,5272.0,6,ACCONCIATORE,2.0,16.0,True,False,False,False,False
2506,VIA,DAL POZZO TOSCANELLI PAOLO,1,2516.0,2,ACCONCIATORE,10.0,18.0,True,False,False,False,False
2526,VIA,DE RUGGIERO GUIDO,4,5442.0,5,ACCONCIATORE,0.0,30.0,True,False,False,False,False
2507,VIA,DEGLI IMBRIANI,27,1266.0,9,ACCONCIATORE,1.0,15.0,True,False,False,False,False
2508,VIA,DEGLI IMBRIANI,40,1266.0,9,ACCONCIATORE,2.0,19.0,True,False,False,False,False
2509,VIA,DEGLI IMBRIANI,NOT-AVAILABLE,1266.0,9,ACCONCIATORE,4.0,24.0,True,False,False,False,False
2510,VIA,DEGLI ZUCCARO,2,5390.0,6,ACCONCIATORE,2.0,18.0,True,False,False,False,False
2511,VIA,DEI CARAFA,14,1504.0,9,ACCONCIATORE,0.0,70.0,True,False,False,False,False
2512,VIA,DEI FIORDALISI,4,6710.0,6,ACCONCIATORE,4.0,32.0,True,False,False,False,False
2513,VIA,DEL BOLLO,3,568.0,1,ACCONCIATORE,4.0,18.0,True,True,True,False,False
2514,VIA,DEL DON,2,596.0,1,ACCONCIATORE,0.0,30.0,True,False,False,False,False
2522,VIA,DEL MAINO GIASONE,31,6262.0,7,ACCONCIATORE,0.0,36.0,True,False,False,False,False
2523,VIA,DEL MELLA,5,6416.0,7,ACCONCIATORE,4.0,17.0,True,False,False,False,False
2524,VIA,DEL TORCHIO,8,556.0,1,ACCONCIATORE,8.0,18.0,True,False,False,False,False
2515,VIA,DELLA MOSCOVA,19,1016.0,1,ACCONCIATORE,0.0,30.0,True,False,False,False,False
2516,VIA,DELLA MOSCOVA,66,1016.0,1,ACCONCIATORE,0.0,30.0,True,False,False,False,False
2517,VIA,DELLE BETULLE,NOT-AVAILABLE,6828.0,7,ACCONCIATORE,0.0,23.0,True,True,True,True,False
2518,VIA,DELLE FORZE ARMATE,165,6643.0,7,ACCONCIATORE,0.0,30.0,True,False,False,False,False
2519,VIA,DELLE FORZE ARMATE,196,6643.0,7,ACCONCIATORE,0.0,12.0,True,False,False,False,False
2520,VIA,DELLE FORZE ARMATE,246,6643.0,7,ACCONCIATORE,14.0,19.0,True,False,False,False,False
2521,VIA,DELLE FORZE ARMATE,328,6643.0,7,ACCONCIATORE,0.0,15.0,True,False,False,False,False
2527,VIA,DOLCI CARLO,16,6555.0,7,ACCONCIATORE,3.0,19.0,True,False,False,False,False
2528,VIA,DONIZETTI GAETANO,2,3030.0,1,ACCONCIATORE,0.0,40.0,True,False,False,False,False
2529,VIA,DUE GIUGNO,NOT-AVAILABLE,6787.0,7,ACCONCIATORE,0.0,13.0,True,False,False,False,False
2530,VIA,EDOLO,27,1217.0,2,ACCONCIATORE,2.0,21.0,True,False,False,False,False
2531,VIA,ELBA,8,6243.0,7,ACCONCIATORE,0.0,15.0,True,False,False,False,False
2532,VIA,EMANUELE FILIBERTO,4,7168.0,8,ACCONCIATORE,0.0,35.0,True,False,False,False,False
2533,VIA,EUSTACHI BARTOLOMEO,32,2165.0,3,ACCONCIATORE,0.0,15.0,True,False,False,False,False
2546,VIA,F.LLI INDUNO,28,7217.0,8,ACCONCIATORE,9.0,20.0,True,False,False,False,False
2534,VIA,FALCONE,7,520.0,1,ACCONCIATORE,0.0,30.0,True,False,False,False,False
2535,VIA,FARA GUSTAVO,9,1183.0,9,ACCONCIATORE,0.0,20.0,True,False,False,False,False
2536,VIA,FARINI CARLO,44,1114.0,9,ACCONCIATORE,0.0,30.0,True,False,False,False,False
2537,VIA,FATEBENEFRATELLI,15,144.0,1,ACCONCIATORE,4.0,17.0,True,False,False,False,False
2538,VIA,FAUCHE' GIOVANNI BATTISTA,9,7192.0,8,ACCONCIATORE,18.0,20.0,True,False,False,False,False
2539,VIA,FERRIERI ENZO,12,6367.0,7,ACCONCIATORE,0.0,30.0,True,False,False,False,False
2540,VIA,FEZZAN,2,6677.0,6,ACCONCIATORE,8.0,21.0,True,False,False,False,False
2541,VIA,FIAMMA GALVANO,6,3079.0,4,ACCONCIATORE,0.0,30.0,True,False,False,False,False
2542,VIA,FILZI FABIO,33,1190.0,2,ACCONCIATORE,0.0,33.0,True,False,False,False,False
2543,VIA,FILZI FABIO,42,1190.0,2,ACCONCIATORE,0.0,15.0,True,False,False,False,False
2544,VIA,FILZI FABIO,9,1190.0,2,ACCONCIATORE,0.0,41.0,True,False,False,False,False
2547,VIA,FORNARI PASQUALE,4,6592.0,7,ACCONCIATORE,0.0,30.0,True,False,False,False,False
2548,VIA,GALLINA GIACINTO,1,3105.0,3,ACCONCIATORE,0.0,26.0,True,False,False,False,False
2549,VIA,GALLURA,15,4256.0,5,ACCONCIATORE,0.0,16.0,True,True,False,False,False
2551,VIA,GHERARDINI GIOVANNI,2,7140.0,1,ACCONCIATORE,2.0,27.0,True,False,False,False,False
2552,VIA,GIOIA MELCHIORRE,43,1108.0,9,ACCONCIATORE,0.0,16.0,True,False,False,False,False
2553,VIA,GIOIA MELCHIORRE,63,1108.0,2,ACCONCIATORE,0.0,16.0,True,False,False,False,False
2554,VIA,GIOVIO PAOLO,8,6194.0,7,ACCONCIATORE,0.0,36.0,True,False,False,False,False
2555,VIA,GIUSTI GIUSEPPE,28,7127.0,1,ACCONCIATORE,5.0,20.0,True,False,False,False,False
2556,VIA,GLUCK CRISTOFORO,5,1215.0,2,ACCONCIATORE,4.0,28.0,True,False,False,False,False
2557,VIA,GOVONE GIUSEPPE,28,7222.0,8,ACCONCIATORE,0.0,18.0,True,False,False,False,False
2558,VIA,GOVONE GIUSEPPE,56,7222.0,8,ACCONCIATORE,1.0,23.0,True,False,False,False,False
2559,VIA,GRAZIANO IMPERATORE,41,1524.0,9,ACCONCIATORE,0.0,20.0,True,False,False,False,False
2560,VIA,GREPPI MARCO,8,3213.0,4,ACCONCIATORE,0.0,30.0,True,False,False,False,False
2561,VIA,GROSSICH ANTONIO,17,2576.0,3,ACCONCIATORE,1.0,25.0,True,False,False,False,False
2562,VIA,GROSSICH ANTONIO,2,2576.0,3,ACCONCIATORE,0.0,16.0,True,False,False,False,False
2563,VIA,HAYEZ FRANCESCO,13,2172.0,3,ACCONCIATORE,0.0,15.0,True,False,False,False,False
2564,VIA,ILLIRICO,6,3245.0,3,ACCONCIATORE,2.0,17.0,True,False,False,False,False
2565,VIA,IMBONATI CARLO,75,1311.0,9,ACCONCIATORE,0.0,19.0,True,False,False,False,False
2566,VIA,INGANNI ANGELO,2,6672.0,6,ACCONCIATORE,0.0,15.0,True,False,False,False,False
2567,VIA,JACOPO DAL VERME,5,1130.0,9,ACCONCIATORE,0.0,22.0,True,False,False,False,False
2568,VIA,JAN GIORGIO,3,2154.0,3,ACCONCIATORE,2.0,17.0,True,False,False,False,False
2569,VIA,LAGRANGE GIUSEPPE,13,5205.0,5,ACCONCIATORE,0.0,13.0,True,False,False,False,False
2570,VIA,LEPONTINA,11,1147.0,9,ACCONCIATORE,10.0,16.0,True,False,False,False,False
2573,VIA,LODOVICO IL MORO,13,5290.0,6,ACCONCIATORE,0.0,30.0,True,False,False,False,False
2575,VIA,LORENTEGGIO,143,5132.0,6,ACCONCIATORE,0.0,30.0,True,False,False,False,False
2576,VIA,LOMAZZO PAOLO,16,7079.0,8,ACCONCIATORE,0.0,18.0,True,False,False,False,False
2577,VIA,LOMBROSO CESARE,20,3334.0,4,ACCONCIATORE,0.0,30.0,True,False,False,False,False
2578,VIA,LOMBROSO CESARE,54,3334.0,4,ACCONCIATORE,0.0,30.0,True,False,False,False,False
2579,VIA,LORENTEGGIO,124,5132.0,6,ACCONCIATORE,3.0,18.0,True,False,False,False,False
2580,VIA,LORENTEGGIO,234,5132.0,6,ACCONCIATORE,13.0,19.0,True,False,False,False,False
2581,VIA,LORENTEGGIO,30,5132.0,6,ACCONCIATORE,3.0,14.0,True,False,False,False,False
2582,VIA,LORENTEGGIO,38,5132.0,6,ACCONCIATORE,6.0,20.0,True,False,False,False,False
2583,VIA,LOSANNA,36,7190.0,8,ACCONCIATORE,5.0,18.0,True,False,False,False,False
2584,VIA,LUINI BERNARDINO,7,638.0,1,ACCONCIATORE,0.0,24.0,True,False,False,False,False
2585,VIA,MAC MAHON,111,7221.0,8,ACCONCIATORE,0.0,30.0,True,False,False,False,False
2586,VIA,MALPIGHI MARCELLO,3,2182.0,3,ACCONCIATORE,6.0,31.0,True,False,False,False,False
2587,VIA,MALPIGHI MARCELLO,8,2182.0,3,ACCONCIATORE,11.0,21.0,True,False,False,False,False
2588,VIA,MANTOVA,2,4217.0,5,ACCONCIATORE,0.0,22.0,True,False,False,False,False
2589,VIA,MARCHIONNI CARLOTTA,23,1658.0,9,ACCONCIATORE,1.0,14.0,True,False,False,False,False
2590,VIA,MARCHIONNI CARLOTTA,3,1658.0,9,ACCONCIATORE,8.0,25.0,True,False,False,False,False
2591,VIA,MARCO D'AGRATE,15,4276.0,5,ACCONCIATORE,0.0,20.0,True,False,False,False,False
2592,VIA,MARCONA,90,3080.0,4,ACCONCIATORE,0.0,30.0,True,False,False,False,False
2593,VIA,MAROCHETTI CARLO,19,4185.0,4,ACCONCIATORE,0.0,33.0,True,False,False,False,False
2594,VIA,MAROCHETTI CARLO,9,4185.0,4,ACCONCIATORE,5.0,16.0,True,False,False,False,False
2595,VIA,MARTINETTI PIERO,31,6339.0,7,ACCONCIATORE,0.0,30.0,True,False,False,False,False
2596,VIA,MAZZOLARI DON PRIMO,33,5457.0,6,ACCONCIATORE,0.0,27.0,True,False,False,False,False
2597,VIA,MECENATE,107,3323.0,4,ACCONCIATORE,0.0,44.0,True,True,True,False,False
2598,VIA,MELZO,22,2184.0,3,ACCONCIATORE,3.0,24.0,True,False,False,False,False
2599,VIA,MICHELINO DA BESOZZO,6,7263.0,8,ACCONCIATORE,0.0,21.0,True,False,False,False,False
2601,VIA,MOMIGLIANO ATTILIO,3,5401.0,5,ACCONCIATORE,0.0,23.0,True,False,False,False,False
2602,VIA,MONDOVI',4,2515.0,2,ACCONCIATORE,10.0,23.0,True,False,False,False,False
2604,VIA,MONTE OLIVETO,10,3345.0,4,ACCONCIATORE,0.0,30.0,True,False,False,False,False
2605,VIA,MONTE PALOMBINO,4,4368.0,4,ACCONCIATORE,0.0,14.0,True,False,False,False,False
2603,VIA,MONTEGANI LODOVICO,66,5330.0,5,ACCONCIATORE,3.0,33.0,True,False,False,False,False
2606,VIA,MONTI VINCENZO,15,6155.0,1,ACCONCIATORE,0.0,19.0,True,False,False,False,False
2607,VIA,MONTI VINCENZO,32,6155.0,1,ACCONCIATORE,6.0,17.0,True,False,False,False,False
2608,VIA,VISCONTI DI MODRONE UBERTO,38,361.0,1,ACCONCIATORE,0.0,29.0,True,False,False,False,False
2609,VIA,MORA GIAN GIACOMO,5,594.0,1,ACCONCIATORE,0.0,17.0,True,False,False,False,False
2610,VIA,MORGAGNI GIOVANNI BATTISTA,2,2158.0,3,ACCONCIATORE,3.0,22.0,True,False,False,False,False
2611,VIA,MORGAGNI GIOVANNI BATTISTA,38,2158.0,3,ACCONCIATORE,3.0,39.0,True,False,False,False,False
2612,VIA,MORONE GEROLAMO,3,200.0,1,ACCONCIATORE,0.0,52.0,True,False,False,False,False
2613,VIA,MOROSINI EMILIO,23,3073.0,4,ACCONCIATORE,0.0,33.0,True,False,False,False,False
2614,VIA,MUSSI GIUSEPPE,9,7199.0,8,ACCONCIATORE,0.0,21.0,True,False,False,False,False
2615,VIA,NEERA ANNA,22,5326.0,5,ACCONCIATORE,4.0,22.0,True,False,False,False,False
2616,VIA,NEGROLI,13,3279.0,4,ACCONCIATORE,10.0,19.0,True,False,False,False,False
2617,VIA,NERI POMPEO,2,6817.0,6,ACCONCIATORE,0.0,30.0,True,False,False,False,False
2618,VIA,NOVARO MICHELE,25,1559.0,9,ACCONCIATORE,0.0,33.0,True,True,False,False,False
2619,VIA,OLMETTO,21,553.0,1,ACCONCIATORE,1.0,20.0,True,False,False,False,False
2620,VIA,ORNATO LUIGI,113,1591.0,9,ACCONCIATORE,8.0,18.0,True,True,False,False,False
2621,VIA,ORNATO LUIGI,60,1591.0,9,ACCONCIATORE,1.0,22.0,True,False,False,False,False
2622,VIA,ORSINI VINCENZO GIORDANO,16,6648.0,7,ACCONCIATORE,10.0,22.0,True,False,False,False,False
2623,VIA,ORTICA,1,3242.0,3,ACCONCIATORE,8.0,15.0,True,False,False,False,False
2624,VIA,PACINI GIOVANNI,33,2571.0,3,ACCONCIATORE,0.0,17.0,True,False,False,False,False
2625,VIA,PADOVA,140,2275.0,2,ACCONCIATORE,0.0,30.0,True,False,False,False,False
2626,VIA,PADOVA,167,2275.0,2,ACCONCIATORE,0.0,15.0,True,False,False,False,False
2627,VIA,PADOVA,92,2275.0,2,ACCONCIATORE,0.0,16.0,True,False,False,False,False
2628,VIA,PADOVA,95,2275.0,2,ACCONCIATORE,3.0,28.0,True,False,False,False,False
2629,VIA,PAGLIANO ELEUTERIO,35,6390.0,7,ACCONCIATORE,3.0,15.0,True,False,False,False,False
2630,VIA,PALAZZI LAZZARO,4,2171.0,3,ACCONCIATORE,0.0,30.0,True,False,False,False,False
2631,VIA,PALMANOVA,147,2390.0,2,ACCONCIATORE,10.0,22.0,True,True,True,False,False
2632,VIA,PALMANOVA,56,2390.0,3,ACCONCIATORE,19.0,22.0,True,False,False,False,False
2633,VIA,PAOLO DA CANNOBIO,16,338.0,1,ACCONCIATORE,0.0,16.0,True,False,False,False,False
2634,VIA,PAPI LAZZARO,22,4071.0,4,ACCONCIATORE,0.0,15.0,True,False,False,False,False
2635,VIA,PARENZO,8,5367.0,6,ACCONCIATORE,16.0,19.0,True,False,False,False,False
2636,VIA,PARETO VILFREDO,7,7440.0,8,ACCONCIATORE,13.0,20.0,True,False,False,False,False
2637,VIA,PASCARELLA CESARE,1,7349.0,8,ACCONCIATORE,0.0,30.0,True,False,False,False,False
2638,VIA,PASCOLI GIOVANNI,56,3132.0,3,ACCONCIATORE,6.0,29.0,True,False,False,False,False
2639,VIA,PECCHIO GIUSEPPE,3,2240.0,3,ACCONCIATORE,2.0,18.0,True,False,False,False,False
2640,VIA,PERGOLESI GIOVANNI BATTISTA,19,2231.0,3,ACCONCIATORE,0.0,25.0,True,False,False,False,False
2641,VIA,PERUGINO,32,3198.0,4,ACCONCIATORE,0.0,18.0,True,False,False,False,False
2642,VIA,PEZZOTTI GIOVANNI,46,5244.0,5,ACCONCIATORE,6.0,27.0,True,False,False,False,False
2643,VIA,PIACENZA,1,4064.0,5,ACCONCIATORE,3.0,15.0,True,False,False,False,False
2644,VIA,PIERI MARIO,2,2513.0,2,ACCONCIATORE,5.0,24.0,True,False,False,False,False
2645,VIA,PIERO DELLA FRANCESCA,74,7188.0,8,ACCONCIATORE,0.0,24.0,True,False,False,False,False
2646,VIA,PILO ROSOLINO,8,2189.0,3,ACCONCIATORE,8.0,20.0,True,False,False,False,False
2647,VIA,PISANELLO,8,6600.0,7,ACCONCIATORE,12.0,27.0,True,False,False,False,False
2648,VIA,PISANI VITTOR,19,1201.0,2,ACCONCIATORE,3.0,18.0,True,False,False,False,False
2649,VIA,PISANI VITTOR,7,1201.0,2,ACCONCIATORE,0.0,60.0,True,False,False,False,False
2650,VIA,PISTRUCCI SCIPIONE,10,3215.0,4,ACCONCIATORE,0.0,30.0,True,False,False,False,False
2651,VIA,PITTERI RICCARDO,3,2674.0,3,ACCONCIATORE,0.0,29.0,True,False,False,False,False
2652,VIA,PLINIO CAIO SECONDO,48,2144.0,3,ACCONCIATORE,0.0,30.0,True,False,False,False,False
2653,VIA,PLINIO CAIO SECONDO,63,2144.0,3,ACCONCIATORE,0.0,22.0,True,True,True,False,False
2654,VIA,PONALE,66,1616.0,9,ACCONCIATORE,0.0,38.0,True,False,False,False,False
2655,VIA,PONCHIELLI AMILCARE,1,2142.0,3,ACCONCIATORE,2.0,21.0,True,False,False,False,False
2656,VIA,PONTE NUOVO,26,2494.0,2,ACCONCIATORE,4.0,14.0,True,False,False,False,False
2657,VIA,PONTE NUOVO,48,2494.0,2,ACCONCIATORE,0.0,24.0,True,False,False,False,False
2658,VIA,PONTE SEVESO,26,1203.0,2,ACCONCIATORE,0.0,15.0,True,False,False,False,False
2660,VIA,PORPORA NICOLA ANTONIO,109,2229.0,3,ACCONCIATORE,0.0,18.0,True,False,False,False,False
2661,VIA,PORPORA NICOLA ANTONIO,151,2229.0,3,ACCONCIATORE,0.0,30.0,True,False,False,False,False
2662,VIA,PRIMATICCIO FRANCESCO,182,6646.0,6,ACCONCIATORE,5.0,15.0,True,False,False,False,False
2663,VIA,PROCACCINI GIULIO CESARE,26,7204.0,8,ACCONCIATORE,0.0,20.0,True,False,False,False,False
2664,VIA,QUINTO ROMANO,14,6333.0,7,ACCONCIATORE,0.0,16.0,True,False,False,False,False
2666,VIA,REMBRANDT,56,6618.0,7,ACCONCIATORE,16.0,17.0,True,False,False,False,False
2667,VIA,RIPAMONTI GIUSEPPE,191,4066.0,5,ACCONCIATORE,0.0,24.0,True,False,False,False,False
2670,VIA,RIPAMONTI GIUSEPPE,219,4066.0,5,ACCONCIATORE,0.0,24.0,True,False,False,False,False
2671,VIA,RISMONDO FRANCESCO,1,6756.0,7,ACCONCIATORE,23.0,25.0,True,False,False,False,False
2672,VIA,RISMONDO FRANCESCO,72,6756.0,7,ACCONCIATORE,0.0,30.0,True,False,False,False,False
2673,VIA,RIVA DI TRENTO,2,4155.0,4,ACCONCIATORE,0.0,30.0,True,False,False,False,False
2674,VIA,ROMEO NICOLA,5,5479.0,5,ACCONCIATORE,0.0,30.0,True,False,False,False,False
2675,VIA,RONCAGLIA,35,6122.0,6,ACCONCIATORE,8.0,15.0,True,False,False,False,False
2676,VIA,RONCHI,11,2655.0,3,ACCONCIATORE,3.0,18.0,True,False,False,False,False
2677,VIA,ROSSI PELLEGRINO,13,1510.0,9,ACCONCIATORE,0.0,40.0,True,False,False,False,False
2678,VIA,ROVELLO,18,722.0,1,ACCONCIATORE,0.0,27.0,True,True,False,False,False
2679,VIA,ROVERETO,11,2300.0,2,ACCONCIATORE,0.0,36.0,True,False,False,False,False
2680,VIA,ROVETTA GEROLAMO,19,2333.0,2,ACCONCIATORE,6.0,18.0,True,False,False,False,False
2681,VIA,RUBENS PIETRO,10,6597.0,7,ACCONCIATORE,4.0,18.0,True,False,False,False,False
2682,VIA,RUGGERO DI LAURIA,15,7163.0,8,ACCONCIATORE,10.0,17.0,True,False,False,False,False
2683,VIA,RUSSO VINCENZO,17,2328.0,2,ACCONCIATORE,0.0,30.0,True,False,False,False,False
2684,VIA,RUTILIA,4,4229.0,5,ACCONCIATORE,2.0,15.0,True,True,False,True,False
2709,VIA,S. GIOV. SUL MURO,9,609.0,1,ACCONCIATORE,0.0,16.0,True,False,False,False,False
2685,VIA,SAINT BON SIMONE,2,6670.0,7,ACCONCIATORE,0.0,30.0,True,False,False,False,False
2686,VIA,SAINT BON SIMONE,5,6670.0,7,ACCONCIATORE,0.0,23.0,True,False,False,False,False
2687,VIA,SALASCO,32,4051.0,5,ACCONCIATORE,2.0,18.0,True,False,False,False,False
2688,VIA,SALO',1,4117.0,4,ACCONCIATORE,0.0,19.0,True,False,False,False,False
2689,VIA,SAMMARTINI GIOVANNI BATTISTA,39,1202.0,2,ACCONCIATORE,0.0,22.0,True,False,False,False,False
2691,VIA,SAN FERMO,1,1042.0,1,ACCONCIATORE,0.0,21.0,True,False,False,False,False
2693,VIA,SAN MAMETE,15,2413.0,2,ACCONCIATORE,21.0,22.0,True,False,False,False,False
2694,VIA,SAN MAMETE,3,2413.0,2,ACCONCIATORE,4.0,25.0,True,False,False,False,False
2695,VIA,SAN MAURILIO,1,563.0,1,ACCONCIATORE,0.0,17.0,True,False,False,False,False
2696,VIA,SAN SIRO,7,6282.0,7,ACCONCIATORE,11.0,30.0,True,False,False,False,False
2690,VIA,SAND GEORGE,1,1554.0,9,ACCONCIATORE,0.0,18.0,True,False,False,False,False
2692,VIA,SANGALLO,31,3208.0,3,ACCONCIATORE,19.0,18.0,True,False,False,False,False
2697,VIA,SANSOVINO,28,2213.0,3,ACCONCIATORE,0.0,30.0,True,False,False,False,False
2700,VIA,SANT' ANATALONE,6,6587.0,6,ACCONCIATORE,3.0,15.0,True,False,False,False,False
2698,VIA,SANTA MARIA FULCORINA,13,630.0,1,ACCONCIATORE,0.0,17.0,True,False,False,False,False
2699,VIA,SANTA MARIA VALLE,1,535.0,1,ACCONCIATORE,0.0,30.0,True,True,False,False,False
2701,VIA,SANZIO RAFFAELLO,27,6283.0,7,ACCONCIATORE,0.0,22.0,True,False,False,False,False
2702,VIA,SANZIO RAFFAELLO,NOT-AVAILABLE,6283.0,7,ACCONCIATORE,0.0,16.0,True,False,False,False,False
2703,VIA,SAVONA,61,5122.0,6,ACCONCIATORE,0.0,30.0,True,False,False,False,False
2704,VIA,SCHIAPARELLI GIOVANNI,8,1211.0,2,ACCONCIATORE,0.0,30.0,True,False,False,False,False
2705,VIA,SCIESA AMATORE,18,3072.0,4,ACCONCIATORE,0.0,30.0,True,False,False,False,False
2706,VIA,SEBASTIANO DEL PIOMBO,12,6397.0,8,ACCONCIATORE,0.0,41.0,True,False,False,False,False
2707,VIA,SEBASTIANO DEL PIOMBO,3,6397.0,8,ACCONCIATORE,0.0,30.0,True,False,False,False,False
2708,VIA,SEBETO,1,6167.0,1,ACCONCIATORE,0.0,30.0,True,False,False,False,False
2710,VIA,SILVA GUGLIELMO,49,6400.0,8,ACCONCIATORE,3.0,45.0,True,False,False,False,False
2711,VIA,SISMONDI GIANCARLO,1,3256.0,4,ACCONCIATORE,6.0,20.0,True,False,False,False,False
2712,VIA,SODERINI LUIGI,55,6675.0,6,ACCONCIATORE,20.0,22.0,True,False,False,False,False
2714,VIA,SOLARI ANDREA,23,5111.0,6,ACCONCIATORE,0.0,21.0,True,False,False,False,False
2715,VIA,SOLARI ANDREA,41,5111.0,6,ACCONCIATORE,0.0,32.0,True,False,False,False,False
2716,VIA,SOPERGA,52,2262.0,2,ACCONCIATORE,2.0,14.0,True,False,False,False,False
2717,VIA,SOTTOCORNO PASQUALE,3,3152.0,4,ACCONCIATORE,0.0,27.0,True,False,False,False,False
2718,VIA,STENDHAL ENRICO,57,5135.0,6,ACCONCIATORE,0.0,30.0,True,False,False,False,False
2719,VIA,STOPPANI ANTONIO,33,2163.0,3,ACCONCIATORE,0.0,30.0,True,False,False,False,False
2720,VIA,STROMBOLI,22,6099.0,7,ACCONCIATORE,0.0,16.0,True,False,False,False,False
2722,VIA,TABACCHI ODOARDO,3,5223.0,5,ACCONCIATORE,3.0,21.0,True,False,False,False,False
2723,VIA,TADINO ALESSANDRO,13,2109.0,3,ACCONCIATORE,15.0,15.0,True,False,False,False,False
2724,VIA,TARAMELLI TORQUATO,68,1164.0,2,ACCONCIATORE,0.0,25.0,True,False,False,False,False
2726,VIA,TARTINI GIUSEPPE,2,1501.0,9,ACCONCIATORE,3.0,26.0,True,False,False,False,False
2727,VIA,TEODOSIO,56,2550.0,3,ACCONCIATORE,0.0,27.0,True,False,False,False,False
2728,VIA,TERAMO,31,5365.0,6,ACCONCIATORE,0.0,30.0,True,False,False,False,False
2729,VIA,TERMOPILI,29,2297.0,2,ACCONCIATORE,12.0,18.0,True,False,False,False,False
2730,VIA,TITO LIVIO,37,4086.0,4,ACCONCIATORE,6.0,15.0,True,False,False,False,False
2731,VIA,TIVOLI,8,712.0,1,ACCONCIATORE,0.0,20.0,True,False,False,False,False
2732,VIA,ROMBON,38,2659.0,3,ACCONCIATORE,0.0,30.0,True,False,False,False,False
2733,VIA,TOLSTOI LEONE,17,5133.0,6,ACCONCIATORE,6.0,16.0,True,False,False,False,False
2734,VIA,TOLSTOI LEONE,53,5133.0,6,ACCONCIATORE,5.0,71.0,True,False,False,False,False
2735,VIA,TORRICELLI EVANGELISTA,21,5240.0,5,ACCONCIATORE,2.0,16.0,True,False,False,False,False
2736,VIA,TURATI FILIPPO,29,1053.0,1,ACCONCIATORE,0.0,30.0,True,False,False,False,False
2737,VIA,URBANO III,3,588.0,1,ACCONCIATORE,4.0,16.0,True,False,False,False,False
2738,VIA,VAL DI SOLE,22,4295.0,5,ACCONCIATORE,0.0,30.0,True,False,False,False,False
2741,VIA,VAL TROMPIA,49,7494.0,8,ACCONCIATORE,0.0,37.0,True,False,False,False,False
2742,VIA,VAL TROMPIA,9,7494.0,8,ACCONCIATORE,0.0,28.0,True,False,False,False,False
2739,VIA,VALFURVA,4,1168.0,9,ACCONCIATORE,6.0,30.0,True,False,False,False,False
2740,VIA,VALLE ISORNO,8,6792.0,7,ACCONCIATORE,0.0,30.0,True,False,False,False,False
2743,VIA,VANNUCCI ATTO,2,4056.0,5,ACCONCIATORE,0.0,17.0,True,False,False,False,False
2744,VIA,VARANINI LUIGI,26,2288.0,2,ACCONCIATORE,0.0,23.0,True,False,False,False,False
2745,VIA,VARANINI LUIGI,3,2288.0,2,ACCONCIATORE,0.0,30.0,True,False,False,False,False
2746,VIA,VARE' GIOVANNI BATTISTA,28,1245.0,9,ACCONCIATORE,0.0,30.0,True,False,False,False,False
2747,VIA,VENINI GIULIO E CORRADO,65,2258.0,2,ACCONCIATORE,6.0,18.0,True,False,False,False,False
2748,VIA,VENINI GIULIO E CORRADO,95,2258.0,2,ACCONCIATORE,1.0,16.0,True,False,False,False,False
2749,VIA,VERGATO,1,1555.0,9,ACCONCIATORE,1.0,38.0,True,False,False,False,False
2750,VIA,VERRO BERNARDINO,49,4223.0,5,ACCONCIATORE,0.0,30.0,True,False,False,False,False
2751,VIA,VIGEVANO,14,5116.0,6,ACCONCIATORE,0.0,30.0,True,True,True,False,False
2752,VIA,VILLORESI EUGENIO,1,5145.0,6,ACCONCIATORE,9.0,22.0,True,False,False,False,False
2753,VIA,VITTADINI CARLO,7,4055.0,5,ACCONCIATORE,4.0,18.0,True,False,False,False,False
2754,VIA,WASHINGTON GIORGIO,102,6111.0,6,ACCONCIATORE,0.0,27.0,True,False,False,False,False
2755,VIA,WASHINGTON GIORGIO,11,6111.0,7,ACCONCIATORE,0.0,24.0,True,False,False,False,False
2756,VIA,WASHINGTON GIORGIO,76,6111.0,7,ACCONCIATORE,0.0,30.0,True,False,False,False,False
2757,VIA,WASHINGTON GIORGIO,82,6111.0,6,ACCONCIATORE,0.0,26.0,True,False,False,False,False
2758,VIA,WATT GIACOMO,4,5292.0,6,ACCONCIATORE,0.0,20.0,True,False,False,False,False
2759,VIA,ZANOLI ALESSANDRO,10,1548.0,9,ACCONCIATORE,0.0,30.0,True,False,False,False,False
2760,VIA,ZURETTI GIANFRANCO,11,1216.0,2,ACCONCIATORE,6.0,16.0,True,False,False,False,False
2761,VIA,ZURETTI GIANFRANCO,49,1216.0,2,ACCONCIATORE,5.0,15.0,True,False,False,False,False
2762,VLE,ABRUZZI,79,2177.0,3,ACCONCIATORE,0.0,19.0,True,False,False,False,False
2764,VLE,ARETUSA,19,6565.0,7,ACCONCIATORE,9.0,21.0,True,False,False,False,False
2765,VLE,BEATRICE D'ESTE,49,4048.0,1,ACCONCIATORE,10.0,24.0,True,False,False,False,False
2766,VLE,BLIGNY,50,4045.0,5,ACCONCIATORE,0.0,35.0,True,False,False,False,False
2767,VLE,BRIANZA,22,2263.0,2,ACCONCIATORE,6.0,17.0,True,False,False,False,False
2768,VLE,CAMPANIA,29,3100.0,4,ACCONCIATORE,3.0,33.0,True,False,False,False,False
2769,VLE,CAMPANIA,40,3100.0,4,ACCONCIATORE,5.0,20.0,True,False,False,False,False
2770,VLE,CASSALA,1,5275.0,6,ACCONCIATORE,8.0,16.0,True,False,False,False,False
2771,VLE,CERTOSA,246,7174.0,8,ACCONCIATORE,15.0,18.0,True,True,False,False,False
2772,VLE,CERTOSA,45,7174.0,8,ACCONCIATORE,0.0,30.0,True,False,False,False,False
2773,VLE,CERTOSA,60,7174.0,8,ACCONCIATORE,17.0,18.0,True,False,False,False,False
2774,VLE,CONI ZUGNA,57,5110.0,1,ACCONCIATORE,0.0,16.0,True,False,False,False,False
2775,VLE,CORSICA,41,3262.0,4,ACCONCIATORE,2.0,16.0,True,False,False,False,False
2776,VLE,CORSICA,81,3262.0,4,ACCONCIATORE,0.0,24.0,True,False,False,False,False
2777,VLE,CRISPI FRANCESCO,9,1063.0,1,ACCONCIATORE,0.0,15.0,True,True,False,False,False
2778,VLE,DELLE RIMEMBRANZE DI GRECO,40,1412.0,2,ACCONCIATORE,21.0,19.0,True,False,False,False,False
2779,VLE,GIAN GALEAZZO,6,5196.0,5,ACCONCIATORE,0.0,20.0,True,False,False,False,False
2780,VLE,GIOVANNI DA CERMENATE,NOT-AVAILABLE,5261.0,5,ACCONCIATORE,0.0,29.0,True,False,False,False,False
2781,VLE,GORIZIA,12,5156.0,6,ACCONCIATORE,0.0,18.0,True,False,False,False,False
2782,VLE,JENNER EDOARDO,72,1230.0,9,ACCONCIATORE,0.0,30.0,True,False,False,False,False
2783,VLE,MOLISE,51,3178.0,4,ACCONCIATORE,0.0,30.0,True,False,False,False,False
2784,VLE,MONTE NERO,16,3062.0,4,ACCONCIATORE,0.0,35.0,True,False,False,False,False
2786,VLE,MONZA,154,2274.0,2,ACCONCIATORE,12.0,18.0,True,True,False,False,False
2787,VLE,MONZA,173,2274.0,2,ACCONCIATORE,0.0,30.0,True,False,False,False,False
2788,VLE,MONZA,325,2274.0,2,ACCONCIATORE,3.0,20.0,True,False,False,False,False
2789,VLE,MONZA,78,2274.0,2,ACCONCIATORE,0.0,20.0,True,False,False,False,False
2790,VLE,PICENO,32,3114.0,4,ACCONCIATORE,0.0,30.0,True,False,False,False,False
2791,VLE,PICENO,8,3114.0,4,ACCONCIATORE,0.0,29.0,True,False,False,False,False
2792,VLE,PISA,18,6615.0,7,ACCONCIATORE,0.0,13.0,True,False,False,False,False
2793,VLE,SABOTINO,16,4046.0,5,ACCONCIATORE,0.0,13.0,True,False,False,False,False
2794,VLE,SAN GIMIGNANO,10,6613.0,6,ACCONCIATORE,0.0,29.0,True,False,False,False,False
2795,VLE,SAN GIMIGNANO,39,6613.0,6,ACCONCIATORE,4.0,24.0,True,False,False,False,False
2796,VLE,SAN MICHELE DEL CARSO,18,6212.0,7,ACCONCIATORE,0.0,23.0,True,False,False,False,False
2797,VLE,SAN MICHELE DEL CARSO,2,6212.0,7,ACCONCIATORE,0.0,30.0,True,False,False,False,False
2798,VLE,SERRA RENATO,57,6426.0,8,ACCONCIATORE,0.0,30.0,True,False,False,False,False
2799,VLE,SUZZANI GIOVANNI,19,1446.0,9,ACCONCIATORE,0.0,30.0,True,False,False,False,False
2800,VLE,SUZZANI GIOVANNI,270,1446.0,9,ACCONCIATORE,10.0,25.0,True,False,False,False,False
2801,VLE,TEODORICO,4,7160.0,8,ACCONCIATORE,0.0,20.0,True,False,False,False,False
2802,VLE,TESTI FULVIO,177,1441.0,9,ACCONCIATORE,6.0,26.0,True,False,False,False,False
2803,VLE,TESTI FULVIO,5,1441.0,9,ACCONCIATORE,2.0,20.0,True,False,False,False,False
2804,VLE,TESTI FULVIO,86,1441.0,9,ACCONCIATORE,0.0,23.0,True,False,False,False,False
2805,VLE,TIBALDI,66,5234.0,5,ACCONCIATORE,0.0,30.0,True,False,False,False,False
2806,VLE,TORELLI LUIGI,5,1232.0,9,ACCONCIATORE,1.0,18.0,True,False,False,False,False
2807,VLE,TROYA CARLO,8,5140.0,6,ACCONCIATORE,0.0,30.0,True,False,False,False,False
2808,VLE,UMBRIA,17,3145.0,4,ACCONCIATORE,0.0,30.0,True,False,False,False,False
2809,VLE,UMBRIA,44,3145.0,4,ACCONCIATORE,0.0,21.0,True,False,False,False,False
2810,VLE,UNGHERIA,10,3357.0,4,ACCONCIATORE,0.0,22.0,True,False,False,False,False
2811,VLE,ZARA,118,1170.0,2,ACCONCIATORE,0.0,17.0,True,False,False,False,False
2812,VLE,ZARA,13,1170.0,9,ACCONCIATORE,0.0,30.0,True,False,False,False,False
2813,VLE,ZARA,145,1170.0,9,ACCONCIATORE,2.0,16.0,True,False,False,False,False
2814,VLE,ZARA,61,1170.0,9,ACCONCIATORE,0.0,30.0,True,False,False,False,False
2815,VIA,SAN GALDINO,11,7215.0,8,ACCONCIATORE,0.0,48.0,True,False,False,False,False
2816,VIA,ATENE,6,2371.0,2,ACCONCIATORE,0.0,32.0,True,True,False,False,False
2817,VIA,PETROCCHI POLICARPO,21,2320.0,2,ACCONCIATORE,4.0,33.0,True,True,False,False,False
2818,PZA,FUSINA ANDREA,2,3300.0,3,ACCONCIATORE,0.0,32.0,True,False,False,False,False
2819,PZA,GRANDI GIUSEPPE,24,3112.0,4,ACCONCIATORE,0.0,30.0,True,False,False,False,False
2820,PZA,SANT' AMBROGIO,5,643.0,1,ACCONCIATORE,0.0,53.0,True,False,False,False,False
2821,VIA,CASTELLANZA,8,7548.0,8,ACCONCIATORE,0.0,30.0,True,False,False,False,False
2822,VIA,CORRIDONI FILIPPO,6,3020.0,1,ACCONCIATORE,0.0,30.0,True,False,False,False,False
2823,VIA,COSTA ANDREA,7,2276.0,2,ACCONCIATORE,0.0,30.0,True,False,False,False,False
2824,VIA,GRAZIOLI DON BARTOLOMEO,4,1473.0,9,ACCONCIATORE,1.0,58.0,True,False,False,False,False
2825,VIA,MODENA GUSTAVO,30,3122.0,3,ACCONCIATORE,0.0,28.0,True,False,False,False,False
2826,VIA,PAISIELLO GIOVANNI,3,2245.0,3,ACCONCIATORE,0.0,43.0,True,False,False,False,False
2827,VIA,QUARENGHI GIACOMO,34,7478.0,8,ACCONCIATORE,10.0,30.0,True,False,False,False,False
2828,VIA,RICCIARELLI DANIELE,1,6553.0,7,ACCONCIATORE,0.0,30.0,True,False,False,False,False
2829,VIA,RICCIARELLI DANIELE,29,6553.0,7,ACCONCIATORE,0.0,25.0,True,False,False,False,False
2830,VIA,ROSSI PELLEGRINO,81,1510.0,9,ACCONCIATORE,0.0,28.0,True,False,False,False,False
2831,VIA,SANTA TECLA,5,321.0,1,ACCONCIATORE,0.0,26.0,True,True,True,False,False
2832,VIA,VIGNOLI TITO,37,5134.0,6,ACCONCIATORE,0.0,23.0,True,False,False,False,False
2833,PZA,SICILIA,1,6266.0,7,ACCONCIATORE,18.0,50.0,True,False,False,False,False
2834,VIA,ABAMONTI GIUSEPPE,2,3135.0,3,ACCONCIATORE,3.0,111.0,True,False,False,False,False
2835,VIA,BOTTICELLI SANDRO,2,3203.0,3,ACCONCIATORE,3.0,60.0,True,False,False,False,False
2836,VIA,BRUNELLESCHI FILIPPO,2,5384.0,6,ACCONCIATORE,1.0,27.0,True,False,False,False,False
2837,VIA,CABELLA BARTOLOMEO,56,6778.0,7,ACCONCIATORE,4.0,48.0,True,False,False,False,False
2838,VIA,CARDINALE MEZZOFANTI,29,3277.0,4,ACCONCIATORE,0.0,31.0,True,False,False,False,False
2839,VIA,DEI FONTANILI,55,4224.0,5,ACCONCIATORE,0.0,30.0,True,False,False,False,False
2840,VIA,GIAMBELLINO,50,5136.0,6,ACCONCIATORE,0.0,31.0,True,True,False,False,False
2841,VIA,GOLFO DEGLI ARANCI,15,2463.0,2,ACCONCIATORE,3.0,31.0,True,False,False,False,False
2842,VIA,GROSOTTO,1,7328.0,8,ACCONCIATORE,0.0,30.0,True,False,False,False,False
2843,VIA,IMBONATI CARLO,21,1311.0,9,ACCONCIATORE,6.0,37.0,True,False,False,False,False
2844,PZA,SAN GIUSEPPE,8,1442.0,9,ACCONCIATORE,0.0,29.0,True,False,False,False,False
2845,VIA,JACOPINO DA TRADATE,16,7292.0,8,ACCONCIATORE,0.0,30.0,True,False,False,False,False
2846,VIA,OSIMO AUGUSTO,3,4303.0,4,ACCONCIATORE,4.0,31.0,True,False,False,False,False
2847,VIA,QUARENGHI GIACOMO,23,7478.0,8,ACCONCIATORE,0.0,91.0,True,False,False,False,False
2848,VIA,TEANO,36,1632.0,9,ACCONCIATORE,1.0,33.0,True,False,False,False,False
2849,VIA,TRENNO,15,6491.0,8,ACCONCIATORE,6.0,34.0,True,False,False,False,False
2850,VIA,VAL DI BONDO,10,1648.0,9,ACCONCIATORE,0.0,39.0,True,False,False,False,False
2851,VIA,VITRUVIO,11,2134.0,3,ACCONCIATORE,0.0,91.0,True,True,True,False,False
2852,VIA,VODICE,1,6552.0,7,ACCONCIATORE,2.0,31.0,True,False,False,False,False
2853,VLE,AFFORI,10,1545.0,9,ACCONCIATORE,0.0,31.0,True,False,False,False,False
2854,VLE,CERTOSA,290,7174.0,8,ACCONCIATORE,13.0,18.0,True,False,False,False,False
2855,VIA,GAIO,10,3127.0,3,ACCONCIATORE,6.0,39.0,True,True,True,True,False
2865,VLE,VITTORIO VENETO,10,2107.0,3,ACCONCIATORE,0.0,33.0,True,True,False,False,False
2866,VLE,STEFINI EVARISTO,10,1405.0,2,ACCONCIATORE,0.0,54.0,True,True,True,False,False
2860,VIA,SELLA QUINTINO,2,724.0,1,ACCONCIATORE,0.0,50.0,True,True,False,False,False
2861,VIA,TORTONA,19,5124.0,6,ACCONCIATORE,0.0,36.0,True,True,True,False,False
2862,VIA,SOLFERINO,42,1028.0,1,ACCONCIATORE,0.0,45.0,True,True,False,True,False
2863,PLE,CADORNA LUIGI,14,601.0,1,ACCONCIATORE,0.0,40.0,True,True,True,True,False
2864,VIA,MEDA GIUSEPPE,23,5242.0,5,ACCONCIATORE,0.0,45.0,True,True,False,True,False
2856,VIA,PADOVA,191,2275.0,2,ACCONCIATORE,0.0,22.0,True,True,True,True,False
2857,VLE,MONZA,16,2274.0,2,ACCONCIATORE,0.0,522.0,True,True,True,True,False
2858,VLE,UNGHERIA,22,3357.0,4,ACCONCIATORE,0.0,40.0,True,True,True,True,False
2859,VIA,CUSANI,10,719.0,1,ACCONCIATORE,0.0,85.0,True,True,True,True,False
2867,VIA,BONCOMPAGNI CARLO,10,4182.0,4,ACCONCIATORE,3.0,12.0,True,True,False,False,False
2889,VIA,CIARDI GUGLIELMO,25,6574.0,7,ACCONCIATORE,12.0,23.0,True,True,False,False,False
2890,VIA,BURLAMACCHI FRANCESCO,11,4077.0,4,ACCONCIATORE,3.0,16.0,True,True,True,False,False
2891,VIA,PADOVA,178,2275.0,2,ACCONCIATORE,3.0,30.0,True,True,True,False,False
2892,VIE,DELLA ROBBIA LUCA,8,6349.0,8,ACCONCIATORE,0.0,54.0,True,True,True,False,False
2871,PLE,DI PORTA LODOVICA,2,4039.0,5,ACCONCIATORE,0.0,25.0,True,True,False,False,False
2872,VIA,FERABOLI ACHILLE,33,5421.0,5,ACCONCIATORE,0.0,22.0,True,True,False,False,False
2873,VIA,SANT' ELEMBARDO,1,2356.0,2,ACCONCIATORE,0.0,28.0,True,True,False,False,False
2874,VLE,LIGURIA,50,5264.0,6,ACCONCIATORE,10.0,30.0,True,True,False,False,False
2875,CSO,VITTORIO EMANUELE II,9,214.0,1,ACCONCIATORE,1.0,49.0,True,True,True,False,False
2876,PZA,DE ANGELI ERNESTO,1,6276.0,7,ACCONCIATORE,0.0,80.0,True,True,True,False,False
2877,VIA,BIXIO NINO,32,3133.0,3,ACCONCIATORE,2.0,34.0,True,True,True,False,False
2878,VIA,FILZI FABIO,45,1190.0,2,ACCONCIATORE,0.0,34.0,True,True,True,False,False
2879,VIA,KRAMER ANTONIO,20,3180.0,3,ACCONCIATORE,0.0,56.0,True,True,True,False,False
2880,VIA,MAZZINI GIUSEPPE,20,516.0,1,ACCONCIATORE,0.0,23.0,True,True,True,False,False
2881,VIA,MODENA GUSTAVO,15,3122.0,3,ACCONCIATORE,2.0,45.0,True,True,True,False,False
2882,VIA,PARINI GIUSEPPE,7,1049.0,1,ACCONCIATORE,0.0,15.0,True,True,True,False,False
2883,VIA,SALVINI TOMMASO,1,2175.0,1,ACCONCIATORE,0.0,26.0,True,True,True,False,False
2884,VIA,SODERINI LUIGI,9,6675.0,6,ACCONCIATORE,2.0,25.0,True,True,True,False,False
2885,PZA,CINQUE GIORNATE,6,3053.0,1,ACCONCIATORE,8.0,29.0,True,True,True,True,False
2886,VIA,PAOLO DA CANNOBIO,9,338.0,1,ACCONCIATORE,24.0,22.0,True,True,True,True,False
2887,VIA,PRINA GIUSEPPE,12,7135.0,8,ACCONCIATORE,0.0,25.0,True,True,True,True,False
2888,VIA,TITO LIVIO,11,4086.0,4,ACCONCIATORE,0.0,48.0,True,True,True,True,False
2868,VIA,CESARE DA SESTO,22,5101.0,1,ACCONCIATORE,0.0,40.0,True,True,True,True,False
2869,VIA,COLONNA MARCO ANTONIO,14,7158.0,8,ACCONCIATORE,0.0,22.0,True,True,True,True,False
2870,VIA,GONZAGA MAURIZIO,6,344.0,1,ACCONCIATORE,13.0,32.0,True,True,True,True,False
2893,LGO,TEL AVIV,5,2639.0,2,ESTETISTA,2.0,23.0,False,True,False,False,False
2894,PLE,CADORNA LUIGI,9,601.0,1,ESTETISTA,0.0,43.0,False,True,False,False,False
2896,PZA,MISSORI GIUSEPPE,3,525.0,1,ESTETISTA,0.0,73.0,False,True,False,False,False
2897,VIA,ALBANI FRANCESCO,71,6399.0,8,ESTETISTA,0.0,85.0,False,True,False,False,False
2898,VIA,ARBE,31,1352.0,2,ESTETISTA,18.0,17.0,False,True,False,False,False
2899,VIA,BRISA,3,637.0,1,ESTETISTA,0.0,43.0,False,True,False,False,False
2900,VIA,CASTALDI PANFILO,32,2119.0,3,ESTETISTA,0.0,43.0,False,True,False,False,False
2901,VIA,CERVIGNANO,6,3218.0,4,ESTETISTA,0.0,4.0,False,True,False,False,False
2903,VIA,LECCO,12,2110.0,3,ESTETISTA,0.0,25.0,False,True,False,False,False
2904,VIA,MAURI ANGELO,6,6296.0,7,ESTETISTA,0.0,43.0,False,True,False,False,False
2905,VIA,NEERA ANNA,15,5326.0,5,ESTETISTA,0.0,20.0,False,True,False,False,False
2906,VIA,RIMINI,2,5267.0,5,ESTETISTA,0.0,43.0,False,True,False,False,False
2907,VIA,TEODOSIO,82,2550.0,3,ESTETISTA,0.0,43.0,False,True,False,False,False
2908,VLE,ARETUSA,34,6565.0,7,ESTETISTA,0.0,29.0,False,True,False,False,False
2909,VLE,BEZZI ERGISTO,1,6272.0,7,ESTETISTA,0.0,50.0,False,True,False,False,False
2910,ALZ,NAVIGLIO PAVESE,8,5161.0,6,ESTETISTA,0.0,35.0,False,True,False,True,False
3169,ALZ,NAVIGLIO GRANDE,146,5144.0,6,ESTETISTA,0.0,43.0,False,True,False,False,False
3170,BST,DI PORTA VOLTA,5,1066.0,1,ESTETISTA,0.0,43.0,False,True,False,False,False
3171,CSO,BUENOS AIRES,21,2129.0,3,ESTETISTA,0.0,36.0,False,True,False,False,False
3172,CSO,BUENOS AIRES,23,2129.0,3,ESTETISTA,0.0,45.0,False,True,False,False,False
3175,CSO,BUENOS AIRES,92,2129.0,3,ESTETISTA,0.0,108.0,False,True,False,False,False
3176,CSO,DI PORTA ROMANA,129,402.0,1,ESTETISTA,0.0,62.0,False,True,False,False,False
3177,CSO,DI PORTA ROMANA,20,402.0,1,ESTETISTA,0.0,43.0,False,True,False,False,False
3178,CSO,DI PORTA VITTORIA,12,3016.0,1,ESTETISTA,0.0,40.0,False,True,False,False,False
3179,CSO,DI PORTA VITTORIA,32,3016.0,1,ESTETISTA,0.0,49.0,False,True,False,False,False
3180,CSO,DI PORTA VITTORIA,54,3016.0,1,ESTETISTA,0.0,43.0,False,True,False,False,False
3182,CSO,ITALIA,43,526.0,1,ESTETISTA,0.0,43.0,False,True,False,False,False
3183,CSO,ITALIA,6,526.0,1,ESTETISTA,0.0,43.0,False,True,False,False,False
3184,CSO,LODI,101,4068.0,4,ESTETISTA,0.0,55.0,False,True,False,False,False
3185,CSO,LODI,113,4068.0,4,ESTETISTA,0.0,43.0,False,True,False,False,False
3186,CSO,LODI,24,4068.0,5,ESTETISTA,0.0,43.0,False,True,False,False,False
3187,CSO,LODI,56,4068.0,4,ESTETISTA,0.0,55.0,False,True,False,False,False
3188,CSO,MAGENTA,11,604.0,1,ESTETISTA,0.0,43.0,False,True,False,False,False
3189,CSO,MAGENTA,56,604.0,1,ESTETISTA,0.0,45.0,False,True,False,False,False
3190,CSO,MATTEOTTI GIACOMO,NOT-AVAILABLE,218.0,1,ESTETISTA,0.0,34.0,False,True,False,False,False
3191,CSO,SAN GOTTARDO,28,5203.0,5,ESTETISTA,0.0,56.0,False,True,False,False,False
3192,CSO,SEMPIONE,11,7137.0,1,ESTETISTA,0.0,130.0,False,True,False,False,False
3193,CSO,VENEZIA,3,238.0,1,ESTETISTA,0.0,52.0,False,True,False,False,False
3194,CSO,VENTIDUE MARZO,22,3074.0,4,ESTETISTA,0.0,158.0,False,True,False,False,False
3195,CSO,VENTIDUE MARZO,49,3074.0,4,ESTETISTA,0.0,43.0,False,True,False,False,False
3196,CSO,VENTIDUE MARZO,8,3074.0,4,ESTETISTA,0.0,128.0,False,True,False,False,False
3197,CSO,VERCELLI,37,6193.0,7,ESTETISTA,0.0,50.0,False,True,False,False,False
3198,CSO,VERCELLI,52,6193.0,7,ESTETISTA,0.0,50.0,False,True,False,False,False
3200,CSO,VERCELLI,7,6193.0,7,ESTETISTA,0.0,43.0,False,True,False,False,False
3201,LGO,CORSIA DEI SERVI,11,234.0,1,ESTETISTA,0.0,43.0,False,True,False,False,False
3203,LGO,RICHINI FRANCESCO,2A,331.0,1,ESTETISTA,0.0,39.0,False,True,False,False,False
3204,LGO,SETTIMIO SEVERO,4,6210.0,7,ESTETISTA,0.0,34.0,False,True,False,False,False
3206,PLE,BARACCA FRANCESCO,10,6180.0,7,ESTETISTA,0.0,43.0,False,True,False,False,False
3207,PLE,CANTORE ANTONIO,12,5103.0,6,ESTETISTA,0.0,25.0,False,True,False,False,False
3208,PLE,ISTRIA,2,1347.0,2,ESTETISTA,0.0,43.0,False,True,False,False,False
3209,PTA,BOSSI MAURILIO,4,116.0,1,ESTETISTA,0.0,43.0,False,True,False,False,False
3210,PTA,GIORDANO UMBERTO,4,345.0,1,ESTETISTA,0.0,43.0,False,True,False,False,False
3211,PZA,ASPROMONTE,45,2246.0,3,ESTETISTA,0.0,43.0,False,True,False,False,False
3212,PZA,BORROMEO,5,631.0,1,ESTETISTA,0.0,29.0,False,True,False,False,False
3213,PZA,CAIAZZO,2,2259.0,3,ESTETISTA,0.0,43.0,False,True,False,False,False
3214,PZA,CINQUE GIORNATE,1A,3053.0,1,ESTETISTA,0.0,31.0,False,True,False,False,False
3215,PZA,CINQUE GIORNATE,7,3053.0,4,ESTETISTA,0.0,70.0,False,True,False,False,False
3217,PZA,DEL DUOMO,17,1.0,1,ESTETISTA,0.0,74.0,False,True,False,False,False
3218,PZA,DELLA REPUBBLICA,20,1055.0,2,ESTETISTA,0.0,43.0,False,True,False,False,False
3219,PZA,GRAMSCI ANTONIO,2,7205.0,8,ESTETISTA,0.0,43.0,False,True,False,False,False
3220,PZA,MELOZZO DA FORLI',11,6619.0,7,ESTETISTA,0.0,46.0,False,True,False,False,False
3221,PZA,MIANI GUGLIELMO,5,5308.0,6,ESTETISTA,0.0,56.0,False,True,False,False,False
3222,PZA,NAPOLI,31,5131.0,6,ESTETISTA,0.0,43.0,False,True,False,False,False
3224,PZA,SAN FEDELE,2,203.0,1,ESTETISTA,0.0,43.0,False,True,False,False,False
3225,PZA,SANT' AMBROGIO,2,643.0,1,ESTETISTA,0.0,43.0,False,True,False,False,False
3226,PZA,VESUVIO,15,6110.0,7,ESTETISTA,0.0,43.0,False,True,False,False,False
3227,RIP,DI PTA TICINESE,103,5150.0,6,ESTETISTA,0.0,43.0,False,True,False,False,False
3228,RIP,DI PTA TICINESE,33,5150.0,6,ESTETISTA,0.0,55.0,False,True,False,False,False
3229,VIA,ALBERTI LEON BATTISTA,6,7167.0,8,ESTETISTA,0.0,60.0,False,True,False,False,False
3230,VIA,ANFITEATRO,6,1012.0,1,ESTETISTA,0.0,40.0,False,True,False,False,False
3231,VIA,ANFOSSI AUGUSTO,8,3071.0,4,ESTETISTA,0.0,34.0,False,True,False,False,False
3232,VIA,ARCHIMEDE,20,3086.0,4,ESTETISTA,1.0,247.0,False,True,False,False,False
3233,VIA,ARCO,1,714.0,1,ESTETISTA,0.0,50.0,False,True,False,False,False
3234,VIA,ASSIETTA,19,1540.0,9,ESTETISTA,0.0,45.0,False,True,False,False,False
3235,VIA,ASTESANI ALESSANDRO,20,1558.0,9,ESTETISTA,0.0,43.0,False,True,False,False,False
3236,VIA,AUSONIO,16,5093.0,1,ESTETISTA,0.0,43.0,False,True,False,False,False
3237,VIA,BAINSIZZA,2,5213.0,5,ESTETISTA,0.0,28.0,False,True,False,False,False
3238,VIA,BARACCHINI FLAVIO,9,356.0,1,ESTETISTA,0.0,26.0,False,True,False,False,False
3239,VIA,BATTISTOTTI SASSI LUISA,12,3273.0,4,ESTETISTA,0.0,90.0,False,True,False,False,False
3240,VIA,BELLINI GENTILE,8,5387.0,6,ESTETISTA,0.0,39.0,False,True,False,False,False
3241,VIA,BENACO,1,4143.0,4,ESTETISTA,0.0,13.0,False,True,False,False,False
3242,VIA,BERGAMO,2,3189.0,4,ESTETISTA,0.0,30.0,False,True,False,False,False
3243,VIA,BERGOGNONE AMBROGIO DA FOSSANO,31,5130.0,6,ESTETISTA,0.0,43.0,False,True,False,False,False
3244,VIA,BIONDI EZIO,1,7186.0,8,ESTETISTA,0.0,60.0,False,True,False,False,False
3245,VIA,BOCCACCIO GIOVANNI,26,6158.0,1,ESTETISTA,0.0,43.0,False,True,False,False,False
3246,VIA,BOCCACCIO GIOVANNI,45,6158.0,1,ESTETISTA,0.0,43.0,False,True,False,False,False
3248,VIA,BOSCHETTI ERASMO,7,1309.0,2,ESTETISTA,0.0,43.0,False,True,False,False,False
3249,VIA,BOSCOVICH RUGGERO,44,2131.0,3,ESTETISTA,0.0,45.0,False,True,False,False,False
3250,VIA,BRAGA GAETANO,1,1308.0,2,ESTETISTA,0.0,43.0,False,True,False,False,False
3251,VIA,BRIOSCHI FRANCESCO,52,5243.0,5,ESTETISTA,0.0,43.0,False,True,False,False,False
3252,VIA,BRIOSCHI FRANCESCO,92,5243.0,5,ESTETISTA,0.0,31.0,False,True,False,False,False
3253,VIA,BROGGI GIUSEPPE,17,2150.0,3,ESTETISTA,0.0,43.0,False,True,False,False,False
3254,VIA,BRUNO CASSINARI,11,4386.0,4,ESTETISTA,0.0,45.0,False,True,False,False,False
3255,VIA,BRUZZESI GIACINTO,25,5388.0,6,ESTETISTA,15.0,69.0,False,True,False,False,False
3257,VIA,CACCIALEPORI,3,6557.0,7,ESTETISTA,0.0,43.0,False,True,False,False,False
3258,VIA,CACCIATORI BENEDETTO,12,6305.0,7,ESTETISTA,0.0,55.0,False,True,False,False,False
3259,VIA,CALVI PIETRO,3,3083.0,4,ESTETISTA,0.0,43.0,False,True,False,False,False
3260,VIA,CALVI PIETRO,NOT-AVAILABLE,3083.0,4,ESTETISTA,0.0,43.0,False,True,False,False,False
3261,VIA,CANONICA LUIGI,24,7121.0,1,ESTETISTA,0.0,48.0,False,True,False,False,False
3262,VIA,CANONICA LUIGI,91,7121.0,8,ESTETISTA,6.0,17.0,False,True,False,False,False
3263,VIA,CAPECELATRO ALFONSO,14,6575.0,7,ESTETISTA,0.0,43.0,False,True,False,False,False
3264,VIA,CAPECELATRO ALFONSO,19,6575.0,7,ESTETISTA,0.0,14.0,False,True,False,False,False
3265,VIA,CAPECELATRO ALFONSO,23,6575.0,7,ESTETISTA,0.0,45.0,False,True,False,False,False
3266,VIA,CAPPUCCIO,2,634.0,1,ESTETISTA,0.0,29.0,False,True,False,False,False
3267,VIA,CARDINALE MEZZOFANTI,20,3277.0,4,ESTETISTA,0.0,43.0,False,True,False,False,False
3268,VIA,CARDUCCI GIOSUE',2,602.0,1,ESTETISTA,0.0,72.0,False,True,False,False,False
3269,VIA,CARETTA ANNIBALE,3,2241.0,3,ESTETISTA,0.0,46.0,False,True,False,False,False
3270,VIA,CASTALDI PANFILO,16,2119.0,3,ESTETISTA,0.0,43.0,False,True,False,False,False
3271,VIA,CASTALDI PANFILO,37,2119.0,3,ESTETISTA,0.0,58.0,False,True,False,False,False
3272,VIA,CELIO,2,6623.0,7,ESTETISTA,35.0,6.0,False,True,False,False,False
3273,VIA,CERNUSCHI ENRICO,1,3051.0,1,ESTETISTA,0.0,40.0,False,True,False,False,False
3274,VIA,CERVIGNANO,8,3218.0,4,ESTETISTA,0.0,43.0,False,True,False,False,False
3275,VLE,SUZZANI GIOVANNI,12,1446.0,9,ESTETISTA,0.0,43.0,False,True,False,False,False
3276,VIA,CHIOGGIA,1,2317.0,2,ESTETISTA,0.0,43.0,False,True,False,False,False
3279,VIA,COL MOSCHIN,1,5211.0,5,ESTETISTA,0.0,50.0,False,True,False,False,False
3277,VIA,COLA DI RIENZO,44,6094.0,6,ESTETISTA,0.0,50.0,False,True,False,False,False
3278,VIA,COLAUTTI ARTURO,1,1356.0,2,ESTETISTA,0.0,43.0,False,True,False,False,False
3280,VIA,COLONNA VITTORIA,13,6284.0,7,ESTETISTA,0.0,43.0,False,True,False,False,False
3281,VIA,COMPAGNONI GIUSEPPE,24,3096.0,4,ESTETISTA,0.0,43.0,False,True,False,False,False
3282,VIA,CONCHETTA,19,5239.0,5,ESTETISTA,0.0,43.0,False,True,False,False,False
3283,VIA,COPERNICO NICOLO',61,1204.0,2,ESTETISTA,0.0,43.0,False,True,False,False,False
3284,VIA,CORRENTI CESARE,26,555.0,1,ESTETISTA,0.0,43.0,False,True,False,False,False
3285,VIA,COSTA ANDREA,3,2276.0,2,ESTETISTA,0.0,43.0,False,True,False,False,False
3286,VIA,CREMA,4,4061.0,5,ESTETISTA,0.0,30.0,False,True,False,False,False
3287,VIA,CROCEFISSO,5,587.0,1,ESTETISTA,80.0,1.0,False,True,False,False,False
3288,VIA,CUNEO,3,6281.0,7,ESTETISTA,0.0,43.0,False,True,False,False,False
3289,VIA,DE AMICIS EDMONDO,30,574.0,1,ESTETISTA,0.0,43.0,False,True,False,False,False
3290,VIA,DE AMICIS EDMONDO,61,574.0,1,ESTETISTA,0.0,43.0,False,True,False,False,False
3291,VIA,DEI CINQUECENTO,27,4283.0,4,ESTETISTA,0.0,43.0,False,True,False,False,False
3292,VIA,DEI GRIMANI,11,6097.0,6,ESTETISTA,0.0,35.0,False,True,False,False,False
3297,VIA,DEL PASSERO,3,6801.0,6,ESTETISTA,0.0,43.0,False,True,False,False,False
3294,VIA,DELLE FORZE ARMATE,105,6643.0,7,ESTETISTA,0.0,43.0,False,True,False,False,False
3295,VIA,DELLE FORZE ARMATE,197,6643.0,7,ESTETISTA,0.0,43.0,False,True,False,False,False
3296,VIA,DELLE FORZE ARMATE,395,6643.0,7,ESTETISTA,0.0,35.0,False,True,False,False,False
3298,VIA,DISCIPLINI,12,585.0,1,ESTETISTA,0.0,43.0,False,True,False,False,False
3300,VIA,EGADI,12,6235.0,7,ESTETISTA,0.0,72.0,False,True,False,False,False
3301,VIA,EUSTACHI BARTOLOMEO,21,2165.0,3,ESTETISTA,0.0,43.0,False,True,False,False,False
3308,VIA,F.LLI BEOLCHI,15,6738.0,8,ESTETISTA,0.0,43.0,False,True,False,False,False
3309,VIA,F.LLI BRONZETTI,14,3089.0,4,ESTETISTA,0.0,50.0,False,True,False,False,False
3310,VIA,F.LLI BRONZETTI,8,3089.0,4,ESTETISTA,0.0,67.0,False,True,False,False,False
3311,VIA,CERVA,19,314.0,1,ESTETISTA,0.0,43.0,False,True,False,False,False
3312,VIA,F.LLI RUFFINI,11,6163.0,1,ESTETISTA,0.0,43.0,False,True,False,False,False
3302,VIA,FACCIOLI CESARE,2,6772.0,7,ESTETISTA,0.0,50.0,False,True,False,False,False
3303,VIA,FALCONE,5,520.0,1,ESTETISTA,0.0,40.0,False,True,False,False,False
3304,VIA,FARINI CARLO,35,1114.0,9,ESTETISTA,0.0,43.0,False,True,False,False,False
3306,VIA,FARNETI RODOLFO,3,2169.0,3,ESTETISTA,0.0,43.0,False,True,False,False,False
3307,VIA,FILZI FABIO,27,1190.0,2,ESTETISTA,0.0,43.0,False,True,False,False,False
3313,VIA,FONTANA,18,3058.0,1,ESTETISTA,0.0,43.0,False,True,False,False,False
3315,VIA,FRIULI,50,3199.0,4,ESTETISTA,0.0,43.0,False,True,False,False,False
3316,VIA,GARIAN,18,6119.0,6,ESTETISTA,0.0,50.0,False,True,False,False,False
3317,VIA,GIOIA MELCHIORRE,123,1108.0,2,ESTETISTA,0.0,34.0,False,True,False,False,False
3318,VIA,GIOIA MELCHIORRE,135,1108.0,2,ESTETISTA,0.0,50.0,False,True,False,False,False
3319,VIA,GIOIA MELCHIORRE,43,1108.0,9,ESTETISTA,0.0,66.0,False,True,False,False,False
3320,VIA,GIOIA MELCHIORRE,55B,1108.0,2,ESTETISTA,0.0,50.0,False,True,False,False,False
3321,VIA,GORKI MASSIMO,10,5139.0,6,ESTETISTA,0.0,43.0,False,True,False,False,False
3322,VIA,GOVONE GIUSEPPE,67,7222.0,8,ESTETISTA,0.0,43.0,False,True,False,False,False
3323,VIA,GRAZIANO IMPERATORE,41,1524.0,9,ESTETISTA,0.0,43.0,False,True,False,False,False
3324,VIA,GRIGNA,9,7239.0,8,ESTETISTA,0.0,45.0,False,True,False,False,False
3325,VIA,GRIZIOTTI GIACOMO,4,6347.0,8,ESTETISTA,0.0,70.0,False,True,False,False,False
3326,VIA,IMBONATI CARLO,24,1311.0,9,ESTETISTA,0.0,60.0,False,True,False,False,False
3327,VIA,IMBONATI CARLO,61,1311.0,9,ESTETISTA,0.0,40.0,False,True,False,False,False
3328,VIA,JAN GIORGIO,6,2154.0,3,ESTETISTA,0.0,43.0,False,True,False,False,False
3330,VIA,LAMARMORA ALFONSO,40A,4103.0,1,ESTETISTA,0.0,60.0,False,True,False,False,False
3331,VIA,LANINO BERNARDINO,9,6105.0,6,ESTETISTA,0.0,43.0,False,True,False,False,False
3332,VIA,LARGA,2,318.0,1,ESTETISTA,0.0,43.0,False,True,False,False,False
3333,VIA,LASSALLE FERDINANDO,5,5433.0,5,ESTETISTA,0.0,30.0,False,True,False,False,False
3334,VIA,LAZZARETTO,3,2112.0,2,ESTETISTA,0.0,43.0,False,True,False,False,False
3335,VIA,LEGNANO,6,7082.0,1,ESTETISTA,0.0,45.0,False,True,False,False,False
3336,VIA,LEPONTINA,13,1147.0,9,ESTETISTA,0.0,23.0,False,True,False,False,False
3337,VIA,LITTA POMPEO,2,3029.0,1,ESTETISTA,0.0,53.0,False,True,False,False,False
3338,VIA,LIVIGNO,6A,1296.0,9,ESTETISTA,0.0,36.0,False,True,False,False,False
3339,VIA,LOMAZZO PAOLO,15,7079.0,8,ESTETISTA,0.0,36.0,False,True,False,False,False
3341,VIA,LOVANIO,10,1030.0,1,ESTETISTA,15.0,80.0,False,True,False,False,False
3342,VIA,LUINI BERNARDINO,9,638.0,1,ESTETISTA,0.0,45.0,False,True,False,False,False
3343,VIA,MAC MAHON,1,7221.0,8,ESTETISTA,0.0,43.0,False,True,False,False,False
3344,VIA,MAC MAHON,32,7221.0,8,ESTETISTA,0.0,43.0,False,True,False,False,False
3347,VIA,MAMBRETTI ANTONIO,25,7455.0,8,ESTETISTA,0.0,43.0,False,True,False,False,False
3348,VIA,MAMELI GOFFREDO,46,3088.0,4,ESTETISTA,4.0,18.0,False,True,False,False,False
3349,VIA,MARCELLO BENEDETTO,20,2128.0,3,ESTETISTA,0.0,15.0,False,True,False,False,False
3350,VIA,MARCELLO BENEDETTO,77,2128.0,3,ESTETISTA,0.0,43.0,False,True,False,False,False
3351,VIA,MARCHESI POMPEO,41,6304.0,7,ESTETISTA,0.0,40.0,False,True,False,False,False
3352,VIA,MARIANI POMPEO,4,2490.0,2,ESTETISTA,0.0,26.0,False,True,False,False,False
3353,VIA,MASACCIO,3,6420.0,8,ESTETISTA,0.0,150.0,False,True,False,False,False
3354,VIA,MASCHERONI LORENZO,20,6183.0,1,ESTETISTA,0.0,46.0,False,True,False,False,False
3355,VIA,MASSARENTI GIUSEPPE,18,6564.0,7,ESTETISTA,0.0,79.0,False,True,False,False,False
3356,VIA,MAURI ACHILLE,4,527.0,1,ESTETISTA,1.0,30.0,False,True,False,False,False
3357,VIA,MAURI ANGELO,5,6296.0,7,ESTETISTA,0.0,43.0,False,True,False,False,False
3358,VIA,MAZZINI GIUSEPPE,12,516.0,1,ESTETISTA,0.0,30.0,False,True,False,False,False
3360,VIA,MELORIA,14,6424.0,8,ESTETISTA,0.0,35.0,False,True,False,False,False
3361,VIA,MELZO,23,2184.0,3,ESTETISTA,0.0,43.0,False,True,False,False,False
3362,VIA,DURAZZO,5,2658.0,3,ESTETISTA,0.0,43.0,False,True,False,False,False
3363,VIA,MERCADANTE SAVERIO,9,2232.0,3,ESTETISTA,0.0,43.0,False,True,False,False,False
3364,VIA,MILAZZO,6,1034.0,1,ESTETISTA,0.0,43.0,False,True,False,False,False
3365,VIA,MONTE CENGIO,11,4366.0,4,ESTETISTA,0.0,43.0,False,True,False,False,False
3366,VIA,MONTE NEVOSO,1,2560.0,3,ESTETISTA,0.0,50.0,False,True,False,False,False
3367,VIA,MONTI VINCENZO,41,6155.0,1,ESTETISTA,0.0,56.0,False,True,False,False,False
3369,VIA,MUSSI GIUSEPPE,5,7199.0,8,ESTETISTA,0.0,43.0,False,True,False,False,False
3370,VIA,OLGETTINA,65,2530.0,3,ESTETISTA,0.0,50.0,False,True,False,False,False
3371,VIA,OLTROCCHI BALDASSARE,11,3217.0,4,ESTETISTA,0.0,45.0,False,True,False,False,False
3372,VIA,ORTI,5,4031.0,1,ESTETISTA,0.0,43.0,False,True,False,False,False
3373,VIA,OSOPPO,13,6596.0,7,ESTETISTA,0.0,43.0,False,True,False,False,False
3374,VIA,OZANAM FEDERICO,10,2143.0,3,ESTETISTA,0.0,10.0,False,True,False,False,False
3375,VIA,PADOVA,133,2275.0,2,ESTETISTA,0.0,42.0,False,True,False,False,False
3376,VIA,PADOVA,276,2275.0,2,ESTETISTA,0.0,43.0,False,True,False,False,False
3378,VIA,PALAZZI LAZZARO,8,2171.0,3,ESTETISTA,0.0,43.0,False,True,False,False,False
3379,VIA,PALEOCAPA PIETRO,1,706.0,1,ESTETISTA,0.0,43.0,False,True,False,False,False
3380,VIA,PANIZZI ANTONIO,12,6486.0,6,ESTETISTA,0.0,43.0,False,True,False,False,False
3381,VIA,PAOLO DA CANNOBIO,16,338.0,1,ESTETISTA,0.0,30.0,False,True,False,False,False
3382,VIA,PAPI LAZZARO,8,4071.0,4,ESTETISTA,0.0,60.0,False,True,False,False,False
3383,VIA,PARAVIA PIER ALESSANDRO,2,6571.0,7,ESTETISTA,0.0,43.0,False,True,False,False,False
3384,VIA,PARINI GIUSEPPE,12,1049.0,1,ESTETISTA,0.0,45.0,False,True,False,False,False
3385,VIA,PASCOLI GIOVANNI,3,3132.0,3,ESTETISTA,0.0,43.0,False,True,False,False,False
3386,VIA,PECCHIO GIUSEPPE,1,2240.0,3,ESTETISTA,0.0,43.0,False,True,False,False,False
3387,VIA,PERGOLESI GIOVANNI BATTISTA,3,2231.0,3,ESTETISTA,0.0,25.0,False,True,False,False,False
3388,VIA,PERUGINO,24,3198.0,4,ESTETISTA,0.0,59.0,False,True,False,False,False
3389,VIA,PETRELLA ERRICO,21,2137.0,3,ESTETISTA,0.0,46.0,False,True,False,False,False
3390,VIA,PEZZOTTI GIOVANNI,54,5244.0,5,ESTETISTA,0.0,43.0,False,True,False,False,False
3393,VIA,PIANELL SALVATORE,58,1426.0,9,ESTETISTA,0.0,43.0,False,True,False,False,False
3394,VIA,PISACANE CARLO,26,2188.0,3,ESTETISTA,0.0,49.0,False,True,False,False,False
3395,VIA,PLEZZO,16,2653.0,3,ESTETISTA,0.0,43.0,False,True,False,False,False
3396,VIA,PONTE SEVESO,22,1203.0,2,ESTETISTA,2.0,31.0,False,True,False,False,False
3397,VIA,PONTE SEVESO,30,1203.0,2,ESTETISTA,0.0,43.0,False,True,False,False,False
3398,VIA,PORDENONE,8,2650.0,3,ESTETISTA,0.0,43.0,False,True,False,False,False
3399,VIA,PORPORA NICOLA ANTONIO,146,2229.0,3,ESTETISTA,0.0,22.0,False,True,False,False,False
3400,VIA,PORRO LAMBERTENGHI LUIGI,25,1142.0,9,ESTETISTA,0.0,43.0,False,True,False,False,False
3401,VIA,PREVIATI GAETANO,10,6384.0,7,ESTETISTA,0.0,123.0,False,True,False,False,False
3402,VIA,PRIMATICCIO FRANCESCO,34,6646.0,6,ESTETISTA,0.0,32.0,False,True,False,False,False
3403,VIA,PRINA GIUSEPPE,15,7135.0,8,ESTETISTA,0.0,43.0,False,True,False,False,False
3404,VIA,PRINA GIUSEPPE,4,7135.0,8,ESTETISTA,0.0,43.0,False,True,False,False,False
3405,VIA,PRINCIPE EUGENIO,25,7223.0,8,ESTETISTA,0.0,43.0,False,True,False,False,False
3406,VIA,PROCACCINI GIULIO CESARE,69,7204.0,8,ESTETISTA,0.0,45.0,False,True,False,False,False
3407,VIA,RASORI GIOVANNI,2,6190.0,7,ESTETISTA,0.0,30.0,False,True,False,False,False
3408,VIA,RASORI GIOVANNI,4,6190.0,7,ESTETISTA,0.0,43.0,False,True,False,False,False
3410,VIA,RENZO E LUCIA,3,5412.0,5,ESTETISTA,0.0,50.0,False,True,False,False,False
3413,VIA,ROSMINI ANTONIO,6,7132.0,1,ESTETISTA,0.0,43.0,False,True,False,False,False
3415,VIA,ROSSI PELLEGRINO,43,1510.0,9,ESTETISTA,0.0,25.0,False,True,False,False,False
3414,VIA,ROSSINI GIOACCHINO,5,3040.0,1,ESTETISTA,0.0,50.0,False,True,False,False,False
3416,VIA,RUBENS PIETRO,19,6597.0,7,ESTETISTA,0.0,43.0,False,True,False,False,False
3418,VIA,SAN CALOCERO,2,5100.0,1,ESTETISTA,0.0,43.0,False,True,False,False,False
3419,VIA,SAN GALDINO,11,7215.0,8,ESTETISTA,0.0,43.0,False,True,False,False,False
3425,VIA,SAN TOMASO,8,723.0,1,ESTETISTA,0.0,25.0,False,True,False,False,False
3426,VIA,SAN VINCENZO,20,5098.0,1,ESTETISTA,0.0,43.0,False,True,False,False,False
3422,VIA,SANT' ANDREA,15,222.0,1,ESTETISTA,0.0,140.0,False,True,False,False,False
3421,VIA,SANTA MARIA ALLA PORTA,1,620.0,1,ESTETISTA,0.0,50.0,False,True,False,False,False
3423,VIA,SANTA SOFIA,24,408.0,1,ESTETISTA,0.0,43.0,False,True,False,False,False
3424,VIA,SANTA TECLA,4,321.0,1,ESTETISTA,0.0,43.0,False,True,False,False,False
3427,VIA,SARPI FRA' PAOLO,42,7210.0,8,ESTETISTA,0.0,50.0,False,True,False,False,False
3428,VIA,SARPI FRA' PAOLO,8,7210.0,8,ESTETISTA,0.0,43.0,False,True,False,False,False
3429,VIA,SCHIAPARELLI GIOVANNI,4,1211.0,2,ESTETISTA,0.0,43.0,False,True,False,False,False
3430,VIA,SEBASTIANO DEL PIOMBO,3,6397.0,8,ESTETISTA,0.0,43.0,False,True,False,False,False
3431,VIA,SENATO,15,236.0,1,ESTETISTA,0.0,43.0,False,True,False,False,False
3432,VIA,SENATO,5,236.0,1,ESTETISTA,0.0,50.0,False,True,False,False,False
3435,VIA,SIGIERI GOFFREDO,4,4080.0,4,ESTETISTA,0.0,43.0,False,True,False,False,False
3436,VIA,SILVA GUGLIELMO,43,6400.0,8,ESTETISTA,0.0,55.0,False,True,False,False,False
3438,VIA,SOLFERINO,3,1028.0,1,ESTETISTA,0.0,42.0,False,True,False,False,False
3439,VIA,SOMMACAMPAGNA,9,1225.0,9,ESTETISTA,0.0,65.0,False,True,False,False,False
3440,VIA,STRADIVARI ANTONIO,1,2239.0,3,ESTETISTA,0.0,43.0,False,True,False,False,False
3441,VIA,STRAMBIO GAETANO,22,3168.0,3,ESTETISTA,0.0,66.0,False,True,False,False,False
3442,VIA,TADINO ALESSANDRO,18,2109.0,3,ESTETISTA,0.0,43.0,False,True,False,False,False
3444,VIA,TAGLIAMENTO,19,4147.0,4,ESTETISTA,0.0,43.0,False,True,False,False,False
3445,VIA,TAORMINA,40,1331.0,9,ESTETISTA,0.0,43.0,False,True,False,False,False
3446,VIA,TARTINI GIUSEPPE,2,1501.0,9,ESTETISTA,0.0,25.0,False,True,False,False,False
3447,VIA,TEODOSIO,33,2550.0,3,ESTETISTA,0.0,43.0,False,True,False,False,False
3448,VIA,TEODOSIO,60,2550.0,3,ESTETISTA,0.0,91.0,False,True,False,False,False
3449,VIA,TEODOSIO,80,2550.0,3,ESTETISTA,0.0,33.0,False,True,False,False,False
3450,VIA,TERAMO,31,5365.0,6,ESTETISTA,0.0,54.0,False,True,False,False,False
3451,VIA,TIRABOSCHI GEROLAMO,15,4072.0,4,ESTETISTA,0.0,43.0,False,True,False,False,False
3453,VIA,TITO LIVIO,25,4086.0,4,ESTETISTA,0.0,40.0,False,True,False,False,False
3454,VIA,TIZIANO VECELLIO,19,6380.0,8,ESTETISTA,0.0,60.0,False,True,False,False,False
3455,VIA,TORRIANI NAPO,12,2126.0,2,ESTETISTA,0.0,43.0,False,True,False,False,False
3456,VIA,TOSI FRANCO,14,5296.0,6,ESTETISTA,0.0,43.0,False,True,False,False,False
3457,VIA,TRAIANO MARCO ULPIO,64,7157.0,9,ESTETISTA,0.0,86.0,False,True,False,False,False
3458,VIA,TURATI FILIPPO,26,1053.0,1,ESTETISTA,0.0,45.0,False,True,False,False,False
3459,VIA,TURATI FILIPPO,3,1053.0,1,ESTETISTA,0.0,43.0,False,True,False,False,False
3460,VIA,VALLAZZE,66,2250.0,3,ESTETISTA,0.0,43.0,False,True,False,False,False
3461,VIA,VALLAZZE,78,2250.0,3,ESTETISTA,0.0,43.0,False,True,False,False,False
3462,VIA,VERGATO,2,1555.0,9,ESTETISTA,0.0,43.0,False,True,False,False,False
3463,VIA,VOLTA ALESSANDRO,15,1018.0,1,ESTETISTA,0.0,45.0,False,True,False,False,False
3464,VIA,WASHINGTON GIORGIO,27,6111.0,7,ESTETISTA,0.0,43.0,False,True,False,False,False
3465,VIA,WASHINGTON GIORGIO,5,6111.0,7,ESTETISTA,3.0,38.0,False,True,False,False,False
3467,VLE,ABRUZZI,89,2177.0,3,ESTETISTA,0.0,43.0,False,True,False,False,False
3468,VLE,CERTOSA,121,7174.0,8,ESTETISTA,0.0,43.0,False,True,False,False,False
3469,VLE,CERTOSA,180,7174.0,8,ESTETISTA,2.0,43.0,False,True,False,False,False
3470,VLE,CERTOSA,41,7174.0,8,ESTETISTA,0.0,48.0,False,True,False,False,False
3471,VLE,COL DI LANA,1,5198.0,5,ESTETISTA,0.0,45.0,False,True,False,False,False
3472,VLE,CONI ZUGNA,14,5110.0,7,ESTETISTA,0.0,57.0,False,True,False,False,False
3473,VLE,CONI ZUGNA,6,5110.0,7,ESTETISTA,0.0,90.0,False,True,False,False,False
3474,VLE,CONI ZUGNA,7,5110.0,1,ESTETISTA,0.0,43.0,False,True,False,False,False
3475,VLE,CORSICA,81,3262.0,4,ESTETISTA,0.0,44.0,False,True,False,False,False
3476,VLE,DORIA ANDREA,17,2230.0,3,ESTETISTA,0.0,46.0,False,True,False,False,False
3477,VLE,ISONZO,14,4211.0,5,ESTETISTA,0.0,54.0,False,True,False,False,False
3478,VLE,LOMBARDIA,20,2400.0,3,ESTETISTA,0.0,36.0,False,True,False,False,False
3479,VLE,LUCANIA,6,4173.0,4,ESTETISTA,0.0,45.0,False,True,False,False,False
3480,VLE,MAJNO LUIGI,24,2178.0,1,ESTETISTA,0.0,43.0,False,True,False,False,False
3481,VLE,MONTE CENERI,71,7176.0,8,ESTETISTA,0.0,35.0,False,True,False,False,False
3483,VLE,MONTE NERO,31,3062.0,1,ESTETISTA,0.0,43.0,False,True,False,False,False
3484,VLE,MONTE NERO,8,3062.0,4,ESTETISTA,0.0,29.0,False,True,False,False,False
3482,VLE,MONTELLO,18,7126.0,1,ESTETISTA,0.0,50.0,False,True,False,False,False
3487,VLE,MONZA,185,2274.0,2,ESTETISTA,0.0,43.0,False,True,False,False,False
3489,VLE,MONZA,261,2274.0,2,ESTETISTA,0.0,43.0,False,True,False,False,False
3490,VLE,MONZA,40,2274.0,2,ESTETISTA,0.0,43.0,False,True,False,False,False
3491,VLE,MURILLO S.B.,11,6551.0,7,ESTETISTA,0.0,32.0,False,True,False,False,False
3492,VLE,PASUBIO,12,1112.0,9,ESTETISTA,0.0,45.0,False,True,False,False,False
3493,VLE,PIAVE,7,2179.0,1,ESTETISTA,0.0,43.0,False,True,False,False,False
3494,VLE,REGINA GIOVANNA,6,2157.0,3,ESTETISTA,0.0,46.0,False,True,False,False,False
3495,VLE,SABOTINO,5,4046.0,5,ESTETISTA,0.0,54.0,False,True,False,False,False
3496,VLE,STELVIO,39,1227.0,9,ESTETISTA,0.0,43.0,False,True,False,False,False
3497,VLE,STELVIO,53,1227.0,9,ESTETISTA,0.0,87.0,False,True,False,False,False
3499,VLE,TESTI FULVIO,177,1441.0,9,ESTETISTA,0.0,43.0,False,True,False,False,False
3500,VLE,TESTI FULVIO,90,1441.0,9,ESTETISTA,2.0,50.0,False,True,False,False,False
3501,VLE,TUNISIA,10,2121.0,3,ESTETISTA,0.0,95.0,False,True,False,False,False
3502,VLE,UMBRIA,35,3145.0,4,ESTETISTA,0.0,53.0,False,True,False,False,False
3503,VLE,UMBRIA,52,3145.0,4,ESTETISTA,0.0,42.0,False,True,False,False,False
3505,VIA,GROSOTTO,7,7328.0,8,ACCONCIATORE,0.0,50.0,True,True,False,False,False
3504,VIA,NERVESA,10,4167.0,4,ACCONCIATORE,10.0,25.0,True,True,False,False,False
3507,VIA,GROSSI TOMMASO,1,105.0,1,ESTETISTA,0.0,49.0,False,True,True,False,False
3508,VIA,ANDEGARI,18,120.0,1,ESTETISTA,0.0,77.0,False,True,True,False,False
3509,VIA,MEDA GIUSEPPE,58,5242.0,5,ESTETISTA,0.0,49.0,False,True,True,False,False
3510,VIA,NICCODEMI DARIO,4,7380.0,8,ESTETISTA,1.0,49.0,False,True,True,False,False
3511,VIA,PORPORA NICOLA ANTONIO,9,2229.0,3,ESTETISTA,0.0,88.0,False,True,True,False,False
3515,VIA,PERUGINO,24,3198.0,4,ACCONCIATORE,0.0,50.0,True,True,False,False,False
3516,CSO,BUENOS AIRES,22,2129.0,3,ESTETISTA,0.0,46.0,False,True,True,False,False
3517,CSO,BUENOS AIRES,36,2129.0,3,ESTETISTA,0.0,267.0,False,True,True,False,False
3518,CSO,BUENOS AIRES,61,2129.0,3,ESTETISTA,0.0,49.0,False,True,True,False,False
3519,CSO,BUENOS AIRES,75,2129.0,3,ESTETISTA,0.0,49.0,False,True,True,False,False
3521,CSO,COMO,2,1111.0,9,ESTETISTA,0.0,49.0,False,True,True,False,False
3522,CSO,DI PORTA ROMANA,40,402.0,1,ESTETISTA,0.0,77.0,False,True,True,False,False
3523,CSO,DI PORTA ROMANA,46,402.0,1,ESTETISTA,0.0,45.0,False,True,True,False,False
3524,CSO,DI PORTA ROMANA,85,402.0,1,ESTETISTA,0.0,49.0,False,True,True,False,False
3525,CSO,DI PORTA ROMANA,97,402.0,1,ESTETISTA,0.0,49.0,False,True,True,False,False
3526,CSO,DI PORTA VITTORIA,42,3016.0,1,ESTETISTA,0.0,60.0,False,True,True,False,False
3527,CSO,DI PORTA VITTORIA,8,3016.0,1,ESTETISTA,0.0,32.0,False,True,True,False,False
3528,CSO,GARIBALDI GIUSEPPE,104,1010.0,1,ESTETISTA,0.0,49.0,False,True,True,False,False
3529,VIA,CANONICA LUIGI,13,7121.0,1,ESTETISTA,0.0,230.0,False,True,True,False,False
3530,CSO,GENOVA,25,5164.0,1,ESTETISTA,0.0,49.0,False,True,True,False,False
3531,CSO,ITALIA,46,526.0,1,ESTETISTA,0.0,45.0,False,True,True,False,False
3532,CSO,LODI,59,4068.0,4,ESTETISTA,0.0,82.0,False,True,True,False,False
3533,CSO,LODI,72,4068.0,4,ESTETISTA,0.0,37.0,False,True,True,False,False
3535,CSO,MATTEOTTI GIACOMO,4,218.0,1,ESTETISTA,0.0,80.0,False,True,True,False,False
3536,CSO,PLEBISCITI,1,3120.0,3,ESTETISTA,0.0,49.0,False,True,True,False,False
3537,CSO,SAN GOTTARDO,14,5203.0,5,ESTETISTA,0.0,49.0,False,True,True,False,False
3539,CSO,SEMPIONE,10,7137.0,1,ESTETISTA,15.0,95.0,False,True,True,False,False
3538,CSO,SEMPIONE,102,7137.0,8,ESTETISTA,0.0,45.0,False,True,True,False,False
3540,CSO,SEMPIONE,75,7137.0,8,ESTETISTA,0.0,49.0,False,True,True,False,False
3541,CSO,VENEZIA,15,238.0,1,ESTETISTA,0.0,49.0,False,True,True,False,False
3542,CSO,VENTIDUE MARZO,5,3074.0,4,ESTETISTA,0.0,49.0,False,True,True,False,False
3544,GLL,BUENOS AIRES,7,2146.0,3,ESTETISTA,0.0,67.0,False,True,True,False,False
3545,GLL,UNIONE,1,510.0,1,ESTETISTA,0.0,70.0,False,True,True,False,False
3546,GLL,UNIONE,4,510.0,1,ESTETISTA,0.0,49.0,False,True,True,False,False
3547,GLL,UNIONE,5,510.0,1,ESTETISTA,0.0,40.0,False,True,True,False,False
3548,LGO,GIAMBELLINO,120,5395.0,6,ESTETISTA,0.0,52.0,False,True,True,False,False
3549,LGO,RICHINI FRANCESCO,4,331.0,1,ESTETISTA,0.0,49.0,False,True,True,False,False
3550,LGO,VULCI,7,1339.0,9,ESTETISTA,0.0,49.0,False,True,True,False,False
3551,PLE,GIOVANNI DALLE BANDE NERE,6,6614.0,7,ESTETISTA,0.0,40.0,False,True,True,False,False
3552,PLE,GIULIO CESARE,6,6361.0,8,ESTETISTA,0.0,49.0,False,True,True,False,False
3553,PLE,GORINI PAOLO,10,3170.0,3,ESTETISTA,27.0,43.0,False,True,True,False,False
3554,PLE,LAGOSTA,1,1155.0,9,ESTETISTA,0.0,49.0,False,True,True,False,False
3555,PLE,LUGANO,4,1238.0,9,ESTETISTA,0.0,49.0,False,True,True,False,False
3556,PZA,ASPARI DOMENICO,2,3173.0,3,ESTETISTA,0.0,49.0,False,True,True,False,False
3558,PZA,DE ANGELI ERNESTO,1,6276.0,7,ESTETISTA,0.0,49.0,False,True,True,False,False
3559,PZA,DE ANGELI ERNESTO,3,6276.0,7,ESTETISTA,0.0,49.0,False,True,True,False,False
3560,PZA,DEL ROSARIO,1,5088.0,6,ESTETISTA,0.0,49.0,False,True,True,False,False
3561,PZA,GRECO,10,1417.0,2,ESTETISTA,0.0,49.0,False,True,True,False,False
3562,PZA,MORBEGNO,3,2289.0,2,ESTETISTA,0.0,49.0,False,True,True,False,False
3563,PZA,NAPOLI,7,5131.0,6,ESTETISTA,0.0,49.0,False,True,True,False,False
3564,PZA,PIO XI,1,572.0,1,ESTETISTA,0.0,49.0,False,True,True,False,False
3565,PZA,STUPARICH CARLO,18,6468.0,8,ESTETISTA,0.0,79.0,False,True,True,False,False
3566,PZA,VELASCA,6,335.0,1,ESTETISTA,0.0,49.0,False,True,True,False,False
3567,VIA,ACCADEMIA,23,2429.0,3,ESTETISTA,0.0,40.0,False,True,True,False,False
3568,VIA,AGNELLO CON INGR. IN VIA SAN PAOLO,7,1018.0,1,ESTETISTA,0.0,49.0,False,True,True,False,False
3569,VIA,ANFOSSI AUGUSTO,44,3071.0,4,ESTETISTA,0.0,49.0,False,True,True,False,False
3570,VIA,APPENNINI,11A,7514.0,8,ESTETISTA,0.0,25.0,False,True,True,False,False
3571,VIA,APPIANI ANDREA,12,1050.0,1,ESTETISTA,0.0,49.0,False,True,True,False,False
3572,VIA,ARGANINI GEROLAMO,23,1710.0,9,ESTETISTA,0.0,49.0,False,True,True,False,False
3573,VIA,ARIOSTO LODOVICO,34,6184.0,1,ESTETISTA,0.0,49.0,False,True,True,False,False
3574,VIA,ASTESANI ALESSANDRO,40,1558.0,9,ESTETISTA,0.0,45.0,False,True,True,False,False
3575,VIA,AUSONIO,26,5093.0,1,ESTETISTA,0.0,49.0,False,True,True,False,False
3576,VIA,AUSONIO,4,5093.0,1,ESTETISTA,0.0,49.0,False,True,True,False,False
3577,VIA,BEATO ANGELICO,29,3204.0,3,ESTETISTA,0.0,58.0,False,True,True,False,False
3578,VIA,BELLOTTI FELICE,4,3070.0,3,ESTETISTA,0.0,49.0,False,True,True,False,False
3579,VIA,BENACO,32,4143.0,5,ESTETISTA,0.0,109.0,False,True,True,False,False
3580,VIA,BERTINI GIOVANNI BATTISTA,18,7207.0,8,ESTETISTA,0.0,101.0,False,True,True,False,False
3581,VIA,BIUMI PAOLO GEROLAMO,16,2465.0,2,ESTETISTA,0.0,49.0,False,True,True,False,False
3582,VIA,BOERI GIOVANNI BATTISTA,11,5083.0,5,ESTETISTA,0.0,49.0,False,True,True,False,False
3583,VIA,BONI GIACOMO,10,6098.0,7,ESTETISTA,0.0,49.0,False,True,True,False,False
3585,VIA,BORGONUOVO,9,139.0,1,ESTETISTA,0.0,49.0,False,True,True,False,False
3586,VIA,BONNET NINO,NOT-AVAILABLE,1109.0,9,ESTETISTA,0.0,58.0,False,True,True,False,False
3587,VIA,BRUNELLESCHI FILIPPO,1,5384.0,6,ESTETISTA,0.0,49.0,False,True,True,False,False
3588,VIA,BUONARROTI MICHELANGELO,4,6253.0,7,ESTETISTA,0.0,74.0,False,True,True,False,False
3589,VIA,CABELLA BARTOLOMEO,56,6778.0,7,ESTETISTA,0.0,49.0,False,True,True,False,False
3590,VIA,CADORE,6,3077.0,4,ESTETISTA,0.0,114.0,False,True,True,False,False
3591,VIA,CAGLIERO GIOVANNI,14,1407.0,2,ESTETISTA,0.0,20.0,False,True,True,False,False
3592,VIA,CAMINADELLA,17,551.0,1,ESTETISTA,0.0,65.0,False,True,True,False,False
3593,VIA,CAMPERIO MANFREDO,16,610.0,1,ESTETISTA,0.0,49.0,False,True,True,False,False
3594,VIA,CAPECELATRO ALFONSO,20,6575.0,7,ESTETISTA,0.0,49.0,False,True,True,False,False
3595,VIA,CAPPONI PIER LUIGI,5,6249.0,7,ESTETISTA,0.0,49.0,False,True,True,False,False
3596,VIA,CARABELLI RODOLFO,15,4096.0,4,ESTETISTA,0.0,49.0,False,True,True,False,False
3597,VIA,CARDUCCI GIOSUE',9,602.0,1,ESTETISTA,0.0,40.0,False,True,True,False,False
3598,VIA,CARROCCIO,6,5094.0,1,ESTETISTA,0.0,49.0,False,True,True,False,False
3599,VIA,CASATI FELICE,2,2122.0,3,ESTETISTA,0.0,50.0,False,True,True,False,False
3600,VIA,CASATI FELICE,35,2122.0,2,ESTETISTA,0.0,49.0,False,True,True,False,False
3601,VIA,CASCINA BELLARIA,19,6744.0,7,ESTETISTA,0.0,49.0,False,True,True,False,False
3602,VIA,CASCINA BIANCA,16,5454.0,6,ESTETISTA,0.0,49.0,False,True,True,False,False
3603,VIA,CASORETTO,8,2420.0,3,ESTETISTA,0.0,49.0,False,True,True,False,False
3604,VIA,CASSINIS GIOVANNI BATTISTA,23,4309.0,4,ESTETISTA,0.0,49.0,False,True,True,False,False
3605,VIA,CASTELVETRO LODOVICO,13,7195.0,8,ESTETISTA,0.0,46.0,False,True,True,False,False
3606,VIA,CAVEZZALI FRANCESCO,11,2335.0,2,ESTETISTA,0.0,49.0,False,True,True,False,False
3607,VIA,CENISIO,10,7184.0,8,ESTETISTA,0.0,49.0,False,True,True,False,False
3609,VIA,CENISIO,87,7184.0,8,ESTETISTA,0.0,49.0,False,True,True,False,False
3610,VIA,CESARE DA SESTO,23,5101.0,1,ESTETISTA,0.0,54.0,False,True,True,False,False
3611,VIA,CIRCO,1,557.0,1,ESTETISTA,0.0,49.0,False,True,True,False,False
3612,VIA,COLA DI RIENZO,53,6094.0,6,ESTETISTA,0.0,49.0,False,True,True,False,False
3613,VIA,COLONNA MARCO ANTONIO,10,7158.0,8,ESTETISTA,0.0,49.0,False,True,True,False,False
3614,VIA,CREMA,25,4061.0,5,ESTETISTA,0.0,49.0,False,True,True,False,False
3615,VIA,CROCEFISSO,6,587.0,1,ESTETISTA,0.0,49.0,False,True,True,False,False
3616,VIA,CUCCHIARI DOMENICO,4,7224.0,8,ESTETISTA,0.0,67.0,False,True,True,False,False
3617,VIA,D'ADDA CARLO,2,5272.0,6,ESTETISTA,0.0,49.0,False,True,True,False,False
3618,VIA,DAL RE MARCANTONIO,6,7381.0,8,ESTETISTA,0.0,46.0,False,True,True,False,False
3619,VIA,DE CRISTOFORIS CARLO,5,1120.0,9,ESTETISTA,0.0,40.0,False,True,True,False,False
3620,VIA,DEI BENEDETTINI,14,6813.0,6,ESTETISTA,0.0,25.0,False,True,True,False,False
3621,VIA,DEI FIORDALISI,4,6710.0,6,ESTETISTA,0.0,49.0,False,True,True,False,False
3630,VIA,DEL VECCHIO POLITECNICO,4,2101.0,1,ESTETISTA,0.0,54.0,False,True,True,False,False
3629,VIA,DELL' UNIONE,1,521.0,1,ESTETISTA,0.0,49.0,False,True,True,False,False
3622,VIA,DELLA COMMENDA,33,3146.0,1,ESTETISTA,0.0,49.0,False,True,True,False,False
3623,VIA,DELLA MOSCOVA,24,1016.0,1,ESTETISTA,0.0,45.0,False,True,True,False,False
3624,VIA,DELLE ANDE,5,7496.0,8,ESTETISTA,0.0,49.0,False,True,True,False,False
3625,VIA,DELLE FORZE ARMATE,260,6643.0,7,ESTETISTA,0.0,40.0,False,True,True,False,False
3626,VIA,DELLE FORZE ARMATE,41,6643.0,7,ESTETISTA,0.0,49.0,False,True,True,False,False
3627,VIA,DELLE FORZE ARMATE,73,6643.0,7,ESTETISTA,0.0,49.0,False,True,True,False,False
3631,VIA,DOMENICHINO,2,6383.0,7,ESTETISTA,0.0,49.0,False,True,True,False,False
3632,VIA,DON BOSCO,27,4144.0,4,ESTETISTA,0.0,49.0,False,True,True,False,False
3633,VIA,EDOLO,42,1217.0,2,ESTETISTA,0.0,42.0,False,True,True,False,False
3634,VIA,EMANUELE FILIBERTO,13,7168.0,8,ESTETISTA,0.0,49.0,False,True,True,False,False
3642,VIA,F.LLI FRASCHINI,2,4355.0,5,ESTETISTA,0.0,49.0,False,True,True,False,False
3635,VIA,FARA GUSTAVO,30,1183.0,2,ESTETISTA,0.0,23.0,False,True,True,False,False
3636,VIA,FARINI CARLO,6,1114.0,9,ESTETISTA,0.0,49.0,False,True,True,False,False
3637,VIA,FARUFFINI FEDERICO,11,6286.0,7,ESTETISTA,0.0,30.0,False,True,True,False,False
3638,VIA,FARUFFINI FEDERICO,15,6286.0,7,ESTETISTA,0.0,56.0,False,True,True,False,False
3639,VIA,FAUCHE' GIOVANNI BATTISTA,1,7192.0,8,ESTETISTA,0.0,77.0,False,True,True,False,False
3640,VIA,FERRUCCI FRANCESCO,11,7150.0,8,ESTETISTA,0.0,49.0,False,True,True,False,False
3641,VIA,FILZI FABIO,14,1190.0,2,ESTETISTA,0.0,63.0,False,True,True,False,False
3643,VIA,FONSECA PIMENTEL ELEONORA,18,2325.0,2,ESTETISTA,0.0,49.0,False,True,True,False,False
3644,VIA,FOPPA VINCENZO,25,6109.0,6,ESTETISTA,0.0,39.0,False,True,True,False,False
3645,VIA,FRAPOLLI LUIGI,31,3288.0,4,ESTETISTA,0.0,75.0,False,True,True,False,False
3646,VIA,FRESCOBALDI GEROLAMO,23,2254.0,3,ESTETISTA,0.0,62.0,False,True,True,False,False
3647,VIA,GALLARATE,80,7420.0,8,ESTETISTA,0.0,49.0,False,True,True,False,False
3648,VIA,GALLINA GIACINTO,1,3105.0,3,ESTETISTA,0.0,40.0,False,True,True,False,False
3649,VIA,GARIAN,22,6119.0,6,ESTETISTA,0.0,49.0,False,True,True,False,False
3651,VIA,GHERARDINI GIOVANNI,2,7140.0,1,ESTETISTA,0.0,49.0,False,True,True,False,False
3652,VIA,GIAMBELLINO,5,5136.0,6,ESTETISTA,0.0,66.0,False,True,True,False,False
3653,VIA,GIAMBELLINO,64,5136.0,6,ESTETISTA,0.0,42.0,False,True,True,False,False
3654,VIA,GIOIA MELCHIORRE,71,1108.0,2,ESTETISTA,0.0,49.0,False,True,True,False,False
3656,VIA,GONZAGA MAURIZIO,2,344.0,1,ESTETISTA,0.0,49.0,False,True,True,False,False
3657,VIA,GRAZIOLI DON BARTOLOMEO,10,1473.0,9,ESTETISTA,0.0,49.0,False,True,True,False,False
3658,VIA,GRIGNA,12,7239.0,8,ESTETISTA,0.0,45.0,False,True,True,False,False
3659,VIA,GROSOTTO,5,7328.0,8,ESTETISTA,0.0,49.0,False,True,True,False,False
3660,VIA,GROSSICH ANTONIO,2,2576.0,3,ESTETISTA,0.0,30.0,False,True,True,False,False
3661,VIA,HUGO VICTOR,2,548.0,1,ESTETISTA,56.0,49.0,False,True,True,False,False
3662,VIA,IMBONATI CARLO,35,1311.0,9,ESTETISTA,0.0,154.0,False,True,True,False,False
3663,VIA,KORISTKA FRANCESCO,2,7241.0,8,ESTETISTA,0.0,49.0,False,True,True,False,False
3664,VIA,LOMBARDINI ELIA,4,5146.0,6,ESTETISTA,0.0,49.0,False,True,True,False,False
3665,VIA,LORENTEGGIO,143,5132.0,6,ESTETISTA,0.0,49.0,False,True,True,False,False
3666,VIA,LOSANNA,5,7190.0,8,ESTETISTA,0.0,49.0,False,True,True,False,False
3667,VIA,MADERNA BRUNO,2,3382.0,4,ESTETISTA,0.0,55.0,False,True,True,False,False
3668,VIA,MAFFEI ANDREA,20,3191.0,4,ESTETISTA,0.0,69.0,False,True,True,False,False
3669,VIA,MANUZIO ALDO,6,2114.0,2,ESTETISTA,0.0,28.0,False,True,True,False,False
3670,VIA,MARCIANO,7,3294.0,4,ESTETISTA,0.0,49.0,False,True,True,False,False
3671,VIA,MARGHERA,18,6280.0,7,ESTETISTA,0.0,49.0,False,True,True,False,False
3672,VIA,MASACCIO,19,6420.0,8,ESTETISTA,0.0,52.0,False,True,True,False,False
3673,VIA,PIOMBINO,1,7462.0,8,ESTETISTA,0.0,49.0,False,True,True,False,False
3674,VIA,MAURI ANGELO,3,6296.0,7,ESTETISTA,0.0,49.0,False,True,True,False,False
3675,VIA,MAZZINI GIUSEPPE,15,516.0,1,ESTETISTA,0.0,49.0,False,True,True,False,False
3676,VIA,BERGAMO,12A,3189.0,4,ESTETISTA,0.0,26.0,False,True,True,False,False
3677,VIA,MEDA GIUSEPPE,52,5242.0,5,ESTETISTA,0.0,80.0,False,True,True,False,False
3679,VIA,MELZO,22,2184.0,3,ESTETISTA,0.0,49.0,False,True,True,False,False
3681,VIA,MERAVIGLI,7,614.0,1,ESTETISTA,0.0,45.0,False,True,True,False,False
3682,VIA,MERCALLI GIUSEPPE,7,4011.0,1,ESTETISTA,33.0,44.0,False,True,True,False,False
3683,VIA,MESTRE,7,2647.0,3,ESTETISTA,0.0,50.0,False,True,True,False,False
3684,VIA,MICHETTI FRANCESCO PAOLO,1,1263.0,9,ESTETISTA,0.0,49.0,False,True,True,False,False
3685,VIA,MILLELIRE DOMENICO,15,6620.0,7,ESTETISTA,23.0,49.0,False,True,True,False,False
3686,VIA,MINCIO,10,4157.0,4,ESTETISTA,0.0,65.0,False,True,True,False,False
3687,VIA,MONTE NAPOLEONE,10,219.0,1,ESTETISTA,0.0,49.0,False,True,True,False,False
3688,VIA,MONTE NAPOLEONE,25,219.0,1,ESTETISTA,0.0,49.0,False,True,True,False,False
3690,VIA,MONTE ROSA,62,6388.0,8,ESTETISTA,0.0,49.0,False,True,True,False,False
3691,VIA,MONTE SAN GABRIELE,11,2481.0,2,ESTETISTA,0.0,49.0,False,True,True,False,False
3689,VIA,MONTEPULCIANO,8,2257.0,3,ESTETISTA,0.0,49.0,False,True,True,False,False
3692,VIA,MURAT GIOACCHINO,38,1316.0,9,ESTETISTA,0.0,49.0,False,True,True,False,False
3693,VIA,MURATORI LODOVICO,52,4076.0,4,ESTETISTA,0.0,40.0,False,True,True,False,False
3694,VIA,NOVARA,123,6624.0,7,ESTETISTA,0.0,49.0,False,True,True,False,False
3695,VIA,OLMETTO,5,553.0,1,ESTETISTA,0.0,49.0,False,True,True,False,False
3696,VIA,ORIANI ALFREDO,2,4025.0,1,ESTETISTA,0.0,49.0,False,True,True,False,False
3697,VIA,PADOVA,217,2275.0,2,ESTETISTA,0.0,76.0,False,True,True,False,False
3698,VIA,PAGANO MARIO,4,6186.0,1,ESTETISTA,0.0,49.0,False,True,True,False,False
3700,VIA,PALIZZI FILIPPO,NOT-AVAILABLE,7451.0,8,ESTETISTA,0.0,55.0,False,True,True,False,False
3701,VIA,PAMPURI FRA' RICCARDO,7,4322.0,5,ESTETISTA,0.0,26.0,False,True,True,False,False
3702,VIA,PARETO VILFREDO,13,7440.0,8,ESTETISTA,0.0,41.0,False,True,True,False,False
3703,VIA,PARINI GIUSEPPE,9,1049.0,1,ESTETISTA,0.0,30.0,False,True,True,False,False
3704,VIA,PASSARELLA,4,298.0,1,ESTETISTA,0.0,49.0,False,True,True,False,False
3705,VIA,PATTARI,6,304.0,1,ESTETISTA,0.0,43.0,False,True,True,False,False
3706,VIA,PAULLO,7,3177.0,4,ESTETISTA,0.0,49.0,False,True,True,False,False
3707,VIA,PAVONI LODOVICO,1,1401.0,9,ESTETISTA,0.0,49.0,False,True,True,False,False
3708,VIA,PELIZZA DA VOLPEDO,26,6391.0,7,ESTETISTA,0.0,49.0,False,True,True,False,False
3709,VIA,PESTALOZZI GIOVANNI ENRICO,2,5294.0,6,ESTETISTA,0.0,34.0,False,True,True,False,False
3710,VIA,PEZZOTTI GIOVANNI,19,5244.0,5,ESTETISTA,0.0,49.0,False,True,True,False,False
3711,VIA,PIACENZA,1,4064.0,5,ESTETISTA,0.0,52.0,False,True,True,False,False
3712,VIA,PIERLUIGI GIOVANNI DA PALESTRINA,14,2235.0,3,ESTETISTA,0.0,60.0,False,True,True,False,False
3713,VIA,GROSSICH ANTONIO,17,2576.0,3,ESTETISTA,0.0,37.0,False,True,True,False,False
3714,VIA,PINAMONTE DA VIMERCATE,5,1017.0,1,ESTETISTA,0.0,49.0,False,True,True,False,False
3715,VIA,PINDARO,23,2401.0,2,ESTETISTA,0.0,122.0,False,True,True,False,False
3716,VIA,PINTURICCHIO,5,2195.0,3,ESTETISTA,0.0,49.0,False,True,True,False,False
3718,VIA,PIRANDELLO LUIGI,NOT-AVAILABLE,6242.0,7,ESTETISTA,0.0,100.0,False,True,True,False,False
3719,VIA,PIRANESI GIOVANNI BATTISTA,35,3263.0,4,ESTETISTA,0.0,49.0,False,True,True,False,False
3721,VIA,PISTRUCCI SCIPIONE,5,3215.0,4,ESTETISTA,0.0,49.0,False,True,True,False,False
3722,VIA,PRINCIPE EUGENIO,30,7223.0,8,ESTETISTA,0.0,49.0,False,True,True,False,False
3723,VIA,PROCACCINI GIULIO CESARE,27,7204.0,8,ESTETISTA,0.0,49.0,False,True,True,False,False
3724,VIA,PROCACCINI GIULIO CESARE,36,7204.0,8,ESTETISTA,0.0,35.0,False,True,True,False,False
3725,VIA,PURICELLI GIAN PIETRO,2,6636.0,7,ESTETISTA,0.0,49.0,False,True,True,False,False
3726,VIA,QUARENGHI GIACOMO,23,7478.0,8,ESTETISTA,0.0,90.0,False,True,True,False,False
3727,VIA,RAVIZZA CARLO,4,6285.0,7,ESTETISTA,0.0,49.0,False,True,True,False,False
3728,VIA,REGGIO,5,4033.0,1,ESTETISTA,0.0,49.0,False,True,True,False,False
3729,VIA,REINA FRANCESCO,11,3255.0,4,ESTETISTA,0.0,49.0,False,True,True,False,False
3730,VIA,REMBRANDT,69,6618.0,7,ESTETISTA,0.0,31.0,False,True,True,False,False
3731,VIA,RENZO E LUCIA,1,5412.0,5,ESTETISTA,0.0,35.0,False,True,True,False,False
3732,VIA,RESSI ADEODATO,23,1397.0,2,ESTETISTA,0.0,49.0,False,True,True,False,False
3733,VIA,REZIA,1,3200.0,4,ESTETISTA,0.0,130.0,False,True,True,False,False
3734,VIA,RIPAMONTI GIUSEPPE,1,4066.0,5,ESTETISTA,0.0,49.0,False,True,True,False,False
3735,VIA,RIPAMONTI GIUSEPPE,214,4066.0,5,ESTETISTA,0.0,50.0,False,True,True,False,False
3736,VIA,RIPAMONTI GIUSEPPE,22,4066.0,5,ESTETISTA,0.0,49.0,False,True,True,False,False
3737,VIA,RIPAMONTI GIUSEPPE,7,4066.0,5,ESTETISTA,0.0,49.0,False,True,True,False,False
3738,VIA,ROMANO GIULIO,17,4057.0,5,ESTETISTA,0.0,56.0,False,True,True,False,False
3739,VIA,ROMEO NICOLA,3,5479.0,5,ESTETISTA,0.0,49.0,False,True,True,False,False
3740,VIA,RUSSOLI FRANCO,4,5460.0,6,ESTETISTA,0.0,49.0,False,True,True,False,False
3741,VIA,SALA DEI LONGOBARDI,2,217.0,1,ESTETISTA,0.0,49.0,False,True,True,False,False
3742,VIA,SAMBUCO,7,5189.0,1,ESTETISTA,0.0,49.0,False,True,True,False,False
3745,VIA,SAN GREGORIO,11,2123.0,3,ESTETISTA,0.0,49.0,False,True,True,False,False
3746,VIA,SAN MAMETE,15,2413.0,2,ESTETISTA,0.0,49.0,False,True,True,False,False
3747,VIA,SAN MARTINO,14,4016.0,1,ESTETISTA,0.0,49.0,False,True,True,False,False
3748,VIA,SAN PAOLO,13,212.0,1,ESTETISTA,0.0,49.0,False,True,True,False,False
3749,VIA,SAN SIRO,20,6282.0,7,ESTETISTA,0.0,49.0,False,True,True,False,False
3752,VIA,SAN VITO,26,539.0,1,ESTETISTA,0.0,49.0,False,True,True,False,False
3743,VIA,SAND GEORGE,1,1554.0,9,ESTETISTA,0.0,49.0,False,True,True,False,False
3744,VIA,SANGALLO,10,3208.0,3,ESTETISTA,0.0,49.0,False,True,True,False,False
3750,VIA,SANTA MARIA VALLE,1,535.0,1,ESTETISTA,0.0,49.0,False,True,True,False,False
3751,VIA,SANTA RITA DA CASCIA,3B,5301.0,6,ESTETISTA,0.0,77.0,False,True,True,False,False
3754,VIA,SANZIO RAFFAELLO,39,6283.0,7,ESTETISTA,0.0,16.0,False,True,True,False,False
3755,VIA,SARPI FRA' PAOLO,35,7210.0,1,ESTETISTA,0.0,64.0,False,True,True,False,False
3756,VIA,SARPI FRA' PAOLO,5,7210.0,1,ESTETISTA,0.0,49.0,False,True,True,False,False
3757,VIA,SAVOLDO GIAN GIROLAMO,3,1691.0,9,ESTETISTA,0.0,49.0,False,True,True,False,False
3758,VIA,SAVONA,20,5122.0,6,ESTETISTA,0.0,49.0,False,True,True,False,False
3759,VIA,SAVONA,59,5122.0,6,ESTETISTA,0.0,22.0,False,True,True,False,False
3760,VIA,SAVONA,80,5122.0,6,ESTETISTA,0.0,50.0,False,True,True,False,False
3761,VIA,SCARLATTI DOMENICO,27,2136.0,2,ESTETISTA,0.0,49.0,False,True,True,False,False
3762,VIA,SCHIAPARELLI GIOVANNI,1,1211.0,2,ESTETISTA,0.0,49.0,False,True,True,False,False
3763,VIA,SCIESA AMATORE,7,3072.0,4,ESTETISTA,0.0,45.0,False,True,True,False,False
3764,VIA,MINCIO,3,4157.0,4,ESTETISTA,0.0,49.0,False,True,True,False,False
3765,VIA,SIGIERI GOFFREDO,1,4080.0,4,ESTETISTA,0.0,49.0,False,True,True,False,False
3766,VIA,SIRTORI GIUSEPPE,13,2180.0,3,ESTETISTA,0.0,49.0,False,True,True,False,False
3768,VIA,STAMPA,1,538.0,1,ESTETISTA,0.0,69.0,False,True,True,False,False
3769,VIA,STOPPANI ANTONIO,33,2163.0,3,ESTETISTA,0.0,56.0,False,True,True,False,False
3770,VIA,TADINO ALESSANDRO,3,2109.0,3,ESTETISTA,0.0,44.0,False,True,True,False,False
3771,VIA,TERTULLIANO,34,4094.0,4,ESTETISTA,0.0,53.0,False,True,True,False,False
3772,VIA,TEULIE' PIETRO,5,4040.0,5,ESTETISTA,0.0,49.0,False,True,True,False,False
3773,VIA,TOLSTOI LEONE,70,5133.0,6,ESTETISTA,0.0,49.0,False,True,True,False,False
3774,VIA,TONOLI RITA,1,6136.0,8,ESTETISTA,0.0,49.0,False,True,True,False,False
3775,VIA,TORINO,64,543.0,1,ESTETISTA,0.0,60.0,False,True,True,False,False
3776,VIA,TRINCEA DELLE FRASCHE,1,5173.0,5,ESTETISTA,0.0,49.0,False,True,True,False,False
3777,VIA,VAL DI BONDO,2,1648.0,9,ESTETISTA,0.0,49.0,False,True,True,False,False
3778,VIA,VAL DI LEDRO,11,1532.0,9,ESTETISTA,0.0,49.0,False,True,True,False,False
3780,VIA,VAL MESOLCINA,2,4194.0,4,ESTETISTA,0.0,114.0,False,True,True,False,False
3779,VIA,VALLA LORENZO,14,5336.0,5,ESTETISTA,0.0,49.0,False,True,True,False,False
3781,VIA,VANNUCCI ATTO,8,4056.0,5,ESTETISTA,15.0,18.0,False,True,True,False,False
3782,VIA,VARESINA,92,7290.0,8,ESTETISTA,0.0,26.0,False,True,True,False,False
3783,VIA,VIGNOLI TITO,53,5134.0,6,ESTETISTA,0.0,49.0,False,True,True,False,False
3784,VIA,VIPACCO,4,2444.0,2,ESTETISTA,0.0,49.0,False,True,True,False,False
3785,VIA,VITTORINI ELIO,22,3379.0,4,ESTETISTA,0.0,49.0,False,True,True,False,False
3786,VIA,VOLTA ALESSANDRO,8,1018.0,1,ESTETISTA,0.0,46.0,False,True,True,False,False
3787,VIA,VOLVINIO,6,5333.0,5,ESTETISTA,0.0,71.0,False,True,True,False,False
3788,VIA,WASHINGTON GIORGIO,49,6111.0,7,ESTETISTA,0.0,49.0,False,True,True,False,False
3789,VIA,WASHINGTON GIORGIO,72,6111.0,7,ESTETISTA,0.0,49.0,False,True,True,False,False
3790,VIA,WATT GIACOMO,1,5292.0,6,ESTETISTA,0.0,49.0,False,True,True,False,False
3791,VIA,ZAMENHOF LUDOVICO LAZZARO,19,5226.0,5,ESTETISTA,0.0,99.0,False,True,True,False,False
3792,VIA,ZAMENHOF LUDOVICO LAZZARO,2,5226.0,5,ESTETISTA,0.0,50.0,False,True,True,False,False
3793,VIA,ZUCCOLI LUCIANO,26,1254.0,2,ESTETISTA,0.0,62.0,False,True,True,False,False
3794,VLE,ABRUZZI,16,2177.0,3,ESTETISTA,0.0,49.0,False,True,True,False,False
3795,VLE,ABRUZZI,44,2177.0,3,ESTETISTA,0.0,49.0,False,True,True,False,False
3796,VLE,ABRUZZI,78,2177.0,3,ESTETISTA,0.0,40.0,False,True,True,False,False
3797,VLE,BEATRICE D'ESTE,7,4048.0,1,ESTETISTA,0.0,40.0,False,True,True,False,False
3798,VLE,BODIO LUIGI,37,1237.0,9,ESTETISTA,0.0,49.0,False,True,True,False,False
3799,VLE,CA' GRANDA,2,1443.0,9,ESTETISTA,0.0,49.0,False,True,True,False,False
3800,VLE,CASSALA,22,5275.0,6,ESTETISTA,0.0,30.0,False,True,True,False,False
3801,VLE,CERTOSA,NOT-AVAILABLE,7174.0,8,ESTETISTA,0.0,49.0,False,True,True,False,False
3803,VLE,D'ANNUNZIO GABRIELE,3,5170.0,1,ESTETISTA,0.0,49.0,False,True,True,False,False
3805,VLE,DELL' INNOVAZIONE,13,1731.0,9,ESTETISTA,0.0,49.0,False,True,True,False,False
3804,VLE,DELLE RIMEMBRANZE DI LAMBRATE,9,2664.0,3,ESTETISTA,0.0,41.0,False,True,True,False,False
3806,VLE,ESPINASSE CARLO,30,7390.0,8,ESTETISTA,0.0,49.0,False,True,True,False,False
3807,VLE,FAMAGOSTA,48,5353.0,6,ESTETISTA,0.0,49.0,False,True,True,False,False
3808,VLE,LEGIONI ROMANE,65,6649.0,6,ESTETISTA,0.0,49.0,False,True,True,False,False
3809,VLE,LUCANIA,7,4173.0,4,ESTETISTA,0.0,50.0,False,True,True,False,False
3810,VLE,MOLISE,59,3178.0,4,ESTETISTA,0.0,39.0,False,True,True,False,False
3811,VLE,MONTE NERO,33,3062.0,1,ESTETISTA,0.0,48.0,False,True,True,False,False
3813,VLE,MONZA,82,2274.0,2,ESTETISTA,0.0,30.0,False,True,True,False,False
3814,VLE,PAPINIANO,38,5097.0,1,ESTETISTA,0.0,42.0,False,True,True,False,False
3815,VLE,REGINA MARGHERITA,28,3059.0,1,ESTETISTA,0.0,49.0,False,True,True,False,False
3816,VLE,ROMAGNA,50,3102.0,3,ESTETISTA,40.0,40.0,False,True,True,False,False
3817,VLE,SABOTINO,13,4046.0,5,ESTETISTA,0.0,102.0,False,True,True,False,False
3818,VIA,LAGRANGE GIUSEPPE,13,5205.0,5,ESTETISTA,0.0,42.0,False,True,True,False,False
3820,VLE,SAN MICHELE DEL CARSO,7,6212.0,1,ESTETISTA,0.0,49.0,False,True,True,False,False
3821,VLE,SARCA,198,1427.0,9,ESTETISTA,0.0,105.0,False,True,True,False,False
3822,VLE,STELVIO,41,1227.0,9,ESTETISTA,0.0,49.0,False,True,True,False,False
3824,VLE,UMBRIA,101,3145.0,4,ESTETISTA,0.0,49.0,False,True,True,False,False
3826,VLE,VITTORIO VENETO,18,2107.0,3,ESTETISTA,0.0,100.0,False,True,True,False,False
3827,VLE,VITTORIO VENETO,6,2107.0,3,ESTETISTA,0.0,49.0,False,True,True,False,False
3828,VLE,ZARA,9,1170.0,9,ESTETISTA,0.0,49.0,False,True,True,False,False
3832,PZA,BRUZZANO,4,1655.0,9,ACCONCIATORE,0.0,117.0,True,True,True,False,False
3829,CSO,VERCELLI,38,6193.0,7,ACCONCIATORE,0.0,268.0,True,True,True,False,False
3830,VIA,JACOPINO DA TRADATE,13,7292.0,8,ACCONCIATORE,0.0,60.0,True,True,True,False,False
3831,VIA,SARPI FRA' PAOLO,22,7210.0,8,ACCONCIATORE,0.0,56.0,True,True,True,False,False
3512,VIA,CADAMOSTO ALVISE,7,2152.0,3,ESTETISTA,0.0,58.0,False,True,False,False,True
3513,VLE,CASSIODORO,12,6359.0,8,ESTETISTA,0.0,35.0,False,True,False,False,True
3514,VLE,CONI ZUGNA,4,5110.0,7,ESTETISTA,33.0,81.0,False,True,False,False,True
2981,CSO,COMO,15,1111.0,9,ESTETISTA,0.0,43.0,False,True,True,False,False
2982,CSO,DI PORTA VIGENTINA,31,4026.0,1,ESTETISTA,0.0,43.0,False,True,False,False,False
2983,CSO,LODI,22,4068.0,5,ESTETISTA,0.0,11.0,False,True,False,False,False
2984,CSO,MAGENTA,25,604.0,1,ESTETISTA,0.0,15.0,False,True,False,False,False
2985,CSO,VENEZIA,14,238.0,1,ESTETISTA,0.0,43.0,False,True,True,False,False
2986,FOR,BUONAPARTE,71,711.0,1,ESTETISTA,0.0,21.0,False,True,True,False,False
2989,SIT,DELLA GUASTALLA,3,3015.0,1,ESTETISTA,0.0,43.0,False,True,False,False,False
2990,VIA,ABAMONTI GIUSEPPE,2,3135.0,3,ESTETISTA,0.0,15.0,False,True,False,False,False
2991,VIA,BALESTRIERI DOMENICO,5,7116.0,1,ESTETISTA,0.0,43.0,False,True,False,False,False
2992,VIA,CAMINADELLA,7,551.0,1,ESTETISTA,0.0,38.0,False,True,False,False,False
2993,VIA,DE ALESSANDRI GIOVANNI,7,6196.0,7,ESTETISTA,0.0,43.0,False,True,False,False,False
2994,VIA,DEGLI OROMBELLI,15,2579.0,3,ESTETISTA,0.0,43.0,False,True,False,False,False
2995,VIA,DEL DON,3,596.0,1,ESTETISTA,0.0,18.0,False,True,False,False,False
2996,VIA,DEL TORCHIO,NOT-AVAILABLE,556.0,1,ESTETISTA,6.0,25.0,False,True,False,False,False
2998,VIA,F.LLI INDUNO,17,7217.0,8,ESTETISTA,0.0,43.0,False,True,False,False,False
2997,VIA,FILIPPINO DEGLI ORGANI,9,3162.0,4,ESTETISTA,0.0,15.0,False,True,False,False,False
2999,VIA,GARIGLIANO,5,1134.0,9,ESTETISTA,0.0,16.0,False,True,True,False,False
3000,VIA,GIACOSA GIUSEPPE,57,2310.0,2,ESTETISTA,8.0,42.0,False,True,False,False,False
3001,VIA,GIOIA MELCHIORRE,77,1108.0,2,ESTETISTA,0.0,43.0,False,True,False,False,False
3002,VIA,GIOVIO PAOLO,19,6194.0,7,ESTETISTA,0.0,16.0,False,True,False,False,False
3003,VIA,KRAMER ANTONIO,13,3180.0,3,ESTETISTA,0.0,18.0,False,True,False,False,False
3004,VIA,MARGHERA,10,6280.0,7,ESTETISTA,0.0,43.0,False,True,False,False,False
3005,VIA,MARINETTI FILIPPO TOMMASO,2,2223.0,2,ESTETISTA,0.0,22.0,False,True,False,False,False
3006,VIA,MASOLINO DA PANICALE,9,7264.0,8,ESTETISTA,0.0,43.0,False,True,False,False,False
3007,VIA,MUSSI GIUSEPPE,12,7199.0,8,ESTETISTA,0.0,15.0,False,True,False,False,False
3008,VIA,OXILIA NINO,11,2287.0,2,ESTETISTA,0.0,24.0,False,True,False,False,False
3009,VIA,ALDINI ANTONIO,61,7461.0,8,ESTETISTA,0.0,43.0,False,True,False,False,False
3010,VIA,PETRARCA FRANCESCO,16,6182.0,1,ESTETISTA,0.0,16.0,False,True,False,False,False
3011,VIA,PIER LOMBARDO,3,4073.0,4,ESTETISTA,0.0,40.0,False,True,False,False,False
3012,VIA,POGGIBONSI,14,6601.0,7,ESTETISTA,0.0,43.0,False,True,False,False,False
3013,VIA,REMBRANDT,56,6618.0,7,ESTETISTA,0.0,43.0,False,True,False,False,False
3014,VIA,ROTTA PAOLO,10,1587.0,9,ESTETISTA,0.0,43.0,False,True,False,False,False
3015,VIA,SETTEMBRINI LUIGI,60,2127.0,3,ESTETISTA,0.0,51.0,False,True,False,False,False
3016,VIA,SOLFERINO,11,1028.0,1,ESTETISTA,0.0,43.0,False,True,False,False,False
3017,VIA,SOLFERINO,46,1028.0,1,ESTETISTA,0.0,43.0,False,True,False,False,False
3018,VIA,SPALLANZANI LAZZARO,36,2153.0,3,ESTETISTA,0.0,43.0,False,True,False,False,False
3019,VIA,SPALLANZANI LAZZARO,6,2153.0,3,ESTETISTA,0.0,19.0,False,True,False,False,False
3020,VIA,TEODOSIO,18,2550.0,3,ESTETISTA,0.0,36.0,False,True,False,False,False
3021,VIA,TORINO,57,543.0,1,ESTETISTA,0.0,32.0,False,True,False,False,False
3022,VIA,VESPRI SICILIANI,90,5137.0,6,ESTETISTA,0.0,9.0,False,True,False,False,False
3023,VIA,VITTANI GIOVANNI,2,7350.0,8,ESTETISTA,0.0,43.0,False,True,False,False,False
3024,VIA,WASHINGTON GIORGIO,76,6111.0,7,ESTETISTA,0.0,43.0,False,True,False,False,False
3025,VLE,BLIGNY,58,4045.0,5,ESTETISTA,0.0,34.0,False,True,False,False,False
3026,VLE,CONI ZUGNA,63,5110.0,1,ESTETISTA,0.0,15.0,False,True,False,False,False
3027,VLE,ETIOPIA,7,6131.0,6,ESTETISTA,0.0,43.0,False,True,False,False,False
3028,VLE,MONZA,87,2274.0,2,ESTETISTA,0.0,10.0,False,True,False,False,False
3029,VLE,PICENO,5,3114.0,4,ESTETISTA,0.0,43.0,False,True,False,False,False
3030,VLE,TIBALDI,24,5234.0,5,ESTETISTA,0.0,43.0,False,True,True,False,False
3032,VIA,CIVITALI MATTEO,25,6569.0,7,ACCONCIATORE,0.0,35.0,True,True,False,False,False
3033,VIA,SANTA RITA DA CASCIA,3,5301.0,6,ACCONCIATORE,0.0,27.0,True,True,False,False,False
3034,CSO,SAN GOTTARDO,26,5203.0,5,ESTETISTA,0.0,49.0,False,True,True,False,False
3035,PZA,CINCINNATO,4,2125.0,3,ESTETISTA,0.0,30.0,False,True,True,False,False
3036,VIA,ADIGE,7,4216.0,5,ESTETISTA,0.0,49.0,False,True,True,False,False
3037,VIA,ANDREA E PIETRO CASCELLA,8,4387.0,4,ESTETISTA,0.0,60.0,False,True,True,False,False
3038,VIA,BOSCOVICH RUGGERO,17,2131.0,2,ESTETISTA,0.0,49.0,False,True,True,False,False
3039,VIA,CIAIA IGNAZIO,4,1294.0,9,ESTETISTA,0.0,49.0,False,True,True,False,False
3040,VIA,DEI BIANCOSPINI,12,6711.0,6,ESTETISTA,0.0,59.0,False,True,True,False,False
3041,VIA,GALENO CLAUDIO,6,2447.0,2,ESTETISTA,19.0,27.0,False,True,True,False,False
3042,VLE,SAN MICHELE DEL CARSO,2,6212.0,7,ESTETISTA,0.0,30.0,False,True,True,False,False
3043,VIA,GOVONE GIUSEPPE,94,7222.0,8,ESTETISTA,0.0,49.0,False,True,True,False,False
3044,VIA,KRAMER ANTONIO,23,3180.0,3,ESTETISTA,0.0,49.0,False,True,True,False,False
3045,VIA,LAMBRATE,24,2421.0,3,ESTETISTA,0.0,33.0,False,True,True,False,False
3046,VIA,MAIOCCHI ACHILLE,15,2162.0,3,ESTETISTA,0.0,49.0,False,True,True,False,False
3047,VIA,MENOTTI CIRO,6,3184.0,3,ESTETISTA,0.0,71.0,False,True,True,False,False
3048,VIA,OZANAM FEDERICO,4,2143.0,3,ESTETISTA,0.0,116.0,False,True,True,False,False
3049,VIA,PACINI GIOVANNI,58,2571.0,3,ESTETISTA,0.0,49.0,False,True,True,False,False
3050,VIA,PALMA JACOPO,9,6605.0,7,ESTETISTA,0.0,20.0,False,True,True,False,False
3051,VIA,PARENZO,8,5367.0,6,ESTETISTA,0.0,49.0,False,True,True,False,False
3052,VIA,PLINIO CAIO SECONDO,42,2144.0,3,ESTETISTA,0.0,33.0,False,True,True,False,False
3053,VIA,RUBENS PIETRO,13,6597.0,7,ESTETISTA,0.0,49.0,False,True,True,False,False
3054,VIA,SANGIORGIO ABBONDIO,2,7138.0,1,ESTETISTA,0.0,49.0,False,True,True,False,False
3055,VIA,SCARLATTI DOMENICO,7,2136.0,3,ESTETISTA,0.0,19.0,False,True,True,False,False
3056,VIA,SEBASTIANO DEL PIOMBO,23,6397.0,8,ESTETISTA,0.0,85.0,False,True,True,False,False
3057,VIA,SLATAPER SCIPIO,17,1348.0,2,ESTETISTA,0.0,49.0,False,True,True,False,False
3058,VIA,TITO LIVIO,24,4086.0,4,ESTETISTA,0.0,44.0,False,True,True,False,False
3060,VIA,VAL TROMPIA,11,7494.0,8,ESTETISTA,0.0,49.0,False,True,True,False,False
3059,VIA,VALPARAISO,5,6093.0,6,ESTETISTA,0.0,49.0,False,True,True,False,False
3061,VIA,ZANELLA GIACOMO,50,3257.0,4,ESTETISTA,0.0,103.0,False,True,True,False,False
3063,PZA,GRAMSCI ANTONIO,5,7205.0,8,ESTETISTA,0.0,35.0,False,True,False,True,False
3064,PZA,NAPOLI,2,5131.0,6,ESTETISTA,0.0,51.0,False,True,False,True,False
3065,VIA,BERRA DOMENICO,3,2526.0,2,ESTETISTA,0.0,35.0,False,True,False,True,False
3066,VIA,CADORE,37,3077.0,4,ESTETISTA,0.0,35.0,False,True,False,True,False
3067,VIA,FOGAZZARO ANTONIO,14,3187.0,4,ESTETISTA,2.0,30.0,False,True,False,True,False
3068,VIA,GALLARATE,105,7420.0,8,ESTETISTA,0.0,36.0,False,True,False,True,False
3069,VIA,GIOVIO PAOLO,4,6194.0,7,ESTETISTA,0.0,35.0,False,True,True,True,False
3070,VIA,GOVONE GIUSEPPE,96,7222.0,8,ESTETISTA,0.0,35.0,False,True,False,True,False
3071,VIA,MADDALENA,1,401.0,1,ESTETISTA,0.0,35.0,False,True,False,True,False
3072,VIA,MECENATE,10,3323.0,4,ESTETISTA,0.0,35.0,False,True,False,True,False
3073,VIA,POLESINE,39,4159.0,4,ESTETISTA,0.0,41.0,False,True,False,True,False
3074,VIA,RONCHI,39,2655.0,3,ESTETISTA,0.0,35.0,False,True,False,True,False
3075,VIA,SACCONI GIUSEPPE,5,4177.0,4,ESTETISTA,0.0,35.0,False,True,False,True,False
3076,VIA,SANZIO RAFFAELLO,26,6283.0,7,ESTETISTA,0.0,36.0,False,True,False,True,False
3077,VIA,SOLFERINO,24,1028.0,1,ESTETISTA,0.0,15.0,False,True,False,True,False
3078,VIA,TEODOSIO,37,2550.0,3,ESTETISTA,0.0,35.0,False,True,False,True,False
3079,VIA,ZANELLA GIACOMO,60,3257.0,4,ESTETISTA,0.0,35.0,False,True,False,True,False
3080,VLE,ABRUZZI,83,2177.0,3,ESTETISTA,10.0,13.0,False,True,False,True,False
3081,VLE,FAMAGOSTA,25,5353.0,6,ESTETISTA,2.0,15.0,False,True,False,True,False
3082,VLE,RANZONI DANIELE,2,6297.0,7,ESTETISTA,0.0,35.0,False,True,False,True,False
3083,CSO,CONCORDIA,14,3116.0,4,ESTETISTA,0.0,98.0,False,True,True,True,False
3084,LGO,SCALABRINI GIOVANNI BATTISTA,5,5392.0,6,ESTETISTA,0.0,50.0,False,True,True,True,False
3085,VIA,BERGOGNONE AMBROGIO DA FOSSANO,43,5130.0,6,ESTETISTA,0.0,16.0,False,True,True,True,False
3086,VIA,BONGHI RUGGERO,9,5247.0,5,ESTETISTA,0.0,50.0,False,True,True,True,False
3087,VIA,CUSANI,10,719.0,1,ESTETISTA,7.0,54.0,False,True,True,True,False
3088,VIA,DANTE ALIGHIERI,4,612.0,1,ESTETISTA,0.0,49.0,False,True,True,True,False
3089,VIA,DEI TULIPANI,3,6713.0,6,ESTETISTA,0.0,32.0,False,True,True,True,False
3090,VIA,FERRIERI ENZO,12,6367.0,7,ESTETISTA,0.0,50.0,False,True,True,True,False
3091,VIA,FILZI FABIO,41,1190.0,2,ESTETISTA,0.0,44.0,False,True,True,True,False
3092,VIA,FRANCHETTI RAIMONDO,2,2115.0,2,ESTETISTA,0.0,56.0,False,True,True,True,False
3093,VIA,FRIULI,77,3199.0,4,ESTETISTA,0.0,50.0,False,True,True,True,False
3094,VIA,GOVONE GIUSEPPE,29,7222.0,8,ESTETISTA,0.0,50.0,False,True,True,True,False
3095,VIA,LORENZO DI CREDI,10,6547.0,7,ESTETISTA,0.0,89.0,False,True,True,True,False
3096,VIA,LORIA MOISE',76,6100.0,7,ESTETISTA,0.0,50.0,False,True,True,True,False
3097,VIA,MANGIAGALLI LUIGI,5,3202.0,3,ESTETISTA,3.0,63.0,False,True,True,True,False
3098,VIA,MARCO D'OGGIONO,10,5166.0,1,ESTETISTA,0.0,50.0,False,True,True,True,False
3099,VIA,PADOVA,324,2275.0,2,ESTETISTA,0.0,324.0,False,True,True,True,False
3100,VIA,PILO ROSOLINO,3,2189.0,3,ESTETISTA,0.0,50.0,False,True,True,True,False
3101,VIA,PLANA GIOVANNI ANTONIO,26,7177.0,8,ESTETISTA,0.0,54.0,False,True,True,True,False
3102,VIA,SAN MARCO,36,1036.0,1,ESTETISTA,0.0,157.0,False,True,True,True,False
3103,VIA,SCARPA ANTONIO,15,6191.0,7,ESTETISTA,0.0,50.0,False,True,True,True,False
3104,VIA,SOLARI ANDREA,12,5111.0,6,ESTETISTA,0.0,49.0,False,True,True,True,False
3105,VIA,SOTTOCORNO PASQUALE,1,3152.0,4,ESTETISTA,0.0,50.0,False,True,True,True,False
3106,VIA,TAVAZZANO,12,7335.0,8,ESTETISTA,0.0,8.0,False,True,True,True,False
3107,VIA,TRAIANO MARCO ULPIO,11,7157.0,9,ESTETISTA,0.0,50.0,False,True,True,True,False
3109,VIA,VERITA' DON GIOVANNI,4,1469.0,9,ESTETISTA,0.0,50.0,False,True,True,True,False
3110,VIA,VERRO BERNARDINO,7,4223.0,5,ESTETISTA,0.0,81.0,False,True,True,True,False
3111,VIA,VIOTTI GIOVANNI BATTISTA,25,2581.0,3,ESTETISTA,0.0,50.0,False,True,True,True,False
3112,VLE,CORSICA,NOT-AVAILABLE,3262.0,4,ESTETISTA,0.0,31.0,False,True,True,True,False
3113,VLE,ZARA,118,1170.0,2,ESTETISTA,0.0,112.0,False,True,True,True,False
3114,VIA,PACINI GIOVANNI,22,2571.0,3,ESTETISTA,2.0,72.0,False,True,True,True,False
3115,CSO,DI PORTA ROMANA,131,402.0,1,ESTETISTA,0.0,35.0,False,True,False,True,False
3116,CSO,MAGENTA,52,604.0,1,ESTETISTA,0.0,35.0,False,True,False,True,False
3117,PZA,DUCA D'AOSTA,9,1200.0,2,ESTETISTA,0.0,35.0,False,True,False,True,False
3118,VIA,ARISTOTELE,67,2488.0,2,ESTETISTA,0.0,35.0,False,True,False,True,False
3119,VIA,BOSCOVICH RUGGERO,26,2131.0,2,ESTETISTA,0.0,61.0,False,True,False,True,False
3120,VIA,LORENTEGGIO,157,5132.0,6,ESTETISTA,0.0,15.0,False,True,True,True,False
3121,VIA,MORIGI,1,633.0,1,ESTETISTA,0.0,26.0,False,True,False,True,False
3122,VIA,SETTEMBRINI LUIGI,18,2127.0,3,ESTETISTA,0.0,35.0,False,True,False,True,False
3123,VIA,SOLFERINO,12,1028.0,1,ESTETISTA,0.0,43.0,False,True,False,True,False
3124,VIA,VALLAZZE,20,2250.0,3,ESTETISTA,0.0,35.0,False,True,False,True,False
3125,VIA,ASTESANI ALESSANDRO,43,1558.0,9,ESTETISTA,0.0,50.0,False,True,True,True,False
3126,VIA,PALMANOVA,75,2390.0,2,ESTETISTA,0.0,53.0,False,True,True,True,False
3127,VIA,RAMAZZINI BERNARDINO,11,2161.0,3,ESTETISTA,0.0,50.0,False,True,True,True,False
3128,VIA,TRIESTE,19,6261.0,7,ESTETISTA,0.0,50.0,False,True,True,True,False
3129,VLE,UMBRIA,50,3145.0,4,ESTETISTA,0.0,36.0,False,True,True,True,False
3130,BST,DI PORTA VOLTA,9,1066.0,1,ESTETISTA,13.0,30.0,False,True,False,True,False
3131,CSO,BUENOS AIRES,10,2129.0,3,ESTETISTA,0.0,35.0,False,True,False,True,False
3132,CSO,DI PORTA VIGENTINA,18,4026.0,1,ESTETISTA,0.0,35.0,False,True,False,True,False
3133,PZA,IMPERATORE TITO,8,3216.0,4,ESTETISTA,0.0,58.0,False,True,False,True,False
3134,VIA,FABRIANO,2,1642.0,9,ESTETISTA,0.0,35.0,False,True,False,True,False
3135,VIA,FELTRE,1,2652.0,3,ESTETISTA,0.0,32.0,False,True,False,True,False
3136,VIA,GALILEI GALILEO,6,1102.0,2,ESTETISTA,0.0,90.0,False,True,False,True,False
3137,VIA,GIAMBELLINO,41,5136.0,6,ESTETISTA,0.0,35.0,False,True,False,True,False
3138,VIA,LOMAZZO PAOLO,45,7079.0,8,ESTETISTA,0.0,35.0,False,True,False,True,False
3139,VIA,MAIOCCHI ACHILLE,8,2162.0,3,ESTETISTA,0.0,43.0,False,True,False,True,False
3140,VIA,MAZZINI GIUSEPPE,20,516.0,1,ESTETISTA,0.0,35.0,False,True,False,True,False
3141,VIA,PONTI ANDREA,1,5293.0,6,ESTETISTA,0.0,35.0,False,True,False,True,False
3142,VIA,RICCARDI PADRE PLACIDO,19,2385.0,2,ESTETISTA,0.0,18.0,False,True,False,True,False
3146,VIA,S. GIOV. SUL MURO,8,609.0,1,ESTETISTA,0.0,35.0,False,True,False,True,False
3143,VIA,SANZIO RAFFAELLO,36,6283.0,7,ESTETISTA,0.0,30.0,False,True,False,True,False
3144,VIA,SEBENICO,3,1131.0,9,ESTETISTA,0.0,26.0,False,True,False,True,False
3145,VIA,SETTEMBRINI LUIGI,49,2127.0,2,ESTETISTA,0.0,35.0,False,True,False,True,False
3147,VIA,TRIVULZIO ANTONIO TOLOMEO,30,6277.0,7,ESTETISTA,0.0,40.0,False,True,False,True,False
3148,VIA,VICO GIAN BATTISTA,NOT-AVAILABLE,6219.0,1,ESTETISTA,0.0,35.0,False,True,False,True,False
3149,VIA,VIGEVANO,3,5116.0,6,ESTETISTA,0.0,35.0,False,True,False,True,False
3150,VIA,VITRUVIO,38,2134.0,2,ESTETISTA,0.0,72.0,False,True,False,True,False
3151,VLE,CAMPANIA,35,3100.0,4,ESTETISTA,0.0,65.0,False,True,False,True,False
3152,VLE,UMBRIA,22,3145.0,4,ESTETISTA,0.0,35.0,False,True,False,True,False
3153,CSO,VERCELLI,8,6193.0,7,ESTETISTA,0.0,50.0,False,True,True,True,False
3154,PLE,STAZIONE DI PORTA GENOVA,2,5120.0,6,ESTETISTA,0.0,50.0,False,True,True,True,False
3155,PZA,DELLA REPUBBLICA,1,1055.0,1,ESTETISTA,38.0,24.0,False,True,True,True,False
3156,PZA,FRATTINI PIETRO,19,5389.0,6,ESTETISTA,0.0,29.0,False,True,True,True,False
3157,PZA,PEREGO GIOVANNI,7,7531.0,8,ESTETISTA,0.0,50.0,False,True,True,True,False
3158,VIA,BRUNACCI VINCENZO,10,5241.0,5,ESTETISTA,0.0,15.0,False,True,True,True,False
3159,VIA,DELLE FORZE ARMATE,234,6643.0,7,ESTETISTA,0.0,50.0,False,True,True,True,False
3160,VIA,FERABOLI ACHILLE,35,5421.0,5,ESTETISTA,0.0,50.0,False,True,True,True,False
3161,VIA,PESTALOZZI GIOVANNI ENRICO,4,5294.0,6,ESTETISTA,0.0,50.0,False,True,True,True,False
3162,VIA,PONALE,48,1616.0,9,ESTETISTA,95.0,50.0,False,True,True,True,False
3164,VIA,S. GIOV. SUL MURO,14,609.0,1,ESTETISTA,0.0,50.0,False,True,True,True,False
3163,VIA,SAN MARCO,16,1036.0,1,ESTETISTA,0.0,50.0,False,True,True,True,False
3165,VIA,TERRUGGIA GIOVANNI,34,1533.0,9,ESTETISTA,0.0,50.0,False,True,True,True,False
3166,VIA,TRAU',2,1154.0,9,ESTETISTA,0.0,50.0,False,True,True,True,False
3167,VLE,ABRUZZI,92,2177.0,3,ESTETISTA,0.0,50.0,False,True,True,True,False
3168,VLE,ROMOLO,7,5284.0,6,ESTETISTA,0.0,50.0,False,True,True,True,False
2911,CSO,DI PORTA VIGENTINA,26,4026.0,1,ESTETISTA,0.0,96.0,False,True,True,True,False
2912,CSO,ITALIA,11,526.0,1,ESTETISTA,24.0,84.0,False,True,True,True,False
2913,LGO,TOSCANINI ARTURO,1,97.0,1,ESTETISTA,0.0,90.0,False,True,True,True,False
2914,PLE,CADORNA LUIGI,10,601.0,1,ESTETISTA,0.0,50.0,False,True,True,True,False
2915,PLE,LUGANO,22,1238.0,9,ESTETISTA,0.0,22.0,False,True,True,True,False
2916,PZA,BAZZI GIOVANNI ANTONIO,2,6102.0,6,ESTETISTA,0.0,52.0,False,True,True,True,False
2917,PZA,LUIGI DI SAVOIA,22,2260.0,2,ESTETISTA,0.0,50.0,False,True,True,True,False
2918,PZA,MONTE FALTERONA,6,6558.0,7,ESTETISTA,0.0,17.0,False,True,True,True,False
2919,PZA,MONTI GIOSIA,9,6332.0,7,ESTETISTA,0.0,9.0,False,True,True,True,False
2920,VIA,ARZAGA,11,6674.0,6,ESTETISTA,0.0,50.0,False,True,True,True,False
2921,VIA,BALDISSERA ANTONIO,4,2164.0,3,ESTETISTA,0.0,50.0,False,True,True,True,False
2922,VIA,BONI GIACOMO,45,6098.0,7,ESTETISTA,0.0,50.0,False,True,True,True,False
2923,VIA,BROCCHI GIAN BATTISTA,19,2562.0,3,ESTETISTA,0.0,41.0,False,True,True,True,False
2924,VIA,CALZECCHI TEMISTOCLE,2,3241.0,3,ESTETISTA,0.0,174.0,False,True,True,True,False
2925,VIA,CARCANO FILIPPO,4,6389.0,7,ESTETISTA,0.0,69.0,False,True,True,True,False
2926,VIA,CASTALDI PANFILO,42,2119.0,3,ESTETISTA,0.0,43.0,False,True,True,True,False
2927,VIA,CATALANI ALFREDO,35,2425.0,3,ESTETISTA,0.0,50.0,False,True,True,True,False
2928,VIA,COSSA PIETRO,5,3066.0,1,ESTETISTA,0.0,109.0,False,True,True,True,False
2929,VIA,DEGLI IMBRIANI,5,1266.0,9,ESTETISTA,0.0,50.0,False,True,True,True,False
2932,VIA,DEL RICORDO,57,2496.0,2,ESTETISTA,0.0,50.0,False,True,True,True,False
2930,VIA,DELLA COMMENDA,41,3146.0,1,ESTETISTA,0.0,50.0,False,True,True,True,False
2931,VIA,DELLE ASOLE,2,578.0,1,ESTETISTA,0.0,50.0,False,True,True,True,False
2933,VIA,FARINI CARLO,70,1114.0,9,ESTETISTA,0.0,50.0,False,True,True,True,False
2934,VIA,FAUCHE' GIOVANNI BATTISTA,40,7192.0,8,ESTETISTA,0.0,42.0,False,True,True,True,False
2935,VIA,FEZZAN,9,6677.0,6,ESTETISTA,0.0,50.0,False,True,True,True,False
2936,VIA,GAMBOLOITA,7,4160.0,4,ESTETISTA,0.0,50.0,False,True,True,True,False
2937,VIA,GARIGLIANO,4,1134.0,9,ESTETISTA,0.0,50.0,False,True,True,True,False
2938,VIA,GULLI TOMMASO,54,6634.0,7,ESTETISTA,0.0,50.0,False,True,True,True,False
2939,VIA,KORISTKA FRANCESCO,17,7241.0,8,ESTETISTA,0.0,90.0,False,True,True,True,False
2940,VIA,LARIO,9,1171.0,9,ESTETISTA,0.0,50.0,False,True,True,True,False
2941,VIA,LEOPARDI GIACOMO,26,6156.0,1,ESTETISTA,0.0,50.0,False,True,True,True,False
2942,VIA,LULLI GIOVANNI,5,2253.0,3,ESTETISTA,0.0,40.0,False,True,True,True,False
2943,VIA,MAESTRI CAMPIONESI,4,3197.0,4,ESTETISTA,0.0,50.0,False,True,True,True,False
2944,VIA,MEDA GIUSEPPE,35,5242.0,5,ESTETISTA,0.0,50.0,False,True,True,True,False
2945,VIA,MEDEGHINO,3,5335.0,5,ESTETISTA,0.0,31.0,False,True,True,True,False
2946,VIA,MERAVIGLI,NOT-AVAILABLE,614.0,1,ESTETISTA,0.0,50.0,False,True,True,True,False
2947,VIA,MURAT GIOACCHINO,85,1316.0,9,ESTETISTA,0.0,182.0,False,True,True,True,False
2948,VIA,OSTIGLIA,10,3285.0,4,ESTETISTA,0.0,157.0,False,True,True,True,False
2949,VIA,PADOVA,12,2275.0,2,ESTETISTA,0.0,50.0,False,True,True,True,False
2950,VIA,PAPI LAZZARO,9,4071.0,4,ESTETISTA,0.0,69.0,False,True,True,True,False
2951,VIA,PARRAVICINI RAFFAELE,18,1176.0,2,ESTETISTA,0.0,50.0,False,True,True,True,False
2952,VIA,PERGOLESI GIOVANNI BATTISTA,22,2231.0,2,ESTETISTA,0.0,51.0,False,True,True,True,False
2953,VIA,PICHI MARIO,3,5236.0,6,ESTETISTA,0.0,35.0,False,True,True,True,False
2954,VIA,PIRANESI GIOVANNI BATTISTA,22,3263.0,4,ESTETISTA,0.0,50.0,False,True,True,True,False
2955,VIA,PODGORA,11,3055.0,1,ESTETISTA,0.0,50.0,False,True,True,True,False
2956,VIA,PONTE NUOVO,8,2494.0,2,ESTETISTA,0.0,15.0,False,True,True,True,False
2957,VIA,QUARANTA BERNARDO,45,4271.0,5,ESTETISTA,0.0,50.0,False,True,True,True,False
2958,VIA,QUARENGHI GIACOMO,40,7478.0,8,ESTETISTA,0.0,50.0,False,True,True,True,False
2959,VIA,REDI FRANCESCO,23,2149.0,3,ESTETISTA,0.0,71.0,False,True,True,True,False
2960,VIA,REINACH ERNESTO,7,1496.0,9,ESTETISTA,3.0,43.0,False,True,True,True,False
2961,VIA,SCIESA AMATORE,21,3072.0,4,ESTETISTA,0.0,80.0,False,True,True,True,False
2962,VIA,SENATO,11,236.0,1,ESTETISTA,0.0,30.0,False,True,True,True,False
2963,VIA,SILVA GUGLIELMO,39,6400.0,8,ESTETISTA,0.0,45.0,False,True,True,True,False
2964,VIA,TEANO,2,1632.0,9,ESTETISTA,0.0,50.0,False,True,True,True,False
2965,VIA,TRECCANI DEGLI ALFIERI GIOVANNI,16,5462.0,5,ESTETISTA,0.0,55.0,False,True,True,True,False
2966,VLE,BLIGNY,25,4045.0,5,ESTETISTA,0.0,50.0,False,True,True,True,False
2967,VLE,CORSICA,12,3262.0,4,ESTETISTA,0.0,55.0,False,True,True,True,False
2968,VLE,CORSICA,42,3262.0,4,ESTETISTA,0.0,50.0,False,True,True,True,False
2969,VLE,LIGURIA,35,5264.0,6,ESTETISTA,0.0,50.0,False,True,True,True,False
2970,VLE,MONZA,112,2274.0,2,ESTETISTA,0.0,50.0,False,True,True,True,False
2971,VLE,MONZA,208,2274.0,2,ESTETISTA,0.0,48.0,False,True,True,True,False
2972,VLE,MONZA,27,2274.0,2,ESTETISTA,0.0,26.0,False,True,True,True,False
2973,VLE,REGINA MARGHERITA,4,3059.0,1,ESTETISTA,0.0,50.0,False,True,True,True,False
2974,VLE,STELVIO,66,1227.0,9,ESTETISTA,0.0,50.0,False,True,True,True,False
2975,VLE,TIBALDI,20,5234.0,5,ESTETISTA,0.0,50.0,False,True,True,True,False
2977,CSO,LODI,56,4068.0,4,ACCONCIATORE,0.0,40.0,True,True,True,True,False
2976,VIA,CESARE DA SESTO,18,5101.0,1,ACCONCIATORE,0.0,40.0,True,True,True,True,False
2978,VIA,VAL DI SOLE,22,4295.0,5,ESTETISTA,0.0,25.0,False,True,True,True,False
2979,CSO,MAGENTA,25,604.0,1,ACCONCIATORE,0.0,27.0,True,True,True,True,False
2980,VIA,GALVANI LUIGI,15,1179.0,9,ACCONCIATORE,0.0,40.0,True,True,True,True,False
3833,CSO,VENTIDUE MARZO,49,3074.0,4,CENTRO ABBRONZATURA,0.0,45.5,False,False,True,False,False
3834,CSO,VERCELLI,20,6193.0,7,CENTRO ABBRONZATURA,0.0,101.0,False,False,True,False,False
3835,PLE,BACONE FRANCESCO,12,2100.0,3,CENTRO ABBRONZATURA,0.0,45.5,False,False,True,False,False
3836,VIA,ACERBI ENRICO,34,1651.0,9,CENTRO ABBRONZATURA,0.0,45.0,False,False,True,False,False
3837,VIA,ADRIANO PUBLIO ELIO,100,2410.0,2,CENTRO ABBRONZATURA,0.0,45.5,False,False,True,False,False
3838,VIA,ALDROVANDI ULISSE,7,2145.0,3,CENTRO ABBRONZATURA,0.0,26.0,False,False,True,False,False
3839,VIA,BARI,NOT-AVAILABLE,5218.0,6,CENTRO ABBRONZATURA,0.0,29.0,False,False,True,False,False
3840,VIA,BERGOGNONE AMBROGIO DA FOSSANO,31,5130.0,6,CENTRO ABBRONZATURA,0.0,64.0,False,False,True,False,False
3841,VIA,BRIOSCHI FRANCESCO,5,5243.0,5,CENTRO ABBRONZATURA,0.0,45.5,False,False,True,False,False
3842,VIA,BRUSUGLIO,73,1550.0,9,CENTRO ABBRONZATURA,0.0,116.0,False,False,True,False,False
3843,VIA,CANONICA LUIGI,59,7121.0,1,CENTRO ABBRONZATURA,0.0,32.0,False,False,True,False,False
3844,VIA,CASCINA BELLARIA,1,6744.0,7,CENTRO ABBRONZATURA,0.0,45.5,False,False,True,False,False
3845,VIA,CASORETTO,8,2420.0,3,CENTRO ABBRONZATURA,0.0,45.5,False,False,True,False,False
3846,VIA,CINQUE MAGGIO,9,7459.0,8,CENTRO ABBRONZATURA,0.0,45.5,False,False,True,False,False
3847,VIA,EDOLO,44,1217.0,2,CENTRO ABBRONZATURA,0.0,45.5,False,False,True,False,False
3850,VIA,F.LLI ZOIA,43,6306.0,7,CENTRO ABBRONZATURA,0.0,45.5,False,False,True,False,False
3848,VIA,FACCHINETTI CIPRIANO,2,3365.0,4,CENTRO ABBRONZATURA,0.0,45.5,False,False,True,False,False
3849,VIA,FATEBENEFRATELLI,30,144.0,1,CENTRO ABBRONZATURA,0.0,50.0,False,False,True,False,False
3851,VIA,GIOIA MELCHIORRE,55,1108.0,2,CENTRO ABBRONZATURA,0.0,70.0,False,False,True,False,False
3852,VIA,GOZZI GASPARE,4,3104.0,3,CENTRO ABBRONZATURA,0.0,45.5,False,False,True,False,False
3853,VIA,LITTA MODIGNANI ALESSANDRO,7,1539.0,9,CENTRO ABBRONZATURA,0.0,45.5,False,False,True,False,False
3854,VIA,MAC MAHON,12,7221.0,8,CENTRO ABBRONZATURA,0.0,57.0,False,False,True,False,False
3855,VIA,MARGHERA,14,6280.0,7,CENTRO ABBRONZATURA,0.0,45.5,False,False,True,False,False
3856,VIA,MILLELIRE DOMENICO,19,6620.0,7,CENTRO ABBRONZATURA,0.0,29.0,False,False,True,False,False
3857,VIA,NOVARA,15,6624.0,7,CENTRO ABBRONZATURA,0.0,45.0,False,False,True,False,False
3858,VIA,ORNATO LUIGI,34,1591.0,9,CENTRO ABBRONZATURA,0.0,45.5,False,False,True,False,False
3859,VIA,PARENZO,6,5367.0,6,CENTRO ABBRONZATURA,0.0,45.5,False,False,True,False,False
3860,VIA,PIACENZA,4,4064.0,5,CENTRO ABBRONZATURA,0.0,69.0,False,False,True,False,False
3861,VIA,PIRANESI GIOVANNI BATTISTA,9,3263.0,4,CENTRO ABBRONZATURA,0.0,65.0,False,False,True,False,False
3862,VIA,PLINIO CAIO SECONDO,40,2144.0,3,CENTRO ABBRONZATURA,0.0,61.0,False,False,True,False,False
3863,VIA,PONTI ETTORE,21,5297.0,6,CENTRO ABBRONZATURA,0.0,40.0,False,False,True,False,False
3864,VIA,REMBRANDT,12,6618.0,7,CENTRO ABBRONZATURA,0.0,61.0,False,False,True,False,False
3865,VIA,RIVA DI TRENTO,1,4155.0,4,CENTRO ABBRONZATURA,0.0,45.5,False,False,True,False,False
3866,VIA,ROGOREDO,97,4373.0,4,CENTRO ABBRONZATURA,0.0,45.5,False,False,True,False,False
3867,VIA,RUBENS PIETRO,28,6597.0,7,CENTRO ABBRONZATURA,0.0,45.5,False,False,True,False,False
3868,VIA,SAN MAMETE,15,2413.0,2,CENTRO ABBRONZATURA,0.0,62.0,False,False,True,False,False
3869,VIA,SEBENICO,3,1131.0,9,CENTRO ABBRONZATURA,0.0,71.0,False,False,True,False,False
3870,VIA,TARTINI GIUSEPPE,12,1501.0,9,CENTRO ABBRONZATURA,0.0,45.5,False,False,True,False,False
3871,VIA,TORRE CARLO,37,5271.0,6,CENTRO ABBRONZATURA,0.0,45.5,False,False,True,False,False
3873,VIA,VAL TROMPIA,43,7494.0,8,CENTRO ABBRONZATURA,0.0,45.5,False,False,True,False,False
3872,VIA,VALTELLINA,18,1188.0,9,CENTRO ABBRONZATURA,0.0,45.5,False,False,True,False,False
3874,VIA,VERTOIBA,3,3212.0,4,CENTRO ABBRONZATURA,0.0,69.0,False,False,True,False,False
3875,VIA,VIGEVANO,8,5116.0,6,CENTRO ABBRONZATURA,0.0,126.0,False,False,True,False,False
3876,VIA,VIPACCO,4,2444.0,2,CENTRO ABBRONZATURA,0.0,45.5,False,False,True,False,False
3877,VIA,VITRUVIO,7,2134.0,3,CENTRO ABBRONZATURA,0.0,45.5,False,False,True,False,False
3878,VIA,WITTGENS FERNANDA,12,597.0,1,CENTRO ABBRONZATURA,0.0,45.5,False,False,True,False,False
3879,VLE,BEZZI ERGISTO,81,6272.0,7,CENTRO ABBRONZATURA,0.0,45.5,False,False,True,False,False
3880,VLE,CATERINA DA FORLI',36,6611.0,7,CENTRO ABBRONZATURA,0.0,45.5,False,False,True,False,False
3881,VLE,CORSICA,7,3262.0,4,CENTRO ABBRONZATURA,0.0,33.0,False,False,True,False,False
3882,VLE,FAMAGOSTA,21,5353.0,6,CENTRO ABBRONZATURA,0.0,45.5,False,False,True,False,False
3883,VLE,MONZA,265,2274.0,2,CENTRO ABBRONZATURA,0.0,45.5,False,False,True,False,False
3884,VLE,MONZA,8,2274.0,2,CENTRO ABBRONZATURA,0.0,45.5,False,False,True,False,False
3885,VLE,SARCA,336,1427.0,9,CENTRO ABBRONZATURA,0.0,45.5,False,False,True,False,False
3886,CSO,MAGENTA,66,604.0,1,ESTETISTA,0.0,49.0,False,True,True,False,False
3887,GLL,UNIONE,3,510.0,1,ESTETISTA,0.0,90.0,False,True,True,False,False
3888,PLE,F.LLI ZAVATTARI,6,6537.0,7,ESTETISTA,0.0,49.0,False,True,True,False,False
3889,VIA,FARINI CARLO,39,1114.0,9,ESTETISTA,0.0,49.0,False,True,True,False,False
3890,VIA,GESSI ROMOLO,48,6121.0,6,ESTETISTA,0.0,49.0,False,True,True,False,False
3891,VIA,PIRANESI GIOVANNI BATTISTA,26,3263.0,4,ESTETISTA,4.0,60.0,False,True,True,False,False
3892,VIA,SATTA SEBASTIANO,20,7352.0,8,ESTETISTA,34.0,37.0,False,True,True,False,False
3893,VIA,SPALLANZANI LAZZARO,15,2153.0,3,ESTETISTA,0.0,49.0,False,True,True,False,False
3894,VLE,MONTE NERO,60,3062.0,4,ESTETISTA,30.0,40.0,False,True,True,False,False
3895,VIA,CERADINI GIULIO,24,3109.0,3,TRATTAMENTO,0.0,26.0,False,False,False,True,False
3896,VIA,DURER ALBERTO,4,6602.0,7,TRATTAMENTO,0.0,43.0,False,False,False,True,False
3897,VIA,ZURETTI GIANFRANCO,31,1216.0,2,TRATTAMENTO,0.0,34.5,False,False,False,True,False
3898,VIA,CASARSA,9,1577.0,9,CENTRO ABBRONZATURA,0.0,65.0,False,False,True,True,False
3899,VIA,CENISIO,16,7184.0,8,CENTRO ABBRONZATURA,0.0,65.0,False,False,True,True,False
3900,VIA,DEGLI IMBRIANI,35,1266.0,9,CENTRO ABBRONZATURA,0.0,65.0,False,False,True,True,False
3901,VIA,POMA CARLO,58,3090.0,4,CENTRO ABBRONZATURA,0.0,65.0,False,False,True,True,False
3902,VIA,VARESE,4,1031.0,1,TRATTAMENTO,0.0,34.5,False,False,False,True,False
3903,VIA,WASHINGTON GIORGIO,52,6111.0,7,TRATTAMENTO,0.0,34.5,False,False,False,True,False
3904,VIA,SARPI FRA' PAOLO,1,7210.0,1,TRATTAMENTO,0.0,34.5,False,False,False,True,False
3905,CSO,DI PORTA TICINESE,4,541.0,1,CENTRO ABBRONZATURA,0.0,65.0,False,False,True,True,False
3906,VIA,CANDOGLIA,2,1518.0,9,CENTRO ABBRONZATURA,0.0,65.0,False,False,True,True,False
3907,VIA,NIRONE,NOT-AVAILABLE,640.0,1,CENTRO ABBRONZATURA,0.0,65.0,False,False,True,True,False
3908,VIA,MADONNINA,15,134.0,1,ESTETISTA,0.0,85.0,False,True,False,False,False
1090,VIA,ALBERTINELLI MARIOTTO,7,6561.0,7,TATUAGGI E PIERCING,0.0,67.0,False,False,False,False,True
1091,VIA,BARACCHINI FLAVIO,9,356.0,1,TATUAGGI E PIERCING,0.0,34.5,False,False,False,False,True
1092,VIA,BATTAGLIA NATALE,6,2268.0,2,TATUAGGI E PIERCING,0.0,30.0,False,False,False,False,True
1093,VIA,BROGGI GIUSEPPE,5,2150.0,3,TATUAGGI E PIERCING,0.0,15.0,False,False,False,False,True
1094,VIA,CREMA,4,4061.0,5,TATUAGGI E PIERCING,0.0,30.0,False,False,False,False,True
1095,VIA,DELLE FORZE ARMATE,105,6643.0,7,TATUAGGI E PIERCING,0.0,34.5,False,False,False,False,True
1096,VIA,ILLIRICO,11,3245.0,3,TATUAGGI E PIERCING,0.0,88.0,False,False,False,False,True
1097,VIA,LECCO,5,2110.0,3,TATUAGGI E PIERCING,0.0,40.0,False,False,False,False,True
1098,VIA,LODOVICO IL MORO,179,5290.0,6,TATUAGGI E PIERCING,3.0,58.0,False,False,False,False,True
1099,VIA,MILLELIRE DOMENICO,12,6620.0,7,TATUAGGI E PIERCING,0.0,39.0,False,False,False,False,True
1100,VIA,PARUTA PAOLO,66,2363.0,2,TATUAGGI E PIERCING,0.0,34.5,False,False,False,False,True
1101,VIA,POLLAIUOLO ANTONIO,2,1146.0,9,TATUAGGI E PIERCING,0.0,29.0,False,False,False,False,True
1102,VIA,RAVIZZA CARLO,8,6285.0,7,TATUAGGI E PIERCING,0.0,34.5,False,False,False,False,True
1103,VIA,SERCOGNANI GIUSEPPE,2,7281.0,8,TATUAGGI E PIERCING,0.0,34.5,False,False,False,False,True
1104,VIA,VIGEVANO,7,5116.0,6,TATUAGGI E PIERCING,0.0,34.5,False,False,False,False,True
1105,VLE,BRIANZA,19,2263.0,3,TATUAGGI E PIERCING,0.0,59.0,False,False,False,False,True
